{"type":"FeatureCollection","features":[{"type":"Feature","properties":{"name":"Bethel","kind":"township"},"geometry":{"type":"MultiPolygon","coordinates":[[[[-83.90807325687481,39.94472819570451],[-83.90974060550062,39.944821642044516],[-83.90989696895393,39.944830406506334],[-83.91002693181935,39.944837694383445],[-83.9108361297357,39.944883038019356],[-83.91197439850693,39.944946822364386],[-83.91208110309131,39.944952812710994],[-83.91218780857403,39.94495899658284],[-83.91300200292,39.94500607773692],[-83.91855068712256,39.94532688670957],[-83.91945225790126,39.94537898754203],[-83.92087466110192,39.94546117139191],[-83.92316751923647,39.94559841445469],[-83.9250896669078,39.94571343577348],[-83.92561865962578,39.94574508480102],[-83.9297237664381,39.9459905954969],[-83.92977708863674,39.94599378965695],[-83.92983044047978,39.94599681784177],[-83.92988379501776,39.945999848781206],[-83.93084416771833,39.94605438707365],[-83.93123805741085,39.94607674892488],[-83.93274288283547,39.94616219909014],[-83.93415605494826,39.946242428183155],[-83.94281726506635,39.94673372817426],[-83.9433031620069,39.94676126940856],[-83.94359151043332,39.9467776153611],[-83.94859670760077,39.947061203069545],[-83.94859694655263,39.94706121615448],[-83.95170267401812,39.94725463929125],[-83.95225640633903,39.94728910430855],[-83.9523283793596,39.947293595193],[-83.95240031195598,39.94729805921865],[-83.95802535205935,39.94764812621165],[-83.9621479517652,39.947904532479654],[-83.96273558291168,39.9479473129054],[-83.96744425698363,39.94829011523685],[-83.96744435130671,39.948290120057585],[-83.9674530784397,39.94829072953078],[-83.9675026896979,39.94829419491954],[-83.9738016261645,39.94873449206679],[-83.97426250682102,39.94876669544979],[-83.97854519529363,39.949065840752326],[-83.97948375510249,39.94913137384185],[-83.98120595396124,39.94925161202285],[-83.98384481709209,39.94943579336448],[-83.98394526311391,39.94944279633496],[-83.98410113608705,39.9494536736979],[-83.98611662590292,39.94959431622685],[-83.98625022784354,39.94960363582346],[-84.00536612645965,39.95062213274892],[-84.00565346877295,39.94790146168149],[-84.00566349486984,39.94780652374576],[-84.00612900274838,39.94339830913026],[-84.00613477352577,39.94334359998409],[-84.00692860486087,39.94338826002291],[-84.0074621250879,39.9434182771726],[-84.00802771517056,39.9434501056401],[-84.00857902204021,39.943481124159604],[-84.0091367904917,39.943512497355066],[-84.00923675321987,39.94351813038246],[-84.00949942599884,39.943532897879074],[-84.00977031297278,39.94354813714437],[-84.00994220021249,39.943557812943126],[-84.010410580005,39.94358415295491],[-84.01040545781126,39.94363890943026],[-84.01040287695145,39.94366628868456],[-84.0104003230411,39.94369368307968],[-84.01037424315177,39.94397199080668],[-84.01035580612887,39.9441691121066],[-84.01033733227507,39.9443662596983],[-84.01032569639719,39.94449064608173],[-84.01059248076521,39.94450545882319],[-84.01085927860795,39.94452026191957],[-84.01112606746757,39.94453505674821],[-84.01139287159852,39.94454986465912],[-84.01165966135643,39.944564669811996],[-84.01192646908066,39.94457946256493],[-84.01191206279846,39.94473348152392],[-84.01206752074994,39.94464199925592],[-84.01224038176343,39.9445403129681],[-84.01246109872704,39.944410473474655],[-84.01270227841454,39.944268575787774],[-84.01276043624433,39.944211872140755],[-84.01272914971963,39.94418718045746],[-84.01288572248039,39.94408976420046],[-84.01319710011744,39.94387067749519],[-84.01329810129809,39.94379958280984],[-84.01334711248168,39.943765100882835],[-84.0133706133078,39.94374856687977],[-84.01397604097839,39.943161870619534],[-84.01400752603078,39.9431636185957],[-84.01455928654966,39.94319422056854],[-84.0147235174482,39.942824743859276],[-84.01503097393903,39.942168919267324],[-84.01665997258704,39.94269298300653],[-84.01685782742669,39.94218822028741],[-84.01742448021633,39.94184005106013],[-84.01844774756321,39.9412834990903],[-84.01903992957493,39.941311309749985],[-84.01910856625251,39.940595340245515],[-84.01911379085422,39.94054057995698],[-84.01928143085928,39.940547195383964],[-84.01939881012419,39.94055182514939],[-84.01952718476817,39.940556888137074],[-84.02015227386538,39.94058154324937],[-84.02050565942004,39.94059549590247],[-84.02083409067446,39.940608454001236],[-84.02161878793974,39.94063988636862],[-84.02181786808143,39.940647859995586],[-84.02182265969516,39.94059307770913],[-84.02198408515508,39.93874736791155],[-84.02203976722797,39.93811071755779],[-84.0220956981342,39.937470934223626],[-84.02215066604643,39.93684253053354],[-84.02218950560605,39.936363195439526],[-84.02219915441052,39.93624411244082],[-84.02220724104471,39.93614431405118],[-84.02221302260187,39.936072956484324],[-84.02257021252177,39.93583210641051],[-84.02325197902519,39.93528544428876],[-84.02421659806211,39.934589651679154],[-84.0242340595146,39.93458245156673],[-84.02439927137345,39.93446586929189],[-84.02449316418526,39.93435636228059],[-84.024554760766,39.93429137228688],[-84.02460464062045,39.934238694053306],[-84.02466695765001,39.934154937252224],[-84.02470268095392,39.934106922866896],[-84.02478881322001,39.93398337793631],[-84.02485707619844,39.93389724165524],[-84.0249045871955,39.93383729129074],[-84.02507433374991,39.93366749524015],[-84.02514939158515,39.93358541501265],[-84.0252875605607,39.93343434046233],[-84.02547955119816,39.93322677945052],[-84.02576710551386,39.93287380139937],[-84.0259879410551,39.93265790042974],[-84.02600946199436,39.93265693331574],[-84.02623692530577,39.93043043259174],[-84.02651629147766,39.92775141961156],[-84.02652255992173,39.92769081976357],[-84.02675318530292,39.92545827223352],[-84.0267560230809,39.925430912561445],[-84.02676167617898,39.92537608433805],[-84.0269971443779,39.92309647948898],[-84.0270746034099,39.92234675194442],[-84.02729457926343,39.92036641139074],[-84.0273362952286,39.92000268064606],[-84.02740735556081,39.920007246350494],[-84.02744306269504,39.920009527480225],[-84.0286511036144,39.920086915673906],[-84.02872195823244,39.91945788388977],[-84.02854574021472,39.919446591138055],[-84.0285952086408,39.91900764124155],[-84.02864464023592,39.91856866441742],[-84.0286908531674,39.918158422560126],[-84.03146851768776,39.918336304270305],[-84.03141876988563,39.91877792201771],[-84.03225125572742,39.91883121086134],[-84.03213186693121,39.91976281021801],[-84.03360800016563,39.91987497307746],[-84.03290098561286,39.920746881629306],[-84.03235181044538,39.92141635549633],[-84.03234868251157,39.921414883918864],[-84.0323486672402,39.92141490252027],[-84.03219255351854,39.92160371749918],[-84.03201110371262,39.92182317311099],[-84.03186173993203,39.922003821019935],[-84.03169498207257,39.92220550501885],[-84.03161785541721,39.922298784390826],[-84.03133797990056,39.92265222619589],[-84.03132664405999,39.922666578637966],[-84.03027469799767,39.92399850013697],[-84.0292000101856,39.92535915046278],[-84.02910655754829,39.92546753242776],[-84.0287480057824,39.928615726088616],[-84.02803353700939,39.928587532080705],[-84.02798639701655,39.92858567351322],[-84.02881178437094,39.92905404883346],[-84.03014872275381,39.92912982588665],[-84.03311488346515,39.93209232996913],[-84.03421915279952,39.93318613825732],[-84.03513440492002,39.93323571415885],[-84.0358778596323,39.93327598335901],[-84.03600391123295,39.93336716465457],[-84.03630456568047,39.933584645602565],[-84.03683322422518,39.93396705028047],[-84.03691965024032,39.93403205849125],[-84.03692454605863,39.9339178317148],[-84.0369338714696,39.93370105786308],[-84.0367811695494,39.9336549236314],[-84.03681437397724,39.93309840083666],[-84.03684199447729,39.932636156204524],[-84.03687035249418,39.93216055818668],[-84.03685916218068,39.93214292475781],[-84.03675798403192,39.93198353554803],[-84.036457317008,39.931509995379976],[-84.03634794981711,39.93133774334883],[-84.03612866386975,39.9313163093716],[-84.03608236200505,39.9313117850629],[-84.0361765862952,39.930406789876415],[-84.03625112220926,39.929722658932214],[-84.03679079320104,39.92990747630536],[-84.03693463324096,39.93008059506929],[-84.03726650055133,39.93047998224639],[-84.03746526358772,39.930719152457655],[-84.03759164666673,39.93084621983843],[-84.03771070398459,39.930965919101325],[-84.03794933425328,39.9316351821429],[-84.03822111145767,39.93187325169161],[-84.03859956360203,39.93198346941994],[-84.03873468639044,39.93210423369672],[-84.038888996295,39.93224214760819],[-84.03892772087026,39.932388684020516],[-84.03896641849607,39.93253512781607],[-84.03916115348673,39.932980018891094],[-84.03940912533608,39.93340496435737],[-84.03959054280264,39.933533784617886],[-84.04024104254428,39.93399568153604],[-84.04053943952546,39.934179613268974],[-84.0407564185992,39.934313356381296],[-84.04072310188192,39.934622890798956],[-84.04068351761896,39.934990658788465],[-84.04067372238909,39.935081446559444],[-84.04066118280603,39.93519791344464],[-84.04064324434812,39.93535500008584],[-84.04064285627594,39.93535508205309],[-84.0414774217176,39.935416391467896],[-84.04176932387927,39.93543786755557],[-84.04177519436965,39.93555466859025],[-84.04184045607673,39.93684859735608],[-84.04181363058572,39.93696838392927],[-84.04180768284023,39.93699494895492],[-84.04141610181797,39.93672803637705],[-84.04152702938254,39.937121084471215],[-84.04144792104367,39.93730257434192],[-84.04091592525769,39.93707289583834],[-84.04051288532568,39.93689887798686],[-84.03901203404787,39.936226971861295],[-84.03797279016368,39.93576100612803],[-84.03788204954019,39.935720327178245],[-84.0375126290577,39.935554669279064],[-84.03720303816975,39.93541585695918],[-84.03716162942843,39.93543829805535],[-84.03704264307747,39.93550278275907],[-84.03680555252116,39.93569330705171],[-84.03702807240356,39.93600297505347],[-84.03732735602193,39.93590674427002],[-84.03749573713709,39.93570594578815],[-84.03788238910339,39.93587931576154],[-84.03795587848013,39.9359122615172],[-84.0389097851073,39.936339974246955],[-84.04049780351035,39.93705197748951],[-84.04122518287065,39.93738320642845],[-84.04185233090648,39.93766880366774],[-84.04224214943412,39.93787646692245],[-84.042561099869,39.93804637857627],[-84.043027033549,39.93823994635655],[-84.04324861918352,39.938323439180564],[-84.0433460962733,39.93835686934265],[-84.04361731742051,39.9384498856383],[-84.04373859986534,39.93848970751464],[-84.04397545596134,39.938554729337454],[-84.04439124029228,39.93869168044142],[-84.04462329309648,39.93873045525191],[-84.04487786666485,39.93878643403849],[-84.04534539754943,39.938874549875806],[-84.04540513910908,39.93822049131543],[-84.04557558904435,39.936488911958904],[-84.04564451228453,39.93578875979567],[-84.04565722614073,39.93565946506522],[-84.04566720193196,39.935558135312924],[-84.0457779929526,39.93443247649122],[-84.0458518209942,39.933682448776956],[-84.04597520370018,39.93242875051425],[-84.04602909992227,39.93188129109054],[-84.04609472454872,39.93121437596293],[-84.04615516409936,39.930600012108066],[-84.0463273109522,39.92882045537662],[-84.04681675713643,39.923760009140494],[-84.04737079937611,39.91833990965931],[-84.04756062058216,39.91648280466288],[-84.04829359015847,39.909310877079065],[-84.04838528119953,39.90830510437607],[-84.04839537287343,39.9081946797059],[-84.04840542681809,39.90808422798382],[-84.04851897925988,39.906838888170746],[-84.04861840120228,39.90574831048051],[-84.04908980202909,39.90057753674879],[-84.04912297681253,39.90021363544126],[-84.04914366321688,39.899986931644754],[-84.04917680566098,39.89962319397751],[-84.04918832475786,39.899497045885425],[-84.04923839775012,39.89894767328792],[-84.04925031480067,39.89881685277115],[-84.04933422014317,39.89789651224021],[-84.04934312604088,39.89779870619049],[-84.04935203463356,39.89770089862281],[-84.04949453977697,39.89613755197426],[-84.04957182273918,39.895289704524465],[-84.0496401378199,39.89454023774221],[-84.04966598774051,39.89426607591557],[-84.04969180352515,39.89399226862796],[-84.04971763997104,39.89371846576033],[-84.04974347551861,39.89344466042044],[-84.04976928591337,39.89317087121741],[-84.04979510888451,39.89289707058229],[-84.04982042610418,39.89262874272079],[-84.04998778763151,39.89085398547301],[-84.05003170716404,39.890388474649335],[-84.05011881769546,39.88946480001311],[-84.05027726883348,39.88778480777253],[-84.0503363618095,39.88715805108221],[-84.05057778494043,39.88459794041016],[-84.05058416297895,39.88453017076028],[-84.05065053320708,39.88382622476856],[-84.05087282222244,39.88146871596538],[-84.05102131553555,39.87989383975862],[-84.05102909045432,39.87981139382954],[-84.0509881820746,39.87980650075795],[-84.0509933249296,39.879723810001],[-84.0510099392708,39.87945559050846],[-84.05101161193384,39.879428409619095],[-84.05102778520222,39.87916758379684],[-84.05103593741343,39.87903607062872],[-84.05110208396107,39.87796865408883],[-84.05115133229988,39.87717432368537],[-84.05116265556404,39.87699175205268],[-84.05118064792087,39.8768029733614],[-84.05121611161164,39.87643087441388],[-84.05124160939268,39.87616328386943],[-84.05159587080475,39.87244577940121],[-84.05211924725559,39.866952676824965],[-84.05213859517016,39.8667496842378],[-84.05227023788518,39.86536789489022],[-84.05228891655487,39.86517182784243],[-84.05229293741408,39.865134928212186],[-84.05238643406885,39.86428066478363],[-84.05279317595814,39.860563511353305],[-84.0529459156076,39.85916752750331],[-84.05307525324557,39.85798538768199],[-84.05309057041949,39.85784540309619],[-84.05326037626268,39.85629330728068],[-84.05326667165619,39.856235868085776],[-84.05338392246203,39.855163865310914],[-84.05339413451017,39.855070791074986],[-84.05340431332067,39.854977714644086],[-84.05387539973711,39.85067111145897],[-84.05034045363561,39.850453981761085],[-84.05024845716738,39.85044833625151],[-84.04311716870798,39.850009974049385],[-84.04106643259365,39.8498838450182],[-84.03656957497748,39.8496070977212],[-84.03649848140759,39.84960273215606],[-84.03642543490025,39.84964037187021],[-84.03607966616087,39.84981843281106],[-84.03582064683017,39.84995183373002],[-84.03544150118641,39.85027596315849],[-84.03397008141228,39.85080175349738],[-84.03377293534339,39.85087217921291],[-84.03339812317256,39.851006124285846],[-84.03284788799304,39.851520078198824],[-84.03214655528441,39.851745971934044],[-84.03211215969051,39.85175705101947],[-84.0318495605734,39.85184163131245],[-84.0313582423001,39.85242250457573],[-84.03077939937205,39.85310683989239],[-84.03022816077439,39.853513783079016],[-84.03015114551012,39.85357063837252],[-84.0300554659492,39.85364127296123],[-84.02930121079227,39.853979770417915],[-84.02914403975352,39.853916631651444],[-84.0282231201619,39.85463032335314],[-84.02782575129429,39.85494433826169],[-84.02726251479766,39.85543738285612],[-84.02681391860266,39.85598751649108],[-84.0268011490509,39.85600317589453],[-84.0265274018411,39.85637200180968],[-84.02632154121564,39.856649361773826],[-84.02605962751309,39.857002237486086],[-84.02564472353114,39.85755253717958],[-84.0247555764528,39.85834310216804],[-84.02409408582368,39.85916391624263],[-84.02389859355323,39.859560132536494],[-84.0238101660916,39.85973935103085],[-84.02370332137002,39.85995589626089],[-84.02354350928434,39.860279789509846],[-84.0226253151813,39.86071011491295],[-84.02254114124254,39.86087309565195],[-84.02215965369085,39.86161173712244],[-84.02159400881095,39.86191541285885],[-84.0211268848632,39.86198840673391],[-84.02085815923584,39.86203039822521],[-84.01972818371131,39.86188342858277],[-84.01929205792909,39.86209977604497],[-84.01879082135673,39.862827860710404],[-84.01876356287777,39.8630857450892],[-84.01873851784764,39.863322698663],[-84.01847471229311,39.86330696784002],[-84.01849539330756,39.863330072441904],[-84.0185068971331,39.863351065022144],[-84.01871427231814,39.86372700315732],[-84.01914578614969,39.864218371187164],[-84.01937643668373,39.86451767490797],[-84.01935337154048,39.86473405957206],[-84.01919432751438,39.86516829274339],[-84.01883736396992,39.86549691206498],[-84.01841999501083,39.86565361386615],[-84.01786251761351,39.86579043771378],[-84.01735825282033,39.86581866860021],[-84.01691026029319,39.86584588866875],[-84.01649088449774,39.86589470315081],[-84.01649042096706,39.86589445355214],[-84.01648796587139,39.865894741073234],[-84.01597746497353,39.86562047228006],[-84.01553123044941,39.86560468889226],[-84.01530986580046,39.8657370221199],[-84.0149525321501,39.866065909689894],[-84.01456929018865,39.86648134574586],[-84.014409626325,39.866872197620495],[-84.0143674495241,39.86752072261149],[-84.01443737169086,39.868146377058494],[-84.01452896391723,39.868490871021784],[-84.01470321372616,39.868769500959885],[-84.01446794674986,39.86955038973396],[-84.01414483891185,39.870159440114065],[-84.01389650593977,39.870357044869344],[-84.01328363393043,39.87053767267127],[-84.01299574274648,39.87066961511718],[-84.01289519431674,39.87071566698573],[-84.01248106019098,39.87102331845995],[-84.01206399665907,39.871179990401934],[-84.01173288393356,39.87142204065451],[-84.01162536637383,39.87163951423207],[-84.01149381438869,39.87202999682629],[-84.01158305033407,39.8722663472781],[-84.01198747277328,39.87282288592312],[-84.01230630822383,39.87329404106286],[-84.01264730151914,39.87350571824542],[-84.01270911728878,39.87352990594228],[-84.01318458209394,39.87371485839694],[-84.0133550787416,39.873820559570795],[-84.01347387644635,39.87412159664716],[-84.01339685399559,39.874446579170595],[-84.01309492753364,39.87475305294465],[-84.01254826495402,39.87512885965981],[-84.01229406508482,39.87530347156201],[-84.01149001720997,39.87572433103001],[-84.01115512078047,39.875793453712255],[-84.01115266837975,39.87579339442386],[-84.01115220305243,39.87579349093979],[-84.01056284264904,39.87577940650526],[-84.01005557478788,39.87565635613069],[-84.00979912733382,39.875465273226226],[-84.0095394019273,39.875122942485746],[-84.00919196052487,39.87463045780831],[-84.00893130356539,39.874245031711254],[-84.00859126068762,39.874076712869076],[-84.0082235425126,39.87393016544707],[-84.00757639258867,39.873830321748706],[-84.00698694145542,39.87379480354674],[-84.00665279422087,39.87377758459924],[-84.00645915247992,39.87388808403088],[-84.0062661359664,39.874041854566904],[-84.006159531095,39.874302415155555],[-84.00611154848241,39.8746701272099],[-84.00609792014123,39.874781230505334],[-84.00606432135298,39.875056226536955],[-84.00599723516756,39.875331655790575],[-84.00596607620362,39.87539026477481],[-84.00585534267518,39.875509751416395],[-84.00573076431156,39.87559866565667],[-84.00557249463324,39.875662202250425],[-84.00545853345797,39.87568966177158],[-84.0045515458381,39.87563171348953],[-84.00324539092342,39.87554824901537],[-84.00329490606188,39.875028934977564],[-84.0033258871594,39.87470401588156],[-84.00336870176416,39.87425499238035],[-84.0020900137376,39.87403481079129],[-84.00201471178895,39.874024881085866],[-84.0019388400732,39.87402135046698],[-84.00186294139819,39.874024244193684],[-84.00178755876466,39.87403354156343],[-84.00171323148143,39.87404917606019],[-84.00164049130703,39.87407103583031],[-84.00156985864538,39.8740989644828],[-84.00129621833509,39.874224582276625],[-84.00055781754459,39.87456354765571],[-84.00022030162772,39.87462011870692],[-83.9997765293858,39.874694497189914],[-83.9994957348926,39.87469487085046],[-83.9988418691636,39.87456975167334],[-83.99867396505385,39.87453762162585],[-83.99837743836508,39.87443446756014],[-83.99837404542824,39.87443328659528],[-83.99837272939637,39.8744321793976],[-83.99763846534775,39.87381417968338],[-83.99704315360559,39.87368875900166],[-83.99631377010391,39.87388132152232],[-83.99627980313123,39.873887489356484],[-83.99624529373041,39.87388843733649],[-83.99621103937513,39.87388414355556],[-83.99617783164521,39.87387470723819],[-83.99613301236742,39.8738604134461],[-83.9960867577333,39.873851835044455],[-83.99603979353462,39.87384910663884],[-83.99599285669716,39.873852271041294],[-83.99594668371732,39.87386127859846],[-83.99590199910564,39.87387598797075],[-83.99585950401837,39.873896168350115],[-83.99581986525541,39.873921503081704],[-83.99578370479746,39.87395159463258],[-83.99553718821889,39.87421745027464],[-83.99498465964044,39.874932183495844],[-83.9950085844714,39.875359287105645],[-83.99501203759536,39.8754209287515],[-83.99470149808649,39.87572141831386],[-83.99433429644273,39.87538903349994],[-83.99431231017616,39.875369131103646],[-83.99365228739418,39.874771677353884],[-83.99301765639206,39.87419719524699],[-83.99299920769107,39.87436580541559],[-83.99299055960984,39.874360397652616],[-83.99297794995817,39.87435396748821],[-83.99261293481383,39.874165875778054],[-83.9921219129846,39.874050497100036],[-83.99165962197307,39.87394546087963],[-83.99112644580082,39.873874822371135],[-83.99069670614193,39.87385814394829],[-83.99029634318948,39.87389636670683],[-83.98995363501027,39.874000393695106],[-83.98962659883952,39.87417066652919],[-83.98945749547885,39.87432794279285],[-83.98929087775657,39.87458458505747],[-83.98920363607114,39.87478722492273],[-83.9892022939881,39.87479108354864],[-83.9890892778405,39.87533780734406],[-83.98904795982904,39.87553821614687],[-83.98903426321588,39.87585286476223],[-83.98856028602084,39.87582518952449],[-83.98860920108469,39.876517291859955],[-83.9885930673422,39.87653667894714],[-83.98853144021876,39.876586002865594],[-83.9884718100502,39.876635330884895],[-83.98843186017288,39.876671832065924],[-83.98662564997046,39.877887259215484],[-83.98666867657762,39.877899836236026],[-83.98627748811916,39.878172293890806],[-83.98640570286302,39.87865326546078],[-83.98655396171583,39.879209422074595],[-83.98658559319362,39.87922048707495],[-83.98775407230787,39.87962921250206],[-83.98766404584504,39.87998544370262],[-83.98760070024446,39.88023603363068],[-83.98568480484752,39.88122262093543],[-83.98495123519662,39.88149706517042],[-83.98469252398806,39.881801952977945],[-83.98455352946077,39.88193971244621],[-83.98419993639527,39.882290163295025],[-83.98356116146472,39.88237499064812],[-83.98297937835075,39.882452236616466],[-83.98256125570512,39.88151478057408],[-83.98238026493831,39.8811089809412],[-83.98195515250147,39.88165684279426],[-83.98151874913981,39.88221924592873],[-83.98087017269118,39.882408133790136],[-83.98053986934775,39.88250433222064],[-83.97968340657272,39.88320082225769],[-83.97933871042179,39.883481128843826],[-83.97887011413528,39.88386218652163],[-83.97807605732304,39.88452288335621],[-83.97710251711703,39.88487065751496],[-83.97692091190257,39.88493553035752],[-83.97589738045097,39.8850956563402],[-83.97489702373711,39.88520829988531],[-83.97476872275497,39.88526895317687],[-83.97438310654623,39.88545124635203],[-83.97405297478099,39.88567967874409],[-83.97407204331954,39.885501619869146],[-83.97408628790498,39.88536872783507],[-83.97403682217386,39.88537595931565],[-83.97402863941994,39.88537661001787],[-83.97337271834557,39.88543703086557],[-83.97279786124244,39.88555545433186],[-83.97242896537607,39.88565536436529],[-83.97242717952528,39.8856550927809],[-83.9724260467497,39.88565540089821],[-83.97213643259705,39.885611543455404],[-83.97184582760264,39.88550399451438],[-83.97130120779195,39.88509789244899],[-83.97065597756777,39.88480424883061],[-83.97009640619753,39.88466822321859],[-83.96925418531302,39.884678788277505],[-83.96859668949196,39.88478258177796],[-83.96777792272118,39.88504680658155],[-83.96712409741636,39.88532489295593],[-83.96651158832641,39.885618658418565],[-83.96583474548908,39.88578582537514],[-83.96532119660745,39.88587159618861],[-83.96466401250179,39.8859910128706],[-83.9643964070736,39.88601028009905],[-83.96439503624445,39.88601020703358],[-83.96439348844721,39.88601031663178],[-83.96367131302739,39.8859715664195],[-83.96309142715529,39.88585196290378],[-83.96265486479183,39.8856668687884],[-83.96205397271513,39.88553132050601],[-83.96132780428384,39.88530206045485],[-83.96072625464035,39.88513493781285],[-83.96020637173767,39.884919023504985],[-83.95994041381971,39.88490655185735],[-83.9595924451062,39.88499037165309],[-83.9592665057784,39.88518497931731],[-83.95892524658174,39.88561782160741],[-83.95836470952254,39.88640318438449],[-83.95798142983185,39.88682089668037],[-83.95745021737679,39.88703397547745],[-83.95701995220347,39.88716617499845],[-83.9570177082119,39.88716600612358],[-83.95701702998385,39.88716621359846],[-83.95648014017621,39.88712538515403],[-83.95583993782267,39.88706964604779],[-83.95517041355994,39.88690718592189],[-83.95515438402201,39.88689063749751],[-83.95505419491838,39.88678949957265],[-83.95506476808926,39.88669113037658],[-83.95489698884535,39.886397776192105],[-83.95451309021541,39.88643957490446],[-83.95415636652115,39.88680323779071],[-83.95403246369064,39.8872192547659],[-83.95406741803666,39.88737230268064],[-83.95431214247624,39.88844381048466],[-83.95424723560372,39.88851231309745],[-83.95369106345848,39.889099301945386],[-83.95341672246228,39.88938883846031],[-83.95316955460513,39.88946206777803],[-83.95247797400722,39.889666961674],[-83.95058994075715,39.88980888845065],[-83.95021929317596,39.889928393391926],[-83.94994508782538,39.89001680232161],[-83.9494880465684,39.890257671567824],[-83.94859270740281,39.890298710436916],[-83.94825393025128,39.89009775890445],[-83.94809042159822,39.88968471356534],[-83.9482027559245,39.88950596549175],[-83.94848625344838,39.889054856693875],[-83.94848189212766,39.88887104016836],[-83.9481823210484,39.888637956184716],[-83.947855699001,39.888590994795315],[-83.94767681478352,39.88856527464656],[-83.9467023034987,39.88873845311917],[-83.94555383256078,39.89016820769927],[-83.94518043074494,39.8905218056558],[-83.94516919641399,39.89062767667133],[-83.94511219830922,39.89116481431907],[-83.94479474806086,39.891594521406816],[-83.94405334959225,39.89212715490704],[-83.94366931621504,39.89225269280836],[-83.94236676623957,39.89239287736497],[-83.94207648823192,39.8924042765833],[-83.94175206166706,39.89241701428915],[-83.94065002823943,39.89246027877405],[-83.93972781956539,39.892376277193854],[-83.93901839213775,39.892093438883784],[-83.93840808122529,39.89173913842884],[-83.93697325881584,39.89109454644164],[-83.93678269380473,39.89100893310766],[-83.93654220312507,39.891169747934825],[-83.93557931065013,39.891813615514394],[-83.93558999700875,39.891712491055635],[-83.93559507069347,39.89166450825106],[-83.93549058045625,39.891726885821534],[-83.93548030103446,39.891735506137856],[-83.93547761866502,39.891737755814844],[-83.93506002692372,39.89208991344312],[-83.9341641793117,39.89268897797709],[-83.93413983406917,39.892922916612804],[-83.93413325031646,39.89298620143887],[-83.93413217952464,39.8929964853899],[-83.93293485550662,39.89379040505994],[-83.9328972565204,39.8938153354716],[-83.93287577690364,39.89402653646864],[-83.9320748318098,39.89441600595275],[-83.93168018753245,39.89461324927981],[-83.93137901475704,39.89467959746073],[-83.93126408519791,39.89470491626309],[-83.93114872534574,39.89473033016692],[-83.93052232919982,39.89506788607043],[-83.93037566934822,39.89520481320299],[-83.930326257516,39.89525094577344],[-83.93002085277728,39.89553607987766],[-83.93000147431997,39.89561096153328],[-83.9298897984588,39.89604249123864],[-83.92965926380744,39.896257718535],[-83.92912246922121,39.89661055660356],[-83.92846376157281,39.896415553385815],[-83.92718995229657,39.89602152175854],[-83.92458444271391,39.89701958015824],[-83.92405925975102,39.89739574864512],[-83.92343273694264,39.89784449518269],[-83.92341346987644,39.89785829527876],[-83.92340793715259,39.897862258050566],[-83.92240909948987,39.89857765589642],[-83.92230196551077,39.898654386717],[-83.92181866200643,39.898795579527544],[-83.92137740774226,39.89909502042955],[-83.92077852789178,39.899447221577134],[-83.91970412394735,39.900079060066226],[-83.91923568127278,39.9004855992033],[-83.91922601629864,39.90049107657758],[-83.9187102925957,39.90078331122799],[-83.91851220329576,39.90083526403146],[-83.9183316545001,39.90088261673739],[-83.91826387481527,39.900878586603845],[-83.91776472592764,39.900848905021235],[-83.91776668605159,39.90099694204499],[-83.91744752900419,39.90104799741887],[-83.91745375073585,39.90106390427673],[-83.91714519111386,39.901080131583456],[-83.91625938037849,39.90132668734953],[-83.91625728999882,39.901327285525525],[-83.91623254859927,39.90129169818044],[-83.91554174684072,39.9015127315434],[-83.91553614225167,39.901514652179266],[-83.91519689348462,39.90163089982152],[-83.91497515244157,39.901706880885726],[-83.91453960158114,39.901856123424835],[-83.91445879452806,39.90187587685966],[-83.91414647815152,39.90195222151632],[-83.91407116160148,39.90197063179674],[-83.91370625694994,39.902059830792865],[-83.91360651520729,39.90208421171215],[-83.91356225611156,39.9020950304451],[-83.91362934229699,39.902396784817455],[-83.9136869126286,39.9026557353536],[-83.91369183000647,39.902677851582204],[-83.91371045208231,39.90276161036734],[-83.91367256833013,39.902855353818694],[-83.9134056357401,39.90351588137662],[-83.9131667296886,39.903823245801284],[-83.91305110034186,39.903972007551346],[-83.91279082336976,39.90412196803812],[-83.91266835604706,39.90419252714754],[-83.91178821547778,39.90435623081013],[-83.91118508210444,39.904978860990354],[-83.91046177570566,39.90527134731819],[-83.9102119398521,39.90537547072721],[-83.90924185815993,39.905779761611846],[-83.9088240238735,39.90593634931755],[-83.90896749560417,39.9059750145099],[-83.90827879500507,39.906228461514566],[-83.90714736690472,39.90662094188376],[-83.90670795418687,39.90664625971972],[-83.90608918653435,39.906793435950924],[-83.90534139026427,39.90694188116305],[-83.90477393797403,39.90720607360835],[-83.90457020366085,39.907277307599244],[-83.90436395855646,39.9073766822521],[-83.90417653405558,39.9074713103708],[-83.90387339396969,39.907617907380896],[-83.90323917259931,39.90790244496806],[-83.90198093741515,39.90834581408708],[-83.90187445381632,39.908359486657105],[-83.90104616220859,39.90838915878446],[-83.90104557291376,39.908389109171274],[-83.90104324268393,39.90838919185991],[-83.90000581519321,39.90830192361666],[-83.8994606590883,39.90822881503333],[-83.89878576559515,39.90815697357939],[-83.89821419183437,39.90806413111229],[-83.89745955669005,39.90787380348907],[-83.89624419719607,39.90769064106817],[-83.89604750926799,39.91006454334692],[-83.89601923748938,39.910405489644674],[-83.89592746200667,39.91151319302424],[-83.89592284556444,39.91156912034188],[-83.89591819229126,39.91162504692479],[-83.89578912863944,39.91318271889419],[-83.89574114423024,39.91376177186682],[-83.89571820664777,39.91403832650058],[-83.8956942979865,39.914326779946265],[-83.89568847331017,39.91439719005407],[-83.8956666810797,39.9146436675798],[-83.89553861096459,39.91609142324527],[-83.89552704066372,39.91622200063579],[-83.8951871999069,39.92006274302524],[-83.89494333425672,39.9228185994259],[-83.89487865555627,39.92354931796793],[-83.89486874713869,39.92366153524976],[-83.89485869229571,39.92377526452056],[-83.89479369199839,39.92450961236238],[-83.89467081684055,39.925898050853654],[-83.89463023185434,39.926356540376524],[-83.89443641673853,39.92854660225233],[-83.89436827143939,39.92931654129547],[-83.89436341604528,39.92937134363063],[-83.89435834505551,39.92942614867735],[-83.89428661547838,39.93020417253199],[-83.89416141907387,39.931561475067994],[-83.89412718248175,39.93193265821921],[-83.89411413714718,39.932073962226156],[-83.89407321349613,39.932517711464875],[-83.89402851692084,39.93300252209125],[-83.89402470267414,39.93304361939482],[-83.89398304779442,39.933495248638515],[-83.89394118540386,39.93394913834708],[-83.89389952603256,39.934400720975844],[-83.89385787025452,39.934852300625096],[-83.89384366609325,39.93500654743197],[-83.89381999458719,39.93526312161631],[-83.89381032691811,39.93536800601536],[-83.8937820784957,39.9356739428967],[-83.89377698774298,39.9357294613121],[-83.89374361443186,39.93609091952137],[-83.8937102743584,39.936452375821624],[-83.89370628943179,39.93649561043234],[-83.89369154089147,39.93665563039565],[-83.89368657500457,39.93670941709339],[-83.89367512058638,39.9368336231587],[-83.89365997678733,39.93699792863434],[-83.89364488329392,39.9371612453129],[-83.89363601153218,39.937257717472185],[-83.89360893810614,39.93755103919634],[-83.89357661312894,39.93790147703077],[-83.89357131666203,39.93795880924814],[-83.8935578958317,39.93810417697147],[-83.89352660840866,39.93844348146074],[-83.89348230799044,39.93892367258233],[-83.89347480885445,39.93900508381691],[-83.89343800847053,39.939403865844405],[-83.89342156930081,39.93958243277114],[-83.89339411768405,39.939879604313745],[-83.89338366039583,39.9399931723336],[-83.89335623303356,39.94029034346996],[-83.89334211421225,39.940443543518775],[-83.89327161442876,39.94120757501577],[-83.89322270655141,39.94173754307812],[-83.89317345551765,39.942271631156174],[-83.89314496993998,39.94258009648699],[-83.89312276897606,39.9428209062818],[-83.89310052129973,39.943062048571015],[-83.89307198182316,39.94337147454612],[-83.89306263305599,39.943472783087024],[-83.89302471247291,39.94388352064704],[-83.89309587970466,39.943887507616004],[-83.89416298483741,39.94394747534756],[-83.89484235912721,39.94398566039583],[-83.89657377110751,39.944082897735825],[-83.89697002247092,39.944105156924586],[-83.89736627473262,39.944127409218964],[-83.89854012038238,39.944193314122536],[-83.89873973861494,39.944204523590386],[-83.89931863095032,39.94423704522423],[-83.89996958254454,39.94427356205354],[-83.90061632373502,39.944309880514815],[-83.90085541034789,39.944323295213735],[-83.90104680540233,39.94433403495999],[-83.90161112706382,39.944365702532096],[-83.9025469784521,39.94441824004942],[-83.90493461873058,39.944552172519394],[-83.90522876398552,39.944568666383184],[-83.90807325687481,39.94472819570451]],[[-83.94190631587608,39.920077047783266],[-83.94192123689297,39.91993857060007],[-83.94194545906628,39.91971379777206],[-83.94130256086858,39.91968112186996],[-83.94081532903151,39.91965633177129],[-83.94087443907551,39.918482546633136],[-83.94088004007132,39.91837084448173],[-83.94110179099584,39.91834519476102],[-83.94121398248998,39.91833222900237],[-83.94135687211232,39.918315729504215],[-83.9416290607451,39.9182842414122],[-83.94164120596776,39.918171800357825],[-83.94174616692217,39.917198066650194],[-83.94140759728147,39.9172041496825],[-83.94133545986924,39.917205449793634],[-83.9407943704376,39.91721520234894],[-83.94078572145806,39.91733125110507],[-83.94046967707311,39.91736261768553],[-83.94024956287906,39.91738445701869],[-83.93992871160903,39.91741632170812],[-83.93989270353917,39.91741989269649],[-83.93986711143505,39.91768723814455],[-83.93961904705924,39.917712606319704],[-83.93937098178509,39.9177379744854],[-83.93937104287052,39.91773992704838],[-83.9393710994644,39.917741875477375],[-83.93937114977004,39.91774382804019],[-83.9393711928892,39.91774577646912],[-83.93937123331338,39.91774772903183],[-83.93937126834766,39.91774968228347],[-83.93937129889038,39.917751632779094],[-83.9393713231449,39.917753583274724],[-83.93937134290783,39.9177555365262],[-83.93937135728088,39.9177574877107],[-83.93937136626403,39.9177594388951],[-83.9393713698573,39.91776139007949],[-83.93937136806066,39.91776334126378],[-83.93937136177246,39.91776529451497],[-83.93937135009435,39.91776724776611],[-83.93937133302636,39.917769194816394],[-83.93937131326342,39.91777114806743],[-83.93937128541566,39.91777309994042],[-83.93937125307632,39.91777504905751],[-83.93937121714369,39.91777700299731],[-83.93937117402457,39.91777895487019],[-83.93937112551554,39.91778090674296],[-83.93937107431157,39.91778285654876],[-83.9393710177177,39.91778480842142],[-83.93937095663227,39.917786758227116],[-83.93937088925863,39.91778870803275],[-83.93937081469844,39.9177906599053],[-83.93937073744333,39.91779261039976],[-83.93937065210338,39.91779456227219],[-83.9393705649668,39.91779651069963],[-83.93937046884706,39.9177984632609],[-83.9393703763206,39.917800413066196],[-83.93937026762445,39.9178023594266],[-83.9393701589283,39.9178043119877],[-83.93937004484225,39.91780626110384],[-83.93936992536632,39.917808209530946],[-83.93936980409376,39.917810162091925],[-83.93936967653299,39.917812108452004],[-83.93936953639579,39.91781405756793],[-83.93936939895356,39.91781600668379],[-83.9393692543248,39.91781795304371],[-83.93936910610279,39.917819902159515],[-83.93936894979592,39.9178218492083],[-83.93936878899748,39.91782380039087],[-83.9393686255041,39.91782574537263],[-83.93936845392588,39.91782769311019],[-83.93936827965271,39.91782964015876],[-83.93936810088799,39.91783158514036],[-83.93936791583504,39.91783353494471],[-83.93936772359555,39.917835480615146],[-83.93936754123756,39.917837429730454],[-83.93930589165623,39.918441821588594],[-83.93929441747511,39.91855417125562],[-83.93923932020547,39.91856055869196],[-83.93913010303324,39.91857277205289],[-83.93905262603492,39.91858143928683],[-83.93897382851316,39.91859025740402],[-83.93898526855828,39.91847801596451],[-83.93905083299762,39.91783508307559],[-83.93905098930446,39.91783351427542],[-83.93905114740795,39.91783193996341],[-83.93905129742663,39.917830365651376],[-83.93905144295368,39.9178287885834],[-83.93905158309089,39.917827214271284],[-83.93905172502468,39.917825636514294],[-83.93905185797536,39.91782406426902],[-83.93905199002769,39.917822483756],[-83.93905211669016,39.917820907376836],[-83.93905223526778,39.91781933375353],[-83.9390523547437,39.91781775530737],[-83.93905246882974,39.91781617755011],[-83.93905257662759,39.91781459910382],[-83.93905268262877,39.91781302341346],[-83.93905278593505,39.91781144152226],[-83.93905288654635,39.917809865831764],[-83.9390529772762,39.917808290141295],[-83.93905306710772,39.917806712383815],[-83.93905314975272,39.91780513255939],[-83.93905323239774,39.91780355273492],[-83.93905330965285,39.9178019770443],[-83.93905338421303,39.91780039584179],[-83.93905345607826,39.91779882015109],[-83.93905351985862,39.91779724032648],[-83.93905358363901,39.91779566119077],[-83.93905364023288,39.917794082055075],[-83.93905369413179,39.91779250085243],[-83.93905374264082,39.91779092309459],[-83.93905378755657,39.91778934189182],[-83.9390538288791,39.9177877648229],[-83.93905386391339,39.917786185687014],[-83.93905389894768,39.9177846065511],[-83.9390539294904,39.91778302741515],[-83.93905395104996,39.91778144896811],[-83.93905397350784,39.9177798656982],[-83.93905399057583,39.91777828862905],[-83.93905400225393,39.917776708114985],[-83.93905400944045,39.91777513173476],[-83.93905401572867,39.9177735484647],[-83.93905401662698,39.91777197001749],[-83.93905402291517,39.917770389503275],[-83.93870863865476,39.917805705099326],[-83.93835525130345,39.91784186122877],[-83.9380018262229,39.91787798840215],[-83.93793546857118,39.91788478859834],[-83.93764840024403,39.91791411693439],[-83.93754529071741,39.91792468789211],[-83.9372959749884,39.91795017586104],[-83.93694350841027,39.91798620720968],[-83.93659107866306,39.91802223371656],[-83.93662011939955,39.91774864537212],[-83.93664915833942,39.91747502561948],[-83.93667975316137,39.91718691821229],[-83.936697656585,39.91700604125426],[-83.93670746439126,39.91690612180319],[-83.93671998870295,39.91677876742221],[-83.93672815169394,39.91669594281787],[-83.93676276468015,39.91634346034968],[-83.9367670999497,39.91629964183602],[-83.93680312598586,39.915932808989595],[-83.93681349883246,39.91582747176764],[-83.93684348369833,39.91552213105219],[-83.93685188294624,39.915436696370705],[-83.9368884102423,39.91506494009812],[-83.93690523299263,39.914893769770174],[-83.93692019802695,39.914741563959595],[-83.9370405659868,39.91346835647065],[-83.93732577480132,39.910450884343895],[-83.93816020459738,39.910495069040145],[-83.93936123865753,39.91055867389534],[-83.9405622763109,39.91062226697759],[-83.94328533314345,39.91076641594812],[-83.94678341328401,39.91095145813129],[-83.94659958563753,39.91276436041069],[-83.94652388281192,39.91351106747315],[-83.94443815731725,39.91340084825518],[-83.94428115785674,39.914757737729204],[-83.94419684917068,39.91548618177613],[-83.9444088794255,39.915497735623056],[-83.94438940484847,39.91568964191747],[-83.94437910656205,39.91579118917715],[-83.94424137057447,39.91714885531924],[-83.94427462440966,39.91734214321825],[-83.94429921938382,39.91734357009939],[-83.94440956394176,39.91734991079791],[-83.94451990849969,39.91735625356283],[-83.94475673315466,39.91736989195217],[-83.94521892175824,39.91739651074577],[-83.94526158185276,39.917398978676346],[-83.94529624604294,39.917400965698015],[-83.94569175000802,39.91742373927708],[-83.94608368316985,39.91744630684336],[-83.94611599377399,39.9174481602014],[-83.94613463022289,39.91728997763493],[-83.94615624368862,39.917106803876145],[-83.94617776283125,39.916924290364946],[-83.94622397755936,39.91646856254117],[-83.94626258715026,39.91608788319232],[-83.94736805483723,39.915949734172244],[-83.94758811423407,39.91592222463347],[-83.94753717975745,39.91565919851792],[-83.94915934941267,39.91546808655593],[-83.94925335631052,39.915457013626536],[-83.94901386994736,39.91574403142673],[-83.94914444007391,39.915727724913445],[-83.94940902536611,39.91569463715539],[-83.94946411005934,39.91568775199492],[-83.94950834939213,39.915682209691674],[-83.94969661651274,39.91565868521395],[-83.94962370475271,39.91652410411213],[-83.94959091804148,39.916913031644675],[-83.94967711768119,39.91725084825403],[-83.94970460972215,39.91735871047117],[-83.94973213859403,39.91746657320742],[-83.9505802569184,39.917367676876765],[-83.95094045978776,39.91732530450247],[-83.95101592455981,39.91738598104538],[-83.95131082799288,39.91762308665901],[-83.95140511875834,39.91769887980935],[-83.95147699386254,39.91775666231557],[-83.95163336719732,39.917882392338846],[-83.95146442194014,39.91917500165498],[-83.95142190108449,39.919500242543315],[-83.95137140947732,39.91988634223269],[-83.95129090425819,39.91988148922547],[-83.95093802714996,39.91986029555182],[-83.9505194203124,39.919835107301004],[-83.94987610619472,39.91979641617309],[-83.94940187747139,39.91976788094419],[-83.94880572580445,39.91973200417054],[-83.94878676865702,39.919730864634516],[-83.9486788046346,39.919724373963625],[-83.94857080917114,39.91971788329217],[-83.94836455867683,39.919705467581835],[-83.94803795818899,39.91968580747458],[-83.94797247998792,39.91968186594484],[-83.94794463850234,39.91957944396431],[-83.94792073433263,39.91949147139262],[-83.94787682557985,39.919329806021715],[-83.94782545811528,39.91933562705921],[-83.94774310685824,39.91934496455628],[-83.9471478310487,39.91941246829059],[-83.94689611502125,39.91944099815596],[-83.94642032682258,39.919494942373575],[-83.94591312903002,39.91956035083452],[-83.94540593213577,39.919625755099176],[-83.94495767550394,39.91968358282867],[-83.9439321776402,39.91981581031127],[-83.94190631587608,39.920077047783266]]],[[[-84.02422374236357,39.94709855445174],[-84.02420501159158,39.94757333931959],[-84.02420430012587,39.94759135856395],[-84.02419158267641,39.94790770175811],[-84.02418262467638,39.94813193850883],[-84.02417533844113,39.94832828477665],[-84.02416381934422,39.94863901261775],[-84.02414963764083,39.94902195434477],[-84.02411478390613,39.94996207261969],[-84.02409992577134,39.95036297862625],[-84.0240940579759,39.95051021515585],[-84.02408279400053,39.95079191909666],[-84.02407171328151,39.951069693173146],[-84.02406902911545,39.951136993463315],[-84.02404687037233,39.95169177743138],[-84.02411817414801,39.951695869995234],[-84.02446732414612,39.951715825286186],[-84.02675986966695,39.95184687530684],[-84.02962386767601,39.95201053942353],[-84.0313854783212,39.95211117477357],[-84.03289844248229,39.95219758286177],[-84.03405333098459,39.95226352888368],[-84.03414845538666,39.95226898421253],[-84.03534626988481,39.952337356207515],[-84.03534626988481,39.95233734381218],[-84.03534683312851,39.95233029913164],[-84.03537213238185,39.95201287526602],[-84.03537757527417,39.9519443597109],[-84.03538304421761,39.95187585028489],[-84.03539880515928,39.95167809078881],[-84.03541463257626,39.9514794368686],[-84.03543046178989,39.951280787191955],[-84.0354462919018,39.95108213693839],[-84.03546212111544,39.95088349506022],[-84.03547794763412,39.95068483470043],[-84.03549044050477,39.95052806903983],[-84.03120344550867,39.95028818506111],[-84.03135901485126,39.94830345064693],[-84.0310915235091,39.94828797140627],[-84.03087857337943,39.948275648338715],[-84.0306651731938,39.94826327706205],[-84.03045177300814,39.94825092093385],[-84.03023836743263,39.948238564114796],[-84.03002498790825,39.94822619076538],[-84.0298115751462,39.94821384427188],[-84.02959817585888,39.94820148469145],[-84.02938478375808,39.94818912717478],[-84.0291713754876,39.948176762080465],[-84.02895797620029,39.94816440180465],[-84.02874457691297,39.94815204014922],[-84.02853117672734,39.94813967849157],[-84.0283177882198,39.94812731063364],[-84.02810437545776,39.948114964122354],[-84.02789097886537,39.948102592127896],[-84.02767757957807,39.94809023046136],[-84.02746417040927,39.94807786328316],[-84.02725078190174,39.94806550092342],[-84.02697313061371,39.948049414219575],[-84.02688422255343,39.948044256749505],[-84.02679528664535,39.94803909996769],[-84.026439645421,39.94801849556282],[-84.02645723892584,39.9478433465075],[-84.02647354694152,39.94768131146993],[-84.02649248522432,39.947493002287466],[-84.02651011645841,39.94731784706598],[-84.0265281186967,39.94713860131453],[-84.0265458334741,39.94696262702943],[-84.02599301024826,39.94692913082605],[-84.02583923933285,39.94691981912928],[-84.02482041864663,39.94685808408338],[-84.0243017493679,39.946826664902815],[-84.02423052374566,39.946822344781566],[-84.02422374236357,39.94709855445174]]]]}},{"type":"Feature","properties":{"name":"Green","kind":"township"},"geometry":{"type":"Polygon","coordinates":[[[-83.73881443646762,39.781817406560585],[-83.73632432895792,39.78155202359575],[-83.73466450821418,39.781375098059115],[-83.73426266483813,39.78133226058942],[-83.72967663865026,39.78084327697713],[-83.72914547111097,39.78078662934393],[-83.7285562005391,39.78072378228327],[-83.7269313179717,39.78055046863083],[-83.72659562024496,39.78051712857072],[-83.72539148969206,39.78041334101338],[-83.72532713348679,39.78040779399172],[-83.72531154951324,39.78040645124652],[-83.71945664759664,39.78018783886299],[-83.71939214047441,39.78077524610216],[-83.71923679121906,39.78218958273153],[-83.71922736519677,39.7822752593383],[-83.71921797420882,39.78236093721905],[-83.71900522170849,39.78429767344024],[-83.71886653171008,39.78556015203408],[-83.71882468998078,39.78594106651262],[-83.71880569061251,39.786114180206944],[-83.71878665710828,39.786287292775384],[-83.71869031369239,39.787164342407415],[-83.71812910379504,39.792272468619174],[-83.71811611774929,39.79239069116667],[-83.71810203665721,39.79250746746649],[-83.7178985583639,39.794370672248945],[-83.71781311959721,39.79514817765409],[-83.7175257341648,39.79776360926873],[-83.71751863657572,39.797828010930225],[-83.71751157581758,39.797892384924126],[-83.71750803735368,39.79792458466683],[-83.71741861994862,39.798738238463756],[-83.71717379399941,39.800965946458064],[-83.71708734462804,39.80175252791521],[-83.71668743173153,39.80545275971808],[-83.7161872821207,39.81007935348164],[-83.71576460681321,39.81399011329135],[-83.71575869500032,39.814044827747715],[-83.71556522573589,39.815834789781796],[-83.71505839355764,39.82052349695553],[-83.71493103041668,39.8216743823139],[-83.71421068306844,39.82836420596831],[-83.71420467154255,39.828419754768156],[-83.71419746346069,39.828486380154686],[-83.71419026076876,39.82855317242615],[-83.71398950347243,39.830409658795915],[-83.71368763899424,39.83295601948843],[-83.71361780306574,39.83354493446773],[-83.71357552116196,39.83390176917797],[-83.71304785076406,39.83835224527127],[-83.71304719589222,39.83835766070064],[-83.71304079270087,39.838411688742184],[-83.71304033186514,39.83841538869612],[-83.71303350466897,39.83847311388403],[-83.71233990914989,39.84428575121706],[-83.71233613622572,39.844315564881924],[-83.71232954528647,39.8443677294531],[-83.71232923806264,39.844370211738635],[-83.7123223407979,39.84442485855181],[-83.71231922094891,39.84444970828104],[-83.71222300868703,39.84521189446966],[-83.71141426621652,39.851618564736754],[-83.71136051552149,39.852044205945504],[-83.71050459712552,39.858705028070275],[-83.71049750402806,39.858760176513286],[-83.71049408773501,39.85878698357105],[-83.71308328570875,39.858990083843864],[-83.71545201016232,39.85917583609146],[-83.71610055696652,39.85922667781624],[-83.71682101390924,39.85928316635541],[-83.7191015417682,39.85946194011496],[-83.7192256089904,39.85947166296242],[-83.72005588946817,39.85953673222182],[-83.72257151811509,39.859733826958156],[-83.72329388307945,39.85979042265131],[-83.72386878330171,39.85983402905798],[-83.72407238735919,39.859848540156285],[-83.7259014542957,39.85997597138143],[-83.72635215434511,39.86000682222335],[-83.72646226444273,39.86001435978392],[-83.72776801152229,39.86010374783816],[-83.72967976658407,39.86023459120177],[-83.73063781983458,39.86029998038093],[-83.7336671132458,39.8605067052945],[-83.73428567967572,39.860548894215064],[-83.7348179988552,39.86058520950254],[-83.73535031893302,39.86062152270209],[-83.73588256894222,39.86065783381379],[-83.73641489530823,39.86069414628535],[-83.73843455240869,39.86083187850657],[-83.73920259670524,39.860884247735456],[-83.73984328145409,39.860927923091495],[-83.74004000082321,39.86094133343852],[-83.74076743498074,39.86099093059965],[-83.74140259868383,39.86103422525732],[-83.74215693019758,39.86108564275642],[-83.74319330126951,39.861156276506385],[-83.7435481394,39.861180458903995],[-83.74410797038338,39.861218608739264],[-83.74517248926642,39.86129112136333],[-83.74544364124334,39.86130959496949],[-83.74623700994609,39.86136364977037],[-83.74637763940719,39.861373228923114],[-83.74731430197416,39.86143702210238],[-83.74740373015901,39.86144311698023],[-83.74872052831319,39.861532796918596],[-83.74916924218748,39.86156252862249],[-83.74951620568619,39.86158551865821],[-83.75047017609374,39.86164872139237],[-83.75099191850909,39.86168329017902],[-83.75151367978903,39.86171785894826],[-83.75204421850762,39.86175298760708],[-83.75335518929055,39.86183981451435],[-83.75469583502057,39.86192858788014],[-83.7566564225012,39.86205838449383],[-83.75803093202248,39.86214936478387],[-83.75809310352498,39.86215347304336],[-83.75815523909486,39.86215761026316],[-83.76097867188064,39.86234442685269],[-83.7611311249675,39.86235450922884],[-83.76329665409706,39.86249775093547],[-83.76344054354432,39.86250726373478],[-83.76617342165787,39.86268798736375],[-83.76750376640652,39.86277593702241],[-83.77673428293761,39.863385726036924],[-83.7784555798878,39.863499347820756],[-83.7789124684312,39.86352950893479],[-83.77903945338144,39.86353789008425],[-83.77916641048392,39.86354626847456],[-83.77975393922246,39.863585047217825],[-83.78508147886332,39.863936537188636],[-83.78614069499123,39.864006376437196],[-83.78924193447355,39.864202477843754],[-83.78956249648606,39.86422275237105],[-83.7946684684587,39.86454546503007],[-83.79976025603303,39.86486704123878],[-83.79978169253064,39.864868396124685],[-83.79989120075703,39.86487530638724],[-83.79999992205926,39.864882172520545],[-83.80047993683131,39.86491245575932],[-83.80428193230384,39.86515240927313],[-83.80509924919374,39.865203983651675],[-83.80788184366837,39.86537200709404],[-83.81417059413795,39.865751509216324],[-83.81427827429273,39.86575800293167],[-83.81438585473454,39.86576448423544],[-83.81516569121584,39.865811521934205],[-83.81552349109182,39.86583312258346],[-83.81623916091237,39.865876262496045],[-83.81741642195684,39.865947242269264],[-83.81912357493287,39.86605015122644],[-83.81999656221755,39.866102781239505],[-83.82020711025218,39.86611548039341],[-83.82070687987564,39.866145595540196],[-83.82127518646372,39.86617983524006],[-83.82208141275314,39.86622841229804],[-83.82313417089247,39.86629183897837],[-83.8231680562433,39.86629388677872],[-83.82323908154125,39.86629815888987],[-83.82334748843309,39.86630468702824],[-83.82385171639534,39.866335146839276],[-83.82397612946893,39.86634255476918],[-83.82404717632645,39.86634684204618],[-83.82411819623447,39.866351091400745],[-83.83338064967056,39.86690714368383],[-83.83630704196429,39.8670831672115],[-83.84205330881694,39.867426954277164],[-83.84284509648478,39.867474388667915],[-83.84557534343286,39.86763541796527],[-83.84579182483992,39.867648168546594],[-83.84665212701448,39.86769890746654],[-83.84669236525099,39.86770127238608],[-83.84683904127228,39.86770991020227],[-83.84696766744456,39.86771749311183],[-83.84698757321293,39.86771866316061],[-83.85268711150114,39.868054540115935],[-83.85299416913998,39.86807262924129],[-83.85487324349172,39.86818328058487],[-83.85562112330511,39.86822731809588],[-83.85602873656022,39.86826051151232],[-83.85652646521137,39.86828888686161],[-83.85717502728694,39.868318795590866],[-83.86095561051636,39.86854129285065],[-83.86096114144357,39.868479417495976],[-83.86110483146483,39.866871459867006],[-83.86160798953358,39.86161486902257],[-83.86161621720326,39.861532736928375],[-83.86162376305165,39.861450584739075],[-83.86171767023652,39.86052001229092],[-83.86205240766418,39.85717801955452],[-83.86231429351898,39.85456359023304],[-83.86241000452092,39.85360795661577],[-83.86245827639104,39.85312593291818],[-83.86248519171357,39.852857205987085],[-83.86255112895374,39.852199024036835],[-83.86272024309417,39.85051022993528],[-83.86275335319893,39.8501795864239],[-83.86278362193242,39.84987733324876],[-83.8628289410402,39.849424885831034],[-83.86285328089282,39.84918180899311],[-83.86287762254207,39.848938710604386],[-83.86290196508963,39.84869563825201],[-83.86300335164756,39.84768315592326],[-83.86305763594186,39.847141180942735],[-83.86306311836003,39.847086453528924],[-83.86306585822165,39.847059074977366],[-83.86328425753183,39.844877815512106],[-83.86332840882973,39.84443699477198],[-83.86344226310548,39.843299773485874],[-83.863451544499,39.843207101137736],[-83.86349368806223,39.842786200147884],[-83.86353582893052,39.84236529864715],[-83.86357786649256,39.841945438832255],[-83.86362436059672,39.84148106174387],[-83.86365691823757,39.84115592100683],[-83.86367331967803,39.84099204298617],[-83.86370095904269,39.84071597856727],[-83.86373981656861,39.840327852622465],[-83.86377016345554,39.840024552474844],[-83.8638002767805,39.839723752064714],[-83.86380339393452,39.839686459382385],[-83.8638215947005,39.83946662831344],[-83.86382680762411,39.83940364036252],[-83.86384975957961,39.83912637143099],[-83.86386986297737,39.838883567148066],[-83.86395779367062,39.83782206501011],[-83.86399013751243,39.837431485008935],[-83.86401452587407,39.837136765448406],[-83.86403866180913,39.836845371484756],[-83.86405988810098,39.83658909850852],[-83.86406311215454,39.83655010171265],[-83.86410472391513,39.83604756089361],[-83.86429888128906,39.83370299160248],[-83.86441547362978,39.83229477150885],[-83.86446308613648,39.831787877696165],[-83.86449260208177,39.83147332778535],[-83.86449866930319,39.831408572017665],[-83.86452144429057,39.83116609158215],[-83.86456068270219,39.83074797691833],[-83.86457261232917,39.83062080048797],[-83.86458831577865,39.83044811202296],[-83.86460964358012,39.83019364950885],[-83.8646411861247,39.82981719174384],[-83.86466949653088,39.82947929399411],[-83.86469263982754,39.829203036355025],[-83.86474259693713,39.82860161123517],[-83.86476391575545,39.828335809972955],[-83.8647753333427,39.82819337381084],[-83.86480806705335,39.82778508014979],[-83.86482454664723,39.8275795467774],[-83.8648407962724,39.827376798549835],[-83.86487352998304,39.82696852280219],[-83.86493899470939,39.82615197989585],[-83.8649717275217,39.82574369755943],[-83.86499107004639,39.82550257417836],[-83.86500449447,39.825335431424335],[-83.86503722368906,39.824927165622874],[-83.86493066912331,39.82492091296284],[-83.86033652396189,39.82465152991833],[-83.8590266886495,39.82457469629364],[-83.85568534745802,39.82437862448594],[-83.85237418606685,39.82418422310034],[-83.84631736533228,39.82382839763075],[-83.84410830474238,39.823700379103364],[-83.84400179239745,39.82369421602164],[-83.83892636134782,39.823410877869016],[-83.83871974613753,39.82339851025761],[-83.83686533593021,39.8232876066419],[-83.8314305401394,39.822962347348636],[-83.8273703922104,39.82271916855609],[-83.82807245704599,39.814329104300676],[-83.82808045295033,39.814231242569534],[-83.82813661831683,39.81355667629647],[-83.82825550046321,39.812129328704955],[-83.82842781709765,39.81011233625549],[-83.82860287539033,39.808123836661075],[-83.82888450352011,39.80481462599326],[-83.82900779549622,39.80336613634981],[-83.82908914782666,39.8024099676483],[-83.82921295902902,39.80121577864551],[-83.82925200070957,39.80083920698638],[-83.82916293903737,39.800654205172805],[-83.82908491676167,39.80064986203184],[-83.8277929318723,39.80057793963331],[-83.82767498577043,39.80057137004726],[-83.82608011950994,39.80048258912838],[-83.82543966652644,39.80044693635093],[-83.825404169598,39.80044495974314],[-83.82536866907627,39.80044298382541],[-83.8249778848597,39.80042120800769],[-83.82422545418109,39.80037929133354],[-83.82422381026413,39.80026915598724],[-83.8240195863691,39.80052441256858],[-83.82312657384011,39.800454370024546],[-83.82314522645866,39.8003365657693],[-83.82201900858698,39.8002826182104],[-83.82203011086557,39.799934944029964],[-83.82218958428639,39.796985595080386],[-83.82088120604136,39.79685467744052],[-83.81974890477856,39.79674136708095],[-83.8186688441428,39.796633273716054],[-83.81747281010553,39.796513562115976],[-83.8149158679387,39.796257592856904],[-83.81114602047523,39.79588009816503],[-83.8110684832898,39.79587233200966],[-83.81099779935167,39.79586525329496],[-83.81092711271859,39.79585817388937],[-83.80770699558147,39.795535620846664],[-83.80286106522233,39.79505003945298],[-83.79778605548256,39.79454128409692],[-83.797311589604,39.79449948807781],[-83.79675867744496,39.794450781585866],[-83.79639062150336,39.79441834140174],[-83.79627222534555,39.794407901180946],[-83.79615382559447,39.794397483045486],[-83.79566190455162,39.79435414292247],[-83.79558654847571,39.79434750233969],[-83.79551119060315,39.79434086451713],[-83.79360308719299,39.79415916862906],[-83.79221493944907,39.79402734003949],[-83.79106091332943,39.79391773289398],[-83.7899118009944,39.79380858043067],[-83.78884579989115,39.793707312223205],[-83.78057662085124,39.79286150241528],[-83.77694969804443,39.79249033511611],[-83.77382561889601,39.79217052792768],[-83.77171590209505,39.791954515787225],[-83.76688883456025,39.79146011606208],[-83.76370776359526,39.791134205037025],[-83.75904234879414,39.79065604525027],[-83.75880563103867,39.7906317717528],[-83.75337649732909,39.790075090014334],[-83.75202661601963,39.789936625703966],[-83.74398951134349,39.7890967831662],[-83.74303124339562,39.78899086939898],[-83.74284772836286,39.78897058508334],[-83.74159870091036,39.78883251959844],[-83.74115945617746,39.788783963024734],[-83.7401690923228,39.78867447660558],[-83.73946875674413,39.788597047783156],[-83.73959560425216,39.787914209613334],[-83.74069093534943,39.78201735729699],[-83.73881443646762,39.781817406560585]]]}},{"type":"Feature","properties":{"name":"German","kind":"township"},"geometry":{"type":"MultiPolygon","coordinates":[[[[-83.80787853427486,40.020504428481786],[-83.8075119731299,40.02419992586585],[-83.80736559355267,40.0256755476548],[-83.80720106441345,40.02733404756386],[-83.80877617582252,40.02743164579181],[-83.81056712185163,40.02753225400755],[-83.81412223333463,40.02772555811437],[-83.81452793227986,40.027746988010904],[-83.81729830427675,40.027899038003056],[-83.8206913129701,40.02809733979425],[-83.82119245701595,40.02812728397839],[-83.82189714493217,40.028169403369134],[-83.82243668836317,40.02820162641885],[-83.82279092731734,40.028222785834906],[-83.82318685349061,40.02824646626854],[-83.82332267696495,40.02825457206547],[-83.82411094233856,40.028300843325574],[-83.82482317520484,40.028341485765715],[-83.8255354080711,40.02838212749378],[-83.82571344787222,40.02839227966767],[-83.82575756593246,40.02839480137415],[-83.82640261559524,40.028423878032626],[-83.82804050127638,40.02849172810662],[-83.82816891544626,40.02849705697494],[-83.82994014884477,40.0285703851047],[-83.83039007724135,40.028588349978875],[-83.83091495028545,40.0286093641363],[-83.8314171642248,40.02862945105093],[-83.83196334081588,40.02865128994053],[-83.83341584207012,40.028709400379114],[-83.83353846569968,40.02871429381508],[-83.83361011802167,40.028716434435246],[-83.8391902809884,40.028882907343686],[-83.84465523681658,40.029045672986605],[-83.84530561708229,40.02906502032707],[-83.85772934081784,40.029722206884394],[-83.86418335794352,40.03006307550339],[-83.86429025207244,40.03006872409752],[-83.86439708331929,40.030074868628255],[-83.86651228433504,40.03019685667466],[-83.86859137666966,40.030316699805866],[-83.87375586040832,40.03061427345542],[-83.8809335908696,40.03102740314754],[-83.88167689825818,40.0310701673135],[-83.88305861047142,40.03114966531234],[-83.88312983429702,40.031153767562564],[-83.88320105991927,40.031157980554006],[-83.88390535167844,40.0311998366961],[-83.88687467266298,40.03137618839415],[-83.89223813683036,40.031694512692106],[-83.89313470489124,40.03174768605035],[-83.89321955346477,40.03175271820988],[-83.89330440473324,40.03175775174466],[-83.89388177981414,40.03179200700946],[-83.89483415840698,40.03184850594191],[-83.89514939161323,40.03186719217228],[-83.89730550819523,40.031995031107975],[-83.90203183416253,40.03227513152139],[-83.90238755623524,40.03229996196527],[-83.9075644690642,40.03266110427294],[-83.908735573954,40.032742796624596],[-83.90884694887956,40.032750547660285],[-83.90976290527922,40.03281442540502],[-83.90988519743044,40.03282294266238],[-83.90998046735957,40.03282957735962],[-83.91395350475715,40.03310650695464],[-83.91613008406303,40.033258172204675],[-83.91780880086876,40.03337510876204],[-83.9209422503439,40.033593310196736],[-83.92098542876634,40.03319365864685],[-83.92113851247053,40.03177596614919],[-83.92125487574086,40.030698408027085],[-83.92125814740513,40.030668002742935],[-83.9216425832276,40.02710802696531],[-83.92172726112123,40.02632370468278],[-83.9217303513258,40.02629503298087],[-83.92173920691788,40.02621294769103],[-83.92174809664593,40.02613088844208],[-83.92175092094918,40.02610482787551],[-83.92180065347993,40.02564392738006],[-83.92204066535756,40.02342115118985],[-83.92227783227065,40.021224267333906],[-83.92240576674016,40.020039176033265],[-83.92253782807008,40.01881581566099],[-83.92272056336516,40.01700224292758],[-83.9229033238131,40.01518831790119],[-83.92327275777032,40.01152136883587],[-83.92400157533338,40.00428618791383],[-83.92400611272387,40.0042410281749],[-83.92401061238515,40.004195864277435],[-83.92418897198647,40.00240347990486],[-83.9244651841734,39.99962773627062],[-83.92460179996182,39.99825486237443],[-83.92473967698488,39.99686881937383],[-83.92501376465617,39.9941139126946],[-83.92524679123413,39.99177153891411],[-83.9253166846548,39.991069113665105],[-83.92546063428921,39.98962207080955],[-83.92546306513034,39.9895978807416],[-83.92547122991797,39.98951577471293],[-83.92548933276757,39.98933675451426],[-83.92553654013408,39.98887023657558],[-83.92556366386577,39.98860236188874],[-83.92559478510046,39.98829446410295],[-83.92563009697596,39.98794552610098],[-83.92566666289962,39.98757609087792],[-83.92569223883407,39.98730227678886],[-83.92573047203088,39.98689243597435],[-83.92575856414645,39.98659171273107],[-83.92580095744133,39.986137591405665],[-83.92580349967359,39.9861101885456],[-83.9258357150563,39.9857651860578],[-83.92586443778919,39.98546404418656],[-83.9258712793584,39.98539562547468],[-83.92587811643602,39.985327180539],[-83.92590932840058,39.9850151636561],[-83.9259405044325,39.98470311919261],[-83.92597168136277,39.98439110221273],[-83.9259756797641,39.98435116113916],[-83.92600285829302,39.984079112028596],[-83.92600990288146,39.984006849091905],[-83.92603241915405,39.98376145835678],[-83.92604327170102,39.9836434098125],[-83.92610238893155,39.98299931603347],[-83.9261348181133,39.982645855539104],[-83.9261664397096,39.98230168288831],[-83.92652389014094,39.97868500779691],[-83.92653958999718,39.97852667902981],[-83.92661348810738,39.97778173514749],[-83.92670735846131,39.976878688050334],[-83.92671724621765,39.976784243297665],[-83.92676045069123,39.9763719775306],[-83.92680191512812,39.97597568615633],[-83.92684878472807,39.975528207507395],[-83.92689637477687,39.97507396652368],[-83.92704560021694,39.9734892989152],[-83.9270822029715,39.97311014282053],[-83.92724753340798,39.9714541716639],[-83.92762729260107,39.96781293673455],[-83.92770598771492,39.967077644241584],[-83.92771577845319,39.9669862366091],[-83.92772437353382,39.96690099490736],[-83.92782727105804,39.965881413684066],[-83.92797136891446,39.96445376208953],[-83.92799529194879,39.964218511053716],[-83.9281148514249,39.963043194581076],[-83.92817059098995,39.962495091900195],[-83.9281911004262,39.962293543150075],[-83.92822632696176,39.96194696348094],[-83.9282699284907,39.96151832776176],[-83.92828209976447,39.96139886027474],[-83.92828505342514,39.96135401851492],[-83.92836171744811,39.96063088237869],[-83.92849968789598,39.95920289116703],[-83.92856105271136,39.958567769735524],[-83.92863380187632,39.95781494586389],[-83.92870283650758,39.95710016679913],[-83.92871201459485,39.95700519756137],[-83.9288823755969,39.9552480900042],[-83.92896117132204,39.95438545577422],[-83.92899835348997,39.953974660760025],[-83.92906036868561,39.95329000793783],[-83.92908116917603,39.95303002311505],[-83.92911406009183,39.95261900579679],[-83.9291469554992,39.95220798669726],[-83.92915269573388,39.95213648198808],[-83.92928169919857,39.950794809340096],[-83.92935355004828,39.9501453678198],[-83.9293931190399,39.9497877638795],[-83.92944252009232,39.94930881283726],[-83.92949084496303,39.948829791641096],[-83.92954818802087,39.948261844627254],[-83.92959026510879,39.94784492012937],[-83.92962816323397,39.94746942056083],[-83.92963506678694,39.94740097414339],[-83.929676523139,39.946990399569216],[-83.92971808189898,39.9465784685713],[-83.92974020381116,39.94635950071458],[-83.92977184337379,39.94604579976273],[-83.92977708863674,39.94599378965695],[-83.9297237664381,39.9459905954969],[-83.92561865962578,39.94574508480102],[-83.9250896669078,39.94571343577348],[-83.92316751923647,39.94559841445469],[-83.92087466110192,39.94546117139191],[-83.91945225790126,39.94537898754203],[-83.91855068802087,39.94532688670957],[-83.91300200292,39.94500607773692],[-83.91218780857403,39.94495899658284],[-83.91208110309131,39.944952812710994],[-83.91197439850693,39.944946822364386],[-83.9108361297357,39.944883038019356],[-83.91002693181935,39.944837694383445],[-83.90989696895393,39.944830406506334],[-83.90974060550062,39.944821642044516],[-83.90807325687481,39.94472819570451],[-83.90522876398552,39.944568666383184],[-83.9049346196289,39.944552172519394],[-83.9025469784521,39.94441824004942],[-83.90161112706382,39.944365702532096],[-83.90104680540233,39.94433403495999],[-83.90085541034789,39.944323295213735],[-83.90061632373502,39.944309880514815],[-83.89996958344285,39.94427356205354],[-83.89931863095032,39.94423704522423],[-83.89873973861494,39.944204523590386],[-83.89854012038238,39.944193314122536],[-83.89736627473262,39.944127409218964],[-83.89697002247092,39.944105156924586],[-83.89657377110751,39.944082897735825],[-83.89484235912721,39.94398566039583],[-83.89416298483741,39.94394747534756],[-83.89309587970466,39.943887507616004],[-83.89302471247291,39.94388352064704],[-83.89295354973274,39.943879891120815],[-83.89213503179529,39.94383810127876],[-83.89053799161184,39.94375650433125],[-83.885119370886,39.943479594515395],[-83.88381934337988,39.943413122796954],[-83.88195321734464,39.94331766346977],[-83.8811919921594,39.94327872045588],[-83.88113474342467,39.94327577617468],[-83.8804996947059,39.94324330504931],[-83.87918814181467,39.9431761767495],[-83.87910134210036,39.943171732427814],[-83.87901454508096,39.94316729017199],[-83.87866363707985,39.943149340012035],[-83.87632214505412,39.94302946026123],[-83.87315613524318,39.94286729742748],[-83.87113332505608,39.942777783108596],[-83.8672521682441,39.94257666249024],[-83.86379170775099,39.94239721904847],[-83.86277204354673,39.942345222009834],[-83.8611127519107,39.942260588044554],[-83.85860537967956,39.94213391859186],[-83.85859930078003,39.942143971327106],[-83.85859341681491,39.942153698290596],[-83.85859330003393,39.942153698290596],[-83.85860527727161,39.94213391445945],[-83.85722108301326,39.942063964709774],[-83.85673161616776,39.94203922679493],[-83.85675362399391,39.94204784904543],[-83.85675350721293,39.942047847667936],[-83.85673147872552,39.94203921990759],[-83.85577879290884,39.94199106090988],[-83.85568197787741,39.941986167456804],[-83.85562484502533,39.941982892527825],[-83.85558560751204,39.94198063210351],[-83.8554902621244,39.94197513945126],[-83.85549021990359,39.94197513807382],[-83.8554901031226,39.94197513738508],[-83.85464001030125,39.941969519382795],[-83.85440704031716,39.94196797593009],[-83.85440692353616,39.94196797524139],[-83.85376611212487,39.94196373401775],[-83.85376599444557,39.94196373470644],[-83.853077301033,39.94195918837339],[-83.85218009965982,39.9419532542409],[-83.85194113611615,39.94199771201082],[-83.8515637421872,39.94206791941433],[-83.85070376520277,39.941919594420995],[-83.85035682865353,39.94188076356389],[-83.85005887364345,39.94198437468289],[-83.84980718905706,39.94223624002266],[-83.84962632944426,39.94269839915253],[-83.84960699141115,39.94274782008727],[-83.84955157164632,39.94334962077474],[-83.84936214749561,39.94377833317889],[-83.84936204239273,39.94377830907384],[-83.84936203161296,39.94377833455629],[-83.84931566327292,39.9437676642831],[-83.84931002903946,39.94379616678089],[-83.84916460796464,39.94405866744357],[-83.8490933005957,39.944262380145446],[-83.84900876283926,39.94442753693509],[-83.8489506840612,39.9446695337565],[-83.84889129733608,39.944844009808314],[-83.84874549627389,39.94508729371906],[-83.84854827744147,39.94527296215821],[-83.84824081017085,39.945585641871915],[-83.84809333375065,39.9457611293476],[-83.84779684209619,39.94599625862277],[-83.84757578736603,39.94624040343189],[-83.84736664249989,39.94645503706291],[-83.84718284449781,39.94668914607472],[-83.84712211479135,39.946776602993395],[-83.8469884068495,39.94700024980669],[-83.84678950008268,39.94709917564315],[-83.8464149609997,39.947209729718935],[-83.8461903372629,39.947270238596175],[-83.8458526497678,39.947312825899424],[-83.84552670325348,39.94733578373608],[-83.84515121285462,39.947378804866595],[-83.84492753863708,39.94750684265401],[-83.84455727733149,39.947820231823286],[-83.84420154358064,39.948239431839966],[-83.8440735713819,39.948372606179625],[-83.84391293015122,39.94836344412058],[-83.84361377499192,39.948718647930676],[-83.84355749194611,39.94884805434175],[-83.84353094583116,39.94899529688682],[-83.84357417994916,39.9490599513106],[-83.84371781247825,39.94910525427159],[-83.84381815249886,39.9490829106269],[-83.84400960235052,39.94899434446562],[-83.84406545151006,39.94899186390078],[-83.8441793533965,39.94904920335356],[-83.84426245115354,39.94915889345105],[-83.8443026561524,39.94925680176897],[-83.84435759621685,39.94934378160722],[-83.84440609176748,39.949427729858755],[-83.8444383017603,39.94952345268046],[-83.84442778697989,39.94958655506028],[-83.84439713915735,39.94965452687252],[-83.84441867357134,39.94977568417746],[-83.8444595837477,39.9498675720847],[-83.84454368761786,39.9500310880564],[-83.8445591889464,39.95006163324254],[-83.84455960486638,39.95008315293955],[-83.84454115886032,39.950230465823],[-83.84453126840904,39.95027055354861],[-83.8445193046461,39.95031220173151],[-83.84434279737087,39.95054632715523],[-83.8441781954681,39.95084461419912],[-83.84409754023032,39.95107703478831],[-83.84401264404607,39.95119147807808],[-83.84391633566446,39.951278677887075],[-83.84381322613783,39.9513220566965],[-83.8437818506799,39.9513248326033],[-83.84377664045127,39.95137631391292],[-83.8436712653735,39.951370355117554],[-83.84345994119448,39.951524134291965],[-83.84333553081584,39.951633812845714],[-83.84321320902022,39.95185169299348],[-83.84322188674587,39.95192593945113],[-83.8433157391335,39.95210483040836],[-83.84332100775264,39.95219086870973],[-83.84331190422554,39.95246743958061],[-83.84310705420478,39.95271759090155],[-83.84308414177515,39.95283706047138],[-83.84303894932984,39.952931501125406],[-83.84301832401091,39.95298653589776],[-83.84304474705668,39.95323148623533],[-83.84289937808414,39.95337926404241],[-83.84278861401299,39.95344576257421],[-83.84259266000848,39.95378196383235],[-83.84223098480037,39.954148778414414],[-83.84210696249393,39.954443466230536],[-83.84202349732593,39.95461400882324],[-83.84187462222884,39.954767041143086],[-83.841652240687,39.954858290206396],[-83.84153469972532,39.95495094803021],[-83.84136434141821,39.955114685285594],[-83.84120376396793,39.955223484247746],[-83.84110843295333,39.955328407599346],[-83.84102990312951,39.955381496528354],[-83.8409014503321,39.95546906283841],[-83.84082518336446,39.95552105403389],[-83.84284705121885,39.95563912980803],[-83.84228979480706,39.95668911059087],[-83.8413837243671,39.95709273149478],[-83.84026843539915,39.95776619753434],[-83.84083627576159,39.95813149999047],[-83.84075580467844,39.9583336882953],[-83.84074892897326,39.95835089976786],[-83.84073633908456,39.95838253330849],[-83.84022305340932,39.95854282984129],[-83.84016620711982,39.958560610017486],[-83.83924520039162,39.95884822655147],[-83.83958877185181,39.95969059056899],[-83.83948201247019,39.95974172130413],[-83.83889161810589,39.960024431756345],[-83.83914176926811,39.9607453881762],[-83.83875859378199,39.96131019025536],[-83.83882499634947,39.96163641590264],[-83.83842565747645,39.96207744376049],[-83.83787830768561,39.962254727300454],[-83.83761961264673,39.96214769390111],[-83.83735253812287,39.962037187379515],[-83.83721528722556,39.96144957729836],[-83.83666273529093,39.960948485891386],[-83.83629294380422,39.96156836648819],[-83.83628285213031,39.96158531068305],[-83.83644512020999,39.96179154011185],[-83.83672548710511,39.96214791836215],[-83.8368130782352,39.96225923716971],[-83.83671393656716,39.962884654693276],[-83.83515926811903,39.96348749139571],[-83.8345902536585,39.96370810918414],[-83.8345499866759,39.963723722638],[-83.83462890097866,39.963946304679304],[-83.83476806259259,39.9643388025785],[-83.8350368448138,39.964655067625806],[-83.83471674992524,39.9649903868862],[-83.834214297034,39.965188640098404],[-83.83400250213778,39.96507148343842],[-83.83351082453838,39.96507284322849],[-83.8332854147757,39.965073466322195],[-83.83327586119266,39.964958695125844],[-83.83323957195013,39.96452709361056],[-83.83305818861953,39.964536544054205],[-83.83194444205893,39.964579130245845],[-83.8318372011803,39.964601079133736],[-83.83225633532895,39.96516262924692],[-83.83231739920869,39.965249279032236],[-83.8323592121919,39.96530913095798],[-83.8324130194808,39.96539050666231],[-83.83247062035514,39.965477949307605],[-83.83251793282452,39.96555227736149],[-83.8325739032566,39.96564669701379],[-83.8326183527952,39.965731232506954],[-83.83265684650343,39.96581147926746],[-83.83269935837593,39.96590629306822],[-83.83275157564675,39.966047131720366],[-83.83278230791095,39.96613502930655],[-83.83281016197296,39.96624129774839],[-83.83283425299226,39.96634047459351],[-83.83285829819746,39.966479017623634],[-83.8328753518148,39.96661064177941],[-83.83288180351518,39.966748286478335],[-83.83288393342072,39.966860326899585],[-83.83279925552709,39.96772305299108],[-83.83262208888844,39.96952809254349],[-83.8326192538054,39.9696099616677],[-83.83250752674024,39.96960299725042],[-83.83250741175591,39.96960299036591],[-83.82928659393285,39.969402001632126],[-83.82917866135146,39.969998515268514],[-83.82889509016573,39.97156573761267],[-83.82835148724796,39.97456985305701],[-83.82920822131422,39.976595959868234],[-83.8293524359516,39.97693700433978],[-83.82905294841567,39.97774172412638],[-83.82901352225615,39.97784765856105],[-83.83013998806288,39.97801902733594],[-83.83054777918441,39.97807134488141],[-83.83059250899736,39.97807399510734],[-83.83030278614856,39.97868223575424],[-83.83014212605326,39.9791444659488],[-83.8300493354743,39.97928770378763],[-83.82960562791106,39.980017908119784],[-83.82934484878072,39.98032879071212],[-83.82910353075268,39.98034555128668],[-83.82877509500669,39.980388255661936],[-83.82857731023566,39.980419733076374],[-83.82834626803616,39.98047755899492],[-83.82823286651131,39.9805080823209],[-83.82810769975121,39.980584202313864],[-83.8280163518666,39.980663176785775],[-83.82795085929249,39.98077112697875],[-83.82791934010412,39.98088841229604],[-83.82787975404449,39.981033625458316],[-83.82509491108671,39.980879453524324],[-83.82448618480242,39.98084571993524],[-83.82121334733789,39.98066442957236],[-83.82020735998383,39.980608677794955],[-83.8202073644754,39.98060892559908],[-83.82020108614988,39.981059683272704],[-83.82030899357842,39.98158095311386],[-83.82046131101968,39.982042803703244],[-83.8205429840487,39.98228963233314],[-83.82061201688333,39.98242351748194],[-83.82070370433114,39.982643328700576],[-83.82082761704311,39.982900471039585],[-83.82087896204979,39.98302376586985],[-83.82092506808175,39.98311925512772],[-83.82100334907223,39.98328150148374],[-83.82099899044647,39.983281281910365],[-83.82086517560512,39.98327463344748],[-83.82086505523087,39.98327463069421],[-83.82066887664756,39.98326487447473],[-83.82047432311658,39.98325520085205],[-83.82011379056549,39.983237268785096],[-83.8171337913072,39.98308902481582],[-83.81498478309402,39.982966781169594],[-83.8149807667264,39.98296655195864],[-83.8147518876701,39.98295352961122],[-83.81430204820674,39.982927956409064],[-83.81399354158533,39.982910380118476],[-83.81364184486341,39.982890377489014],[-83.81280401135074,39.98284270774397],[-83.81203616109028,39.98279901509462],[-83.81203602544467,39.98279900821138],[-83.8118842478909,39.982792201387355],[-83.8115427748952,39.9861393320888],[-83.81134813063437,39.988047209103414],[-83.81086699476484,39.99276255533917],[-83.81086355601393,39.99279597953838],[-83.81068450650645,39.99455053776865],[-83.81036322674002,39.997698765417496],[-83.80981641324342,40.00208661127346],[-83.80940155956714,40.00586543125496],[-83.80939254676989,40.005947522444586],[-83.80938349624338,40.006029952763264],[-83.80890390547613,40.01039790027885],[-83.80866576928084,40.01256656461204],[-83.80834711978156,40.015779805743165],[-83.80787853427486,40.020504428481786]],[[-83.84143344881302,40.01409744076231],[-83.84183978017222,40.01412011197635],[-83.84200698898596,40.01412943034396],[-83.84299315052169,40.014184403458316],[-83.84526705150881,40.01431115683479],[-83.8460503015882,40.01435481006164],[-83.84675570366504,40.01439410819324],[-83.84658266748008,40.01623622666472],[-83.84649858427117,40.017131174708744],[-83.84641432858572,40.018028375805834],[-83.84552580224327,40.017977202684655],[-83.84306610450255,40.01783549965857],[-83.8420542233019,40.017777199709364],[-83.84171738291813,40.01775779344207],[-83.84148435005197,40.017744367009726],[-83.84080763118213,40.01770536938677],[-83.84027336355679,40.017674570295675],[-83.83973909682977,40.017643795957675],[-83.83913691028074,40.01760907195904],[-83.83909305452856,40.017606798899756],[-83.83839937187291,40.0175710828262],[-83.8383140480906,40.01756634544863],[-83.83695563098932,40.01749080879295],[-83.83692678159397,40.017489022814694],[-83.83667771649492,40.017473545481074],[-83.83554674923032,40.017403282731635],[-83.83562466191154,40.016915144850465],[-83.83569004938276,40.016505501702056],[-83.83575543595565,40.01609585884654],[-83.83580801434923,40.01576649863197],[-83.8358191678318,40.015696693703035],[-83.83577782915906,40.01569342987264],[-83.83576005599116,40.01569204150632],[-83.83568903608311,40.01568642474544],[-83.83561798293739,40.01568080592008],[-83.83560014688743,40.01567980351664],[-83.83567387431775,40.01521794301716],[-83.834384395728,40.01514547773165],[-83.83431227897698,40.0156057123082],[-83.83395586340485,40.0155852177075],[-83.83264902307562,40.01551000634359],[-83.83271500882482,40.01508978781027],[-83.83272054783684,40.01505461324955],[-83.83234995954449,40.01503399808374],[-83.83224094089992,40.01502793407],[-83.83218639699248,40.015024900686946],[-83.83163444423415,40.014994181569925],[-83.8310824959674,40.01496345762307],[-83.83053050907307,40.01493273366238],[-83.82994371066488,40.014900065401996],[-83.83016014715616,40.013462816404115],[-83.83067819659738,40.01349334975881],[-83.8312299553196,40.01352586113753],[-83.83179815860143,40.013559363927136],[-83.83236636188326,40.01359283711583],[-83.83251713422223,40.013601722107644],[-83.83293910614884,40.013626612325346],[-83.83284097328888,40.01308098009759],[-83.8326623405997,40.0121282672438],[-83.8326217681899,40.01191195115322],[-83.83261616270252,40.01188206246291],[-83.8325993345623,40.0117923130617],[-83.83259102424759,40.01174801557481],[-83.83262702872419,40.011729678857655],[-83.83264809152266,40.01171895176227],[-83.83264816248956,40.01171892492906],[-83.83270501327064,40.01169521674193],[-83.83294023802611,40.01159714396586],[-83.83318417374488,40.01149540314201],[-83.83338376592627,40.011412176486886],[-83.83358339224365,40.01132894697813],[-83.83381291179876,40.01123321643915],[-83.83397924206012,40.01116384446494],[-83.8347200386575,40.01085494202703],[-83.83539187967534,40.010811091846186],[-83.83546228872899,40.01079818351783],[-83.83546192670794,40.01079406490669],[-83.83599325953723,40.010758950055695],[-83.83622012906223,40.010691427055534],[-83.83621216549724,40.0106629985438],[-83.83630341816044,40.01066663759766],[-83.83722413922438,40.01039259889479],[-83.83741449762297,40.010373191215606],[-83.83744406656886,40.010373224929815],[-83.83770607639114,40.0103735262935],[-83.83813510458431,40.01037401824556],[-83.83813270967578,40.01044947608486],[-83.8382333155977,40.010438641453405],[-83.83833270160748,40.01035055040704],[-83.8386521012,40.00992810660487],[-83.83884173735312,40.009835921688556],[-83.83907861770365,40.00979596453205],[-83.83910511980115,40.01112762825652],[-83.83910821539563,40.01118261066905],[-83.83911127505748,40.0112375930373],[-83.83910748596362,40.01124653131458],[-83.83901364166083,40.011467947845055],[-83.8388272250697,40.01159578510159],[-83.83881658722011,40.01160308031038],[-83.8388140836154,40.01160480451973],[-83.8388115970787,40.01160654386579],[-83.83880912132179,40.01160829353228],[-83.83880666353116,40.01161005558329],[-83.83880421562202,40.011611830706904],[-83.83880178298423,40.01161361615092],[-83.83879936741441,40.011615411915386],[-83.83879696352271,40.01161721937642],[-83.83879457669902,40.01161903853388],[-83.83879220335002,40.011620867323764],[-83.83878984527242,40.01162271262639],[-83.83878749797458,40.0116245654973],[-83.83878516954135,40.01162642868866],[-83.83878285458287,40.01162830151238],[-83.83878055489573,40.0116301901608],[-83.83877827407323,40.011632086377546],[-83.83877600492882,40.01163399497883],[-83.83877375015747,40.01163591252447],[-83.83877151425074,40.01163784383068],[-83.8387692909204,40.01163978201717],[-83.83876708555637,40.011641730524104],[-83.83876489546373,40.011643692103554],[-83.8387627197441,40.01164566331541],[-83.83876055839751,40.0116476455357],[-83.83875841591558,40.01164963876448],[-83.83875628960328,40.011651640249575],[-83.838754180359,40.01165365067902],[-83.83875208369113,40.011655671428905],[-83.83875000588787,40.01165770456331],[-83.83874794335598,40.011659746642025],[-83.83874589789208,40.011661798353174],[-83.83874386680122,40.01166385900863],[-83.83874185367668,40.01166592998457],[-83.83873985851844,40.01166800852871],[-83.83873787773322,40.01167009876938],[-83.83873591491432,40.01167219657832],[-83.83873397096005,40.011674303331645],[-83.83873204048051,40.01167642109334],[-83.83873012796727,40.01167854917548],[-83.83872823342034,40.01168068482592],[-83.83872635863634,40.01168282873266],[-83.83872449642875,40.011684983647875],[-83.83872265488242,40.0116871454433],[-83.83872082950576,40.01168931618305],[-83.8387190211971,40.01169149380308],[-83.83871723175305,40.0116936838076],[-83.83871545488542,40.01169587725217],[-83.83871370406892,40.01169808239325],[-83.8387119685238,40.011700295102635],[-83.8387102464534,40.01170251744434],[-83.83870854324762,40.011704747354294],[-83.83870685800815,40.01170698483261],[-83.83870519612488,40.01170922919106],[-83.83870354771632,40.0117114824939],[-83.83870191637578,40.01171374474107],[-83.83870030659477,40.011716011804424],[-83.83869871208515,40.011718289188124],[-83.83869713823678,40.011720572076],[-83.83869557965974,40.011722863220164],[-83.8386940426423,40.011725163308704],[-83.83869252089622,40.01172747096548],[-83.8386910207097,40.0117297813743],[-83.83868954118441,40.01173210141549],[-83.83868807782882,40.011734431777036],[-83.83868663333784,40.01173676351459],[-83.83868520321991,40.01173910213239],[-83.83868379645817,40.011741453134626],[-83.83868240945937,40.01174380482486],[-83.83868103503698,40.01174616683546],[-83.83867968486912,40.011748531598094],[-83.83867835356588,40.01175090599309],[-83.83867704292388,40.01175328933242],[-83.83867575114648,40.01175567542376],[-83.83867447464047,40.0117580677073],[-83.83867322238898,40.01176046411897],[-83.83867198271388,40.01176286809888],[-83.83867076998825,40.01176527689488],[-83.8386695680424,40.01176769394721],[-83.83866839124937,40.01177011512765],[-83.83866723601592,40.01177253974813],[-83.83866609695212,40.01177497400096],[-83.83866497585466,40.011777413069936],[-83.83866387631674,40.011779854202906],[-83.8386627974401,40.01178230152807],[-83.83866173742807,40.01178475504537],[-83.83866069538233,40.0117872120028],[-83.83865967399785,40.011789675840404],[-83.83865867237631,40.011792143806176],[-83.83865769321265,40.011794616588],[-83.83865673291362,40.01179709487402],[-83.83865578788594,40.011799577288095],[-83.83865486801108,40.01180206107817],[-83.83865396700085,40.01180455174841],[-83.83865308575355,40.01180704654678],[-83.83865222337089,40.01180954478521],[-83.83865138344609,40.01181204715175],[-83.83865056148761,40.011814555022426],[-83.83864976019038,40.011817065645126],[-83.83864897865608,40.011819580395894],[-83.83864821778303,40.01182209858677],[-83.83864747577461,40.01182461952962],[-83.83864675712238,40.01182714460062],[-83.83864605643646,40.01182967379964],[-83.8386453773101,40.01183220368665],[-83.83864471974333,40.0118347390778],[-83.83864408014283,40.01183727790896],[-83.8386434612036,40.011839819492195],[-83.83864286292561,40.01184236176337],[-83.83864228441058,40.011844910226685],[-83.83864173104838,40.01184745800191],[-83.83864119116089,40.01185001128126],[-83.83864067462959,40.01185256387248],[-83.83864017875956,40.01185512059176],[-83.83863970175415,40.01185767799902],[-83.83863924900325,40.01186023953434],[-83.83863881601528,40.01186280382168],[-83.83863840279025,40.01186537017305],[-83.83863800932815,40.01186793721231],[-83.83863763742562,40.01187050700364],[-83.83863728618434,40.0118730781709],[-83.8386369538077,40.011875647273946],[-83.8386366438889,40.011878223945246],[-83.83863635373308,40.011880799928456],[-83.83863608423847,40.011883376599556],[-83.83863585337147,40.0118859587748],[-83.83861765440211,40.01208300467225],[-83.83861712259947,40.012085594408255],[-83.83861657552548,40.012088182080056],[-83.83861601856998,40.01209076424754],[-83.83861544454653,40.01209334916709],[-83.83861485525169,40.01209593133438],[-83.83861425068552,40.01209851006148],[-83.8386136326446,40.01210108947647],[-83.83861300112896,40.01210366407519],[-83.83861235434195,40.012106238673816],[-83.83861169497852,40.01210881120822],[-83.83861101854713,40.01211137892637],[-83.83861032774266,40.01211394526838],[-83.83860962526012,40.01211651023423],[-83.8386089075062,40.01211907175984],[-83.83860817088765,40.01212163328536],[-83.83860742438767,40.012124188618515],[-83.83860666351461,40.01212674395159],[-83.83860588826853,40.01212929790854],[-83.83860509505614,40.0121318449851],[-83.838604288369,40.012134392061576],[-83.83860347000378,40.01213693707384],[-83.83860263906216,40.01213947864591],[-83.83860178745925,40.012142017465784],[-83.83860092507659,40.012144551469355],[-83.83860004921918,40.0121470840968],[-83.83859916078536,40.01214961466003],[-83.83859825618188,40.01215214384714],[-83.83859733630702,40.012154666841916],[-83.83859640295745,40.01215718846053],[-83.8385954543365,40.01215970595091],[-83.83859449224083,40.01216222137708],[-83.83859351577213,40.012164731987],[-83.8385925276253,40.01216724122074],[-83.83859152061387,40.01216974563823],[-83.8385905055176,40.012172244551415],[-83.83858947245503,40.01217474484054],[-83.83858842322279,40.01217723756132],[-83.83858736321075,40.012179731658065],[-83.83858629062229,40.01218221887439],[-83.83858520455912,40.012184701962504],[-83.83858410322458,40.012187182986466],[-83.83858298302542,40.01218965644201],[-83.83858185474142,40.01219212920948],[-83.83858071118607,40.012194601288776],[-83.83857955146104,40.01219706648776],[-83.83857838095622,40.012199526870475],[-83.83857719787498,40.01220198450095],[-83.83857599592913,40.012204438003224],[-83.83857478140688,40.0122068887533],[-83.83857355340987,40.01220933055895],[-83.83857231553141,40.01221177511656],[-83.83857106058497,40.012214211417835],[-83.83856979216378,40.01221664427883],[-83.83856851206451,40.012219073699654],[-83.83856721489722,40.012221496240116],[-83.83856590515354,40.01222391740446],[-83.83856458552839,40.012226334440555],[-83.83856324883526,40.012228743220206],[-83.8385618995657,40.01223115268781],[-83.83856053502477,40.01223355321104],[-83.83855915700913,40.01223595442218],[-83.8385577673154,40.01223834600085],[-83.83855636414692,40.01224073551539],[-83.83855494750371,40.012243116085486],[-83.83855351648747,40.012245496655524],[-83.83855207558975,40.01224787240925],[-83.83855061762404,40.01225024197072],[-83.83854914438697,40.01225260533982],[-83.8385476639634,40.01225496802084],[-83.83854616647183,40.01225732038138],[-83.83854465370888,40.01225967136581],[-83.83854313375942,40.012262016157926],[-83.83854159674198,40.01226435406969],[-83.83854004445315,40.01226668854124],[-83.8385384840795,40.01226901750851],[-83.8385369084345,40.012271343035565],[-83.83853531661981,40.01227366099423],[-83.8385337167203,40.01227597413671],[-83.83853209795615,40.01227828246286],[-83.83853047200547,40.01228058597281],[-83.8385288325801,40.01228288191434],[-83.83852717698502,40.012285174415695],[-83.8385255115085,40.01228746210082],[-83.83852382986227,40.012289742905594],[-83.8385221392329,40.01229201889409],[-83.83852043423049,40.01229428731425],[-83.83851871575337,40.0122965522942],[-83.83851698649643,40.012298809017786],[-83.83851524106984,40.0123010629892],[-83.83851348666009,40.012303306640135],[-83.83851171697899,40.012305549602964],[-83.83850993561977,40.01230778499745],[-83.83850814258247,40.012310013511616],[-83.83850633696875,40.012312235145444],[-83.83850451518535,40.01231445265107],[-83.83850268801204,40.01231666465243],[-83.83850084287248,40.01231886770934],[-83.83849898964804,40.01232106801414],[-83.83849712025392,40.01232325937448],[-83.83849523738509,40.01232544729463],[-83.83849334463478,40.012327625582394],[-83.83849144110471,40.01232979974191],[-83.83848952140495,40.01233196564509],[-83.83848759182372,40.01233412604399],[-83.83848565056438,40.01233628231466],[-83.83848369942359,40.0123384289529],[-83.83848173301143,40.012340571462914],[-83.83847975402286,40.01234270434054],[-83.83847776335618,40.01234483308994],[-83.83847576190973,40.01234695633508],[-83.83847374968352,40.01234907132382],[-83.83847172398254,40.01235117805625],[-83.83846968570515,40.01235327928438],[-83.83846763664799,40.01235537225616],[-83.83846557411609,40.0123574638518],[-83.83846350349937,40.01235954306293],[-83.8384614194079,40.01236161883391],[-83.83845932004509,40.01236368428444],[-83.83845721529238,40.01236574216661],[-83.83845509436999,40.01236779592059],[-83.83845296356614,40.012369842106224],[-83.83845082377914,40.01237187934752],[-83.83844866872076,40.01237391590068],[-83.83844650288262,40.01237593800526],[-83.83844432626468,40.01237795598166],[-83.83844213976528,40.012379966389716],[-83.83843993889283,40.01238196647737],[-83.83843772813891,40.01238396312478],[-83.83843550660522,40.01238595289193],[-83.83843327519006,40.01238793165065],[-83.8384310320968,40.01238990284101],[-83.83842877642712,40.01239186990315],[-83.83842653063891,40.01239382802096],[-83.83830939212247,40.0124946049607],[-83.83830803656473,40.012495770472476],[-83.83830666932886,40.012496931856134],[-83.8383053029913,40.012498088423584],[-83.83830392767062,40.01249924223891],[-83.83830254875666,40.012500391238035],[-83.83830115906291,40.01250153748509],[-83.8382997720641,40.01250268029196],[-83.83829837787879,40.012503817594684],[-83.83829697471032,40.01250495076922],[-83.83829556705027,40.012506082567675],[-83.83829415669528,40.01250721023801],[-83.83829274095038,40.01250833378016],[-83.8382913189173,40.012509449754006],[-83.83828989239262,40.012510565039854],[-83.83828845598649,40.012511676197526],[-83.83828702137696,40.01251278185101],[-83.83828557868263,40.01251388612839],[-83.83828412790342,40.012514984901586],[-83.83828267532762,40.01251607954665],[-83.83828121826024,40.012517173503625],[-83.83827975580296,40.0125182571403],[-83.83827828615914,40.01251934284097],[-83.83827681292209,40.01252042234945],[-83.83827533519344,40.012521494977626],[-83.83827385207489,40.01252256691781],[-83.83827236176984,40.01252363266579],[-83.83827086876984,40.01252469497361],[-83.83826937307491,40.01252575452931],[-83.83826786660016,40.01252680926884],[-83.8382663583288,40.01252785919218],[-83.83826484915912,40.01252890705145],[-83.83826332920967,40.012529947342415],[-83.83826180656526,40.01253098350526],[-83.83826028032757,40.012532017604045],[-83.83825874870003,40.012533048262625],[-83.83825721078426,40.01253407066499],[-83.83825567017354,40.01253509581937],[-83.83825412327462,40.01253611134146],[-83.83825257188414,40.012537123423414],[-83.83825101510375,40.012538131377184],[-83.83824945742505,40.012539135890826],[-83.83824788986486,40.01254013283622],[-83.83824631960975,40.01254112909357],[-83.8382447466597,40.01254211984673],[-83.8382431665231,40.01254310578368],[-83.83824158279327,40.0125440903446],[-83.83823999636847,40.012545066649245],[-83.83823840455378,40.01254603951371],[-83.83823680465426,40.01254700618599],[-83.83823520744969,40.012547972170225],[-83.83823359766869,40.01254893333831],[-83.8382319869894,40.01254989037823],[-83.83823037451346,40.01255084260193],[-83.83822875305438,40.01255178794544],[-83.83822712979867,40.0125527326009],[-83.83822550025474,40.01255366693603],[-83.83822386891417,40.012554603335154],[-83.83822223038709,40.01255553216608],[-83.83822059186002,40.01255645549278],[-83.83821894434979,40.01255737400327],[-83.83821729683956,40.0125582925138],[-83.83821564034616,40.01255920345604],[-83.83821398295447,40.01256010820612],[-83.8382123219695,40.01256101089202],[-83.83821065289972,40.01256190807379],[-83.83820898113497,40.01256280043936],[-83.83820730667527,40.0125636914289],[-83.83820562862233,40.012564570722056],[-83.83820394428118,40.012565449327155],[-83.83820225904171,40.01256632518016],[-83.83820056571739,40.01256719552893],[-83.83819887239308,40.01256806037357],[-83.83819717098393,40.01256891971397],[-83.83819546687982,40.01256977630228],[-83.83819376097911,40.01257062532235],[-83.83819204968849,40.01257147021426],[-83.8381903339063,40.01257231579413],[-83.83818861632749,40.012573148301605],[-83.83818689425708,40.0125739814971],[-83.83818516769512,40.01257481056443],[-83.83818343574323,40.012575634127636],[-83.83818170289305,40.01257645218654],[-83.83817996105971,40.012577261989236],[-83.83817821922638,40.012578071791935],[-83.83817647649472,40.01257887471432],[-83.83817472567824,40.01257967419663],[-83.83817297126849,40.01258046679874],[-83.83817121596041,40.01258125389662],[-83.83816945256753,40.01258204099449],[-83.83816768917461,40.012582818460025],[-83.83816592398509,40.01258359317347],[-83.8381641498124,40.01258436238273],[-83.83816237474142,40.012585128151855],[-83.83816059787377,40.01258588704079],[-83.83815881561624,40.012586642489545],[-83.83815702886714,40.01258739381019],[-83.83815523852478,40.01258813893862],[-83.83815344818241,40.01258887787484],[-83.83815165065354,40.01258961337093],[-83.83814985042972,40.01259034336284],[-83.83814805469746,40.01259107610683],[-83.83812505063965,40.01259976651874],[-83.83858143253323,40.01394110261208],[-83.83832147895463,40.01392696127543],[-83.8373613326295,40.013874726919916],[-83.83684854012935,40.013846824685615],[-83.83664191503757,40.01383558879558],[-83.83637440662744,40.01528757299699],[-83.83719923612807,40.01533004156005],[-83.83855426029251,40.01539660847519],[-83.83965331939824,40.01545848114516],[-83.8396568075565,40.01545867722333],[-83.83966028673159,40.015458877429474],[-83.83966377399152,40.01545908313956],[-83.83966726035314,40.01545928953765],[-83.83967074312147,40.015459499375716],[-83.83967422678816,40.01545971334171],[-83.83967771135315,40.01545993074768],[-83.83968119322319,40.01546015296963],[-83.83968467509324,40.01546037725555],[-83.83968815696326,40.01546060291742],[-83.83969163883332,40.01546083270728],[-83.83969512070335,40.0154610659371],[-83.83969860077677,40.015461305358876],[-83.83970208264681,40.015461544092645],[-83.83970556272021,40.015461787642394],[-83.83970904459026,40.01546203394411],[-83.83971252466367,40.015462285061766],[-83.83971600204212,40.01546253686742],[-83.83971948121722,40.015462792801],[-83.83972295679906,40.01546305148661],[-83.83972643597414,40.0154633156761],[-83.83972991694588,40.01546358261762],[-83.83973339162941,40.01546385024712],[-83.83973686631292,40.01546412475655],[-83.83974034189474,40.01546440132997],[-83.83974381927321,40.015464679967366],[-83.83974729485506,40.01546495998071],[-83.83975077223351,40.01546524687406],[-83.83975424781535,40.01546553514331],[-83.83975772070225,40.015465826164586],[-83.83976119358913,40.0154661226898],[-83.83976466647601,40.01546641990302],[-83.8397681393629,40.01546672399618],[-83.8397716122498,40.015467028777294],[-83.83977508513668,40.015467335622425],[-83.83977855532862,40.01546764797149],[-83.83978202372394,40.01546796238453],[-83.83978549661082,40.01546828161349],[-83.8397889677011,40.01546860221852],[-83.83979243340146,40.01546892901543],[-83.83979590089845,40.01546925374832],[-83.8397993719887,40.01546958467321],[-83.83980283768906,40.01546992179005],[-83.83980630338944,40.015470258906824],[-83.83980977178476,40.015470598087624],[-83.83981323838344,40.0154709427724],[-83.8398167040838,40.015471290209106],[-83.8398201670892,40.015471641085774],[-83.8398236336879,40.015471992650454],[-83.83982709669331,40.01547235109502],[-83.83983056059706,40.01547271022765],[-83.83983402090753,40.0154730741762],[-83.83983748301462,40.015473442252684],[-83.83984094602005,40.01547381170517],[-83.83984440812715,40.01547418528564],[-83.83984786664101,40.015474560930066],[-83.83985132784979,40.015474942078434],[-83.83985478636365,40.01547532116284],[-83.83985824308085,40.01547570850314],[-83.83986170428963,40.01547609997137],[-83.83986516100686,40.01547649143965],[-83.83986861682574,40.015476884971896],[-83.83987207084803,40.015477284696075],[-83.83987552756524,40.015477687860226],[-83.83987898158749,40.01547809377635],[-83.83988243560977,40.01547850106848],[-83.83988588873372,40.0154789152405],[-83.83988934095935,40.01547932872452],[-83.83989279587993,40.015479748400516],[-83.83989624630894,40.01548016876448],[-83.839899694043,40.01548059600839],[-83.83990314537033,40.01548102325228],[-83.83990659759597,40.01548145531211],[-83.83991004173677,40.01548188737194],[-83.83991349306407,40.01548232493575],[-83.83991693989984,40.01548276662749],[-83.83992038673559,40.01548321107119],[-83.8399238317747,40.01548365895488],[-83.83992727861043,40.015484110966526],[-83.83993072275123,40.01548456297817],[-83.83993416509541,40.01548501842974],[-83.8399376092362,40.015485480761306],[-83.83994105158037,40.01548594309281],[-83.83994449302622,40.01548640886429],[-83.83994793267546,40.01548687945175],[-83.83995137501962,40.015487355543094],[-83.83995481466884,40.01548782888252],[-83.83995825162312,40.015488307725875],[-83.83996169127234,40.0154887900092],[-83.83996512912492,40.01548927848441],[-83.83996856338426,40.01548976627167],[-83.83997200123686,40.015490258874905],[-83.8399754354962,40.01549075560606],[-83.83997886795888,40.01549125577715],[-83.8399823013199,40.015491755948275],[-83.83998573557922,40.01549226093538],[-83.83998916534699,40.015492771426366],[-83.83999259780968,40.01549327985338],[-83.83999602757744,40.015493796536305],[-83.83999945465025,40.01549431528323],[-83.840002884418,40.01549483540612],[-83.84000631238914,40.01549535828103],[-83.84000973946193,40.01549588872382],[-83.84001316204318,40.01549641779061],[-83.84001659181092,40.015496952361325],[-83.84002001529048,40.01549748899605],[-83.84002343787171,40.0154980297587],[-83.84002685775799,40.015498572585365],[-83.84003028303417,40.01549912160396],[-83.84003370292046,40.01549967062255],[-83.8400371201118,40.01550022376906],[-83.84004025702879,40.01550073357203],[-83.8400433912508,40.01550124750293],[-83.84004652726946,40.01550176349779],[-83.84004965610158,40.015502279492694],[-83.84005278762866,40.015502800991534],[-83.84005592185069,40.015503325242335],[-83.84005905337777,40.01550384949312],[-83.84006218041328,40.01550437924785],[-83.84006531104204,40.01550491175454],[-83.84006843807755,40.01550544563719],[-83.84007156511305,40.01550598227184],[-83.84007469394518,40.015506523722436],[-83.84007781738744,40.01550706586102],[-83.84008094532125,40.01550761006362],[-83.84008406966181,40.01550815633012],[-83.84008719310405,40.01550870672466],[-83.84009031474967,40.015509261247054],[-83.84009343459864,40.0155098157695],[-83.84009655893921,40.01551037579588],[-83.84009967699156,40.01551093651026],[-83.84010279684054,40.01551149860064],[-83.84010591668952,40.0155120668829],[-83.84010903384356,40.01551263585317],[-83.84011215279422,40.015513206199444],[-83.84011526455836,40.01551378204964],[-83.84011838350902,40.01551435721183],[-83.84012149796811,40.01551493581394],[-83.84012461242722,40.01551552267205],[-83.8401277214964,40.01551610677813],[-83.8401308359555,40.015516695700136],[-83.84013394592301,40.0155172846222],[-83.84013705499221,40.015517879048176],[-83.84014016495973,40.015518474162114],[-83.84014327582554,40.015519074092026],[-83.84014638309812,40.015519671269956],[-83.84014948947237,40.015520276015785],[-83.84015259404998,40.01552088144962],[-83.84015569862763,40.01552149169942],[-83.84015880140862,40.01552210263718],[-83.84016190508792,40.01552271770289],[-83.84016500966554,40.01552333552058],[-83.84016811154821,40.01552395196225],[-83.84017121073593,40.015524576659864],[-83.84017431261861,40.015525199981475],[-83.84017741000972,40.015525828807],[-83.84018050919744,40.0155264617605],[-83.84018360658855,40.01552709333803],[-83.8401867012847,40.01552772835549],[-83.8401897977775,40.01552836750091],[-83.84019289247365,40.01552900871029],[-83.8401959862715,40.015529649919664],[-83.84019907467942,40.01553029938498],[-83.84020216578232,40.01553094678628],[-83.8402052559869,40.0155315996915],[-83.84020834798811,40.01553225259676],[-83.84021143729436,40.015532908253945],[-83.840214524804,40.0155335680391],[-83.84021761141531,40.01553422920025],[-83.84022069622999,40.015534895177325],[-83.84022377834974,40.0155355625304],[-83.8402268622661,40.01553623401139],[-83.8402299470808,40.01553690686839],[-83.84023302920055,40.015537583165354],[-83.84023610862533,40.01553825671029],[-83.84023919074507,40.01553894057514],[-83.84024226747492,40.01553962237601],[-83.84024534779803,40.01554031105682],[-83.8402484254262,40.01554099767361],[-83.84025149676614,40.01554168910637],[-83.84025457439432,40.01554238122708],[-83.84025764932753,40.01554308091573],[-83.84026072066749,40.015543778540405],[-83.8402637902108,40.015544478916986],[-83.84026686065245,40.01554518479756],[-83.84026993289072,40.01554589274207],[-83.84027300243405,40.01554660068663],[-83.84027606838411,40.01554731207111],[-83.84027913343587,40.0155480282715],[-83.84028220118257,40.0155487465359],[-83.84028526533601,40.015549464800294],[-83.8402883276928,40.015550188568604],[-83.84029139184624,40.01555091508889],[-83.84029445510134,40.01555164298511],[-83.8402975147632,40.015552370881366],[-83.84030057442507,40.01555310359356],[-83.84030363139198,40.01555384180967],[-83.84030668746058,40.01555458140178],[-83.84030974263085,40.015555320305886],[-83.84031280049608,40.015556064713905],[-83.8403158520731,40.0155568132499],[-83.84031890185351,40.015557567977815],[-83.84037798943962,40.01557207705255],[-83.84052578027018,40.01404682954786],[-83.84143344881302,40.01409744076231]]],[[[-83.82802346203208,39.96424544280177],[-83.82802334255614,39.96424560529003],[-83.82802357881306,39.96424544142478],[-83.82802366505133,39.9642453815244],[-83.82802346203208,39.96424544280177]]]]}},{"type":"Feature","properties":{"name":"Harmony","kind":"township"},"geometry":{"type":"Polygon","coordinates":[[[-83.64222271723338,39.94280728673688],[-83.64334901864842,39.94287975370434],[-83.6441249519498,39.94292886458225],[-83.64716105728581,39.9431209522614],[-83.64718108702172,39.94312221675553],[-83.65247910263243,39.94345722148451],[-83.65247912149704,39.94345722217319],[-83.65251439384667,39.94345945431124],[-83.65532274032556,39.94363691215062],[-83.65535812765954,39.94363914634894],[-83.6592498675239,39.943884980722096],[-83.65926782394811,39.94388611503504],[-83.66190507729799,39.944052628120055],[-83.66195306350383,39.94405565639078],[-83.6620116956441,39.94405966056752],[-83.66203815731744,39.94406145810809],[-83.66207032149619,39.94406366405535],[-83.66210921405641,39.94406632110937],[-83.66394914881124,39.944191971135055],[-83.66544543754569,39.94429413728312],[-83.66570538214116,39.944311884661914],[-83.67056365804723,39.94464347584368],[-83.67232434073276,39.94476359656833],[-83.67330056869811,39.94483018612072],[-83.67659326701524,39.9450442849216],[-83.68075119296964,39.945314503880425],[-83.68173709668889,39.94537856399174],[-83.68174805523707,39.94537927679582],[-83.68180809863065,39.94538316932577],[-83.68180819385205,39.94538317621278],[-83.68181925929973,39.94538394135795],[-83.68187926226915,39.94538816928428],[-83.68189043371802,39.94538896335484],[-83.69066232616058,39.946004038791365],[-83.69071791480867,39.946007934729245],[-83.69514918103604,39.946318407964114],[-83.69691706910845,39.9464422240074],[-83.6970821686779,39.946453771941634],[-83.69737340698457,39.946474168833866],[-83.69962182815698,39.94663159528284],[-83.69962685153605,39.94658646354416],[-83.6997222571108,39.94572899135325],[-83.69984246606886,39.944648610154154],[-83.70009944622386,39.94233884781222],[-83.70038008351189,39.93981626086963],[-83.70038637980372,39.93975959072559],[-83.7003926787905,39.93970297012513],[-83.70098340912469,39.93439250898149],[-83.70128554399578,39.93167611287994],[-83.70172119187427,39.927899245568305],[-83.70173394345974,39.92778905019646],[-83.70176575460057,39.92751292722177],[-83.7018769624395,39.926548849551494],[-83.7021270309567,39.924380994881346],[-83.70219605660482,39.92378266211109],[-83.70220467773659,39.923707870491576],[-83.70221221280521,39.92364258999778],[-83.70222878043398,39.92349880707606],[-83.70224535794425,39.92335502247452],[-83.70266100034137,39.91975098012971],[-83.7026788920869,39.91959598105075],[-83.70296917458612,39.91707840463433],[-83.70318231426032,39.91542585494053],[-83.70356952138543,39.91242353265399],[-83.70356952318205,39.91242351060497],[-83.70360101182771,39.91217930716917],[-83.70365527096918,39.911758586047256],[-83.70369465400957,39.911453215478204],[-83.70391275328245,39.90976173541204],[-83.70393915297203,39.909556928464454],[-83.70433195390642,39.90651074947885],[-83.70441243576934,39.905886404964974],[-83.70443128511896,39.90574020668324],[-83.7048260866015,39.902677832286564],[-83.70482687352569,39.90267181205318],[-83.70483315454614,39.902623180869625],[-83.70484371693726,39.90254123088314],[-83.70485112714005,39.902483308051515],[-83.70486117299987,39.902404793909945],[-83.70486119366112,39.902404633342194],[-83.70577931140734,39.89522258364703],[-83.70578627694407,39.895167933176204],[-83.70579327571845,39.89511327990492],[-83.70619553591278,39.891966086619156],[-83.70648177329828,39.88976405560627],[-83.70672028948094,39.88786009423148],[-83.70672189297372,39.887847665164834],[-83.70672718315242,39.887805441336724],[-83.70673313808446,39.88776449885265],[-83.7067351098865,39.887750889033136],[-83.7067953706724,39.887336005019776],[-83.7067974403908,39.887321747188516],[-83.7068579652814,39.88690492781493],[-83.70734861969969,39.88352610779736],[-83.70734861969969,39.88352609538957],[-83.7074668038551,39.882448940917136],[-83.70747243359698,39.88239772899601],[-83.70747243539361,39.88239770900532],[-83.70748267618787,39.88230406440822],[-83.70748432190146,39.88228926784981],[-83.70749621829074,39.882180814804066],[-83.70749623176549,39.88218068796636],[-83.70749861499593,39.882158830517376],[-83.70750803293338,39.88207320740263],[-83.70752768178359,39.88194869382756],[-83.70753775549117,39.88180222940295],[-83.70753775818613,39.88180221354814],[-83.70761818255689,39.88106912569372],[-83.70762226090828,39.88103197473106],[-83.70763373239444,39.880927501370614],[-83.7076792913524,39.88051284491348],[-83.7076892770251,39.88043589387137],[-83.70770069820561,39.8803478572457],[-83.70770070090056,39.88034783863314],[-83.70771579169902,39.88023179823401],[-83.70773088070085,39.8801157831447],[-83.70773389814188,39.880092553907744],[-83.70773687965033,39.880069613503295],[-83.70776341678211,39.879865307900104],[-83.70783810001988,39.879290295597876],[-83.70784473228164,39.879239216433206],[-83.70786472608494,39.879085429285944],[-83.7079219999725,39.87864468486167],[-83.70797273142985,39.87825408619513],[-83.70802541312969,39.87784844788332],[-83.70803251610863,39.87779379390173],[-83.70807852422423,39.87743964910871],[-83.70813639998303,39.876994146984906],[-83.70831599746285,39.8756116243359],[-83.70852478749444,39.87400427442659],[-83.70862419506378,39.8732388263962],[-83.70862777125691,39.873211223872154],[-83.70909162443871,39.86962685588842],[-83.70955611272943,39.866037011471455],[-83.71048340946123,39.85886942856842],[-83.71048347144497,39.858868944490496],[-83.71048347413993,39.85886893276782],[-83.71049046842275,39.858814801528226],[-83.70876098422706,39.85868195776877],[-83.7078189524296,39.85860958237069],[-83.70686812432893,39.85853652490861],[-83.70577446409808,39.85845248797486],[-83.70487724475859,39.85838352917672],[-83.70480001928857,39.85837759538757],[-83.70434609069405,39.858338662684375],[-83.70381503634248,39.85829311417266],[-83.70356778134872,39.8582719138619],[-83.70328394785493,39.858247581490915],[-83.70310694201471,39.858232394959096],[-83.70275313874343,39.858202039124876],[-83.70266437980348,39.85819442275353],[-83.70222184184675,39.85815646224976],[-83.7017491986499,39.85811592960201],[-83.70104464548098,39.85805547709835],[-83.70074249533855,39.858029555173104],[-83.69870804568029,39.857878740830486],[-83.69742052451954,39.857785655795105],[-83.69729755863187,39.85777576514066],[-83.69636170904023,39.8577005725365],[-83.69629081040476,39.857695191732645],[-83.691561041195,39.857336794628196],[-83.68196613474701,39.85663620504754],[-83.68182862872816,39.856626159069194],[-83.68182218062103,39.856625688767316],[-83.6815406602891,39.856605110643414],[-83.68153598365974,39.856604770674345],[-83.67265465036441,39.855955552898386],[-83.67256245267355,39.85594881413728],[-83.67230935863046,39.855930289436806],[-83.66919797267698,39.85566838606193],[-83.66302798936944,39.855148744299036],[-83.66301086568349,39.855147298882656],[-83.65665031107662,39.85461128660439],[-83.65620191161265,39.8545734868673],[-83.65486296729178,39.854460593018246],[-83.65486287207035,39.854460586122094],[-83.65486264210165,39.85446057026102],[-83.65383026493949,39.85437352437409],[-83.6532823357353,39.85434191311266],[-83.64476381581356,39.8538501467903],[-83.64427601174967,39.853821966838886],[-83.64418790768154,39.8538168691649],[-83.63943312578101,39.853542074186265],[-83.6380395423313,39.85346150408332],[-83.63731492798547,39.853419588034704],[-83.63538990390862,39.8533082322215],[-83.63529485227009,39.85330273452658],[-83.63498843513004,39.85328500218157],[-83.6349072301233,39.85328030789879],[-83.634881862598,39.85327884244393],[-83.6348632845396,39.85327776248989],[-83.63477529725246,39.85327268132653],[-83.63452281226714,39.853258075048636],[-83.63228896895518,39.85312881418127],[-83.63117276280732,39.85306421813774],[-83.62535785748042,39.8527274602436],[-83.62276247909753,39.85257706389106],[-83.6201295017284,39.85242443417282],[-83.61997256964153,39.85241533306692],[-83.6199289851806,39.85241280624603],[-83.61629355622635,39.85220195292372],[-83.6158340140596,39.85217529225541],[-83.61127108086274,39.85193435062516],[-83.61104224133231,39.851922266074006],[-83.61024056770476,39.85187991875009],[-83.61020504023361,39.85187804086069],[-83.61020502406393,39.85187804086069],[-83.61013397181652,39.85187429266773],[-83.61006930120091,39.8518708699846],[-83.60976766489482,39.85185492136877],[-83.60842283301557,39.85179575021979],[-83.60703661215793,39.851719384880276],[-83.60703658970004,39.85171938212171],[-83.60695461932868,39.8517144208406],[-83.60613303005128,39.85166471904609],[-83.60403397625275,39.85153771927726],[-83.60243703847723,39.85144107604252],[-83.60243701422272,39.851441073973604],[-83.60235400719552,39.851436061638694],[-83.60227097681214,39.85143102378661],[-83.6017072040213,39.85139690293219],[-83.59684889397921,39.85110271227143],[-83.58945114095202,39.85073755319271],[-83.58940191147782,39.85073512424062],[-83.58479800073094,39.8505076402858],[-83.58466671464713,39.85050114236864],[-83.58316290791204,39.850426789379966],[-83.58269372053411,39.85040358939929],[-83.57823133666528,39.85018283125985],[-83.57717363599525,39.850117173129895],[-83.57005546204068,39.84967491291226],[-83.56756747814832,39.84952022912977],[-83.56747668632087,39.84951458423308],[-83.56494805545853,39.84935732694842],[-83.56368241456316,39.849278581617426],[-83.56130332894111,39.85643350053139],[-83.56130332085627,39.85643354673421],[-83.56041578086399,39.85910240893455],[-83.55840366691696,39.86515203969765],[-83.55648981608563,39.87090524081964],[-83.55647175635515,39.87095954246712],[-83.55647174916862,39.87095955418773],[-83.55645366608196,39.871013870270616],[-83.55410502616151,39.87807273556554],[-83.55343906641384,39.88052669744298],[-83.55322176933652,39.88132740887641],[-83.55197305449772,39.88592827922817],[-83.55047573270068,39.89144429433749],[-83.55046100122834,39.89149851079823],[-83.55039478281547,39.89174249088844],[-83.54954370544057,39.89487738657097],[-83.54917168523365,39.89624758600675],[-83.5489958822376,39.89689516471475],[-83.54849070924767,39.898755706995125],[-83.5484678471237,39.89883989234534],[-83.5484449841014,39.89892407897048],[-83.5483040141788,39.89943263339989],[-83.54820217846327,39.899818201851225],[-83.54810150965928,39.90018896096584],[-83.54786095699585,39.90107488029592],[-83.54781999202227,39.901225639638895],[-83.54777906028633,39.901376424837615],[-83.54757392999122,39.902131839898026],[-83.5461577709801,39.90733650807133],[-83.5461577646919,39.90733652047481],[-83.54475021962602,39.91170199947448],[-83.54472841751408,39.91176964717196],[-83.54470658216447,39.911837295491615],[-83.54340159505965,39.91588418101839],[-83.54292535590672,39.917360900054575],[-83.54274550240707,39.91791854636084],[-83.54104349587926,39.92319561418048],[-83.53848306196093,39.93113248291426],[-83.53844952425811,39.93123650294709],[-83.53844951617329,39.93123652912307],[-83.53843687687723,39.931275597471036],[-83.5384068174512,39.931368849330916],[-83.53838064234043,39.93144993339891],[-83.53834079846433,39.93157338715395],[-83.53830992516465,39.931669126689556],[-83.53817085517889,39.93210016131471],[-83.53803883786641,39.93250933117026],[-83.53789270981747,39.93296222724367],[-83.53775363623842,39.93339326405802],[-83.53761457074424,39.93382428231502],[-83.53761456535436,39.93382429884663],[-83.53680464249756,39.93633433029679],[-83.54410616709319,39.93674349481445],[-83.54707260358735,39.93690961132181],[-83.54836525502668,39.9369819639981],[-83.54988410764446,39.93706696403718],[-83.55112044010536,39.9371361378157],[-83.55220297110817,39.93719671414851],[-83.55541580739991,39.93737638750543],[-83.55597438882674,39.937407598881556],[-83.56075758713465,39.93767491174364],[-83.56151443123626,39.93771719162624],[-83.56573153281168,39.93795267295781],[-83.5657315983887,39.93795267640169],[-83.56858909708666,39.93813366264057],[-83.56859010589473,39.938133531085],[-83.56938387255113,39.93818390857729],[-83.56989773853805,39.93821651985801],[-83.56998393009295,39.93822199765899],[-83.57299622917559,39.938413107412224],[-83.57780197160388,39.93871783498196],[-83.5792704161578,39.93881090588827],[-83.58320824678275,39.939060403232446],[-83.58406048567932,39.93911438433742],[-83.58625559722948,39.939253390273706],[-83.58757919113879,39.93933718491585],[-83.58776068945373,39.93934841170949],[-83.58900975194054,39.9394256568214],[-83.59013786435918,39.939495422614506],[-83.59013615845846,39.939443333832045],[-83.5902618148004,39.93950308574461],[-83.59074935386128,39.939533227197764],[-83.59081192511408,39.939537097331254],[-83.59098998557644,39.93954809955696],[-83.5916349436111,39.93958797313979],[-83.59214717735914,39.93961964015352],[-83.59248252564122,39.9396403710642],[-83.59506917958609,39.93980022594906],[-83.5951118504604,39.939802862505985],[-83.59541835114376,39.939820672349],[-83.59653834369054,39.93989099287579],[-83.59658230274896,39.93989370932479],[-83.59676299437679,39.93990487128422],[-83.59676545576067,39.939905023499016],[-83.596994665397,39.939919182916434],[-83.59768690715494,39.939961940785366],[-83.59770845773859,39.93996327214706],[-83.60460757122293,39.940389189471155],[-83.60638293327848,39.94048233731034],[-83.60934294681836,39.94068130624078],[-83.61061109221674,39.94076651863987],[-83.61101829134853,39.94079388733492],[-83.61139340535328,39.94081909266944],[-83.61142893192614,39.94082147710632],[-83.61150009466633,39.9408262666421],[-83.61157121877895,39.94083081029546],[-83.61160681182713,39.94083307971145],[-83.61802163545696,39.94124316710505],[-83.61910041240017,39.94131209491418],[-83.61953545301755,39.941339886277504],[-83.61980882383324,39.94135734859551],[-83.62388720486754,39.94161783854803],[-83.62523040450792,39.941703575975616],[-83.62523115370286,39.94170362349842],[-83.62955250027544,39.94198454617757],[-83.63408628493796,39.942279106640605],[-83.63456412578705,39.94231014841912],[-83.63474839450635,39.94232212268621],[-83.63474841337096,39.94232212406364],[-83.63474843043893,39.94232212612986],[-83.63502774810182,39.94234028037099],[-83.63540529384605,39.942364795717246],[-83.63540531001574,39.942364795717246],[-83.63565734853837,39.94238116200461],[-83.63565736919962,39.94238116200461],[-83.6383684793372,39.94255716391483],[-83.63949108148988,39.94263002716536],[-83.64220123312505,39.94280589413398],[-83.64220125198968,39.94280589344525],[-83.64222271723338,39.94280728673688]],[[-83.61168735836877,39.93740888276717],[-83.61158045346006,39.93740555940447],[-83.6107964874234,39.93738135843151],[-83.61081226543305,39.937134572212905],[-83.61082804344271,39.93688779819128],[-83.61084156488437,39.936676110108195],[-83.61084367951854,39.93664100537133],[-83.61085845770329,39.93639421854931],[-83.61087417462748,39.93613232561593],[-83.61087438124,39.93612888716292],[-83.60776678078716,39.93596704823969],[-83.60772412698084,39.93584911277384],[-83.60742616747919,39.93502543236841],[-83.60741086018675,39.93498312051539],[-83.60737938142258,39.93489607489222],[-83.60738514501342,39.93484399707376],[-83.60749483919109,39.933851819791144],[-83.6075629710155,39.93323536148206],[-83.60759032561421,39.93294202883793],[-83.60761353179295,39.93269308022537],[-83.60764155473824,39.932392744675255],[-83.60644579199219,39.93231499911077],[-83.60643442740552,39.93228354914293],[-83.6048897455284,39.932189507749634],[-83.60481819471602,39.93198530240827],[-83.60451371344541,39.931116289591564],[-83.60448976615658,39.93104793565235],[-83.60367026636052,39.9287088617092],[-83.6036595027468,39.928678138906484],[-83.60350833874236,39.92824666872044],[-83.60349993320624,39.92822264223792],[-83.60347991335183,39.928165452727676],[-83.60345145202868,39.9280842648823],[-83.60326181677388,39.927542902424726],[-83.60309280234644,39.92706048006713],[-83.60249023940331,39.925340366883454],[-83.60285380197183,39.92526946857297],[-83.60390280964488,39.92506489813574],[-83.60400558140495,39.9253526596365],[-83.60827534671391,39.925596233979995],[-83.61105577984198,39.92575476729665],[-83.6110562640339,39.9257547955414],[-83.61151382451713,39.92577442772806],[-83.61151469947622,39.92575966053254],[-83.61154240172294,39.92530494288226],[-83.61156020004367,39.92501290928391],[-83.6115687241574,39.9247401707362],[-83.61158095651662,39.924348740064495],[-83.61076754729821,39.92430475100075],[-83.61076990088425,39.924228956895035],[-83.61077398103228,39.92402441090535],[-83.6107795541803,39.92374400628175],[-83.61078512912495,39.92346361566602],[-83.61079074090054,39.92318322527983],[-83.61079631494688,39.922902820655786],[-83.61080189078984,39.922622434173405],[-83.60853630730394,39.92249990397627],[-83.6085521499923,39.922299363093586],[-83.60858345089005,39.92190338940349],[-83.60858345358501,39.921903377691585],[-83.60862869633597,39.921330560273226],[-83.60867438195638,39.92075225128578],[-83.61118277287704,39.920913412434864],[-83.61225154887622,39.92098207411768],[-83.61235841425903,39.92098893945544],[-83.61234964580355,39.921680033970325],[-83.6123475320677,39.921844315884776],[-83.61233242509957,39.9227051682496],[-83.6123299825803,39.92284232398844],[-83.61243686772607,39.92284809168004],[-83.61308634877818,39.92288321933636],[-83.61308199015242,39.92310313931542],[-83.61307857206276,39.92327495048953],[-83.61307571272522,39.92341927606191],[-83.61307173588344,39.92361857429997],[-83.61306960418128,39.92372563974331],[-83.61306831779379,39.923790385558476],[-83.61306454397128,39.92398004548566],[-83.61306080518307,39.924169733132935],[-83.61305703315719,39.9243594209436],[-83.613053260233,39.924549108917596],[-83.61374197700177,39.92458633136199],[-83.61372679457516,39.925072082026674],[-83.61367694706003,39.92589136305433],[-83.6152750813915,39.925977732612026],[-83.61530592055522,39.92597955336112],[-83.61786555317634,39.92613237210933],[-83.61912974958072,39.926207827239395],[-83.61936704225798,39.9262219908685],[-83.62164896250563,39.9263581461815],[-83.62227656329236,39.926395587398446],[-83.6222289525823,39.92690838396485],[-83.6222165630179,39.927041794087245],[-83.62217278721579,39.92748880610516],[-83.62180129701488,39.93088121871001],[-83.61733313248723,39.93068593692935],[-83.61658281913773,39.930653128494],[-83.61658280386638,39.930653128494],[-83.61448703790178,39.930522449807754],[-83.61385688949291,39.93048316473121],[-83.61356532060621,39.930464985301306],[-83.61353801451651,39.930775061335176],[-83.61353198143105,39.93084353402837],[-83.61352594654898,39.93091200527542],[-83.6135211522403,39.93096640473681],[-83.61351131119636,39.93107810356129],[-83.61349848684736,39.93122365122195],[-83.61342434529372,39.932064800739944],[-83.61336978162336,39.93268390504545],[-83.6121621638105,39.9326193715343],[-83.61203862569599,39.93468074856773],[-83.61202373432354,39.93492916714783],[-83.61190220753696,39.93565707700454],[-83.61190220753696,39.935657094913275],[-83.61183895895444,39.93671269985145],[-83.61179506008314,39.937399735770626],[-83.61168841209259,39.937392346539376],[-83.61168735836877,39.93740888276717]]]}},{"type":"Feature","properties":{"name":"Madison","kind":"township"},"geometry":{"type":"Polygon","coordinates":[[[-83.56757702095157,39.8372782387485],[-83.56704752787198,39.83891005777659],[-83.56700690605483,39.83903525232813],[-83.56621056392851,39.84148917037794],[-83.56613737369074,39.8417147150029],[-83.56599147201723,39.8421643487535],[-83.56398577653292,39.84834405159641],[-83.56392770943296,39.848522868333596],[-83.563874950478,39.848685466280756],[-83.56368241456316,39.849278581617426],[-83.56494805545853,39.84935732694842],[-83.56756747814832,39.84952022912977],[-83.57005545934575,39.84967491291226],[-83.57717363599525,39.850117171060894],[-83.57823133666528,39.85018283125985],[-83.58269372053411,39.85040358939929],[-83.58316290881037,39.85042679144891],[-83.58466671464713,39.85050114236864],[-83.58479800342589,39.85050764235474],[-83.58940191147782,39.85073512630955],[-83.5894511508335,39.8507375580203],[-83.59684889397921,39.85110271227143],[-83.6017072040213,39.85139690086327],[-83.60227097321886,39.851431034820905],[-83.60235400719552,39.85143605198367],[-83.60243702769746,39.8514410863872],[-83.60403397625275,39.85153771927726],[-83.60613303274624,39.85166471904609],[-83.60695461932868,39.8517144208406],[-83.60703658970004,39.85171938281131],[-83.60842283301557,39.85179575021979],[-83.60976766489482,39.85185492136877],[-83.61006930120091,39.8518708699846],[-83.61013397181652,39.85187429473664],[-83.61020502406393,39.85187804086069],[-83.61104223863737,39.85192226469471],[-83.61127106828631,39.851934354073364],[-83.6158340140596,39.85217529225541],[-83.61629355622635,39.85220195292372],[-83.6201295017284,39.85242443417282],[-83.62276248718237,39.85257706871852],[-83.62535785748042,39.8527274602436],[-83.63117276280732,39.85306421813774],[-83.63228896895518,39.85312881418127],[-83.63452281226714,39.853258075048636],[-83.63477530354068,39.853272677878394],[-83.63486328633623,39.8532777597314],[-83.634881862598,39.85327884244393],[-83.6349072301233,39.85328030789879],[-83.63498843513004,39.85328500218157],[-83.63529485227009,39.853302732457664],[-83.63538990390862,39.853308242565895],[-83.63731492529053,39.85341959010356],[-83.6380395423313,39.85346150408332],[-83.63943312667934,39.853542071427775],[-83.64418790768154,39.8538168691649],[-83.64427601174967,39.853821966838886],[-83.64476381581356,39.8538501467903],[-83.6532823357353,39.854341911043825],[-83.65383026044789,39.85437352506367],[-83.65486264210165,39.85446057026102],[-83.65620191161265,39.8545734868673],[-83.65665030838167,39.85461128660439],[-83.66301086568349,39.85514729612423],[-83.66919797267698,39.85566838468275],[-83.67230936132539,39.855930289436806],[-83.6725624499786,39.85594881413728],[-83.67265465036441,39.855955552898386],[-83.68153598365974,39.856604770674345],[-83.68182862872816,39.856626159069194],[-83.68196613474701,39.85663620504754],[-83.691561041195,39.857336794628196],[-83.69629081040476,39.857695191732645],[-83.69636170904023,39.8577005725365],[-83.69729755863187,39.85777576720938],[-83.69742052451954,39.857785655795105],[-83.69870804568029,39.857878740830486],[-83.70074249533855,39.858029555173104],[-83.70104464548098,39.85805547709835],[-83.70174919236167,39.85811592822283],[-83.70222184184675,39.85815646224976],[-83.70266437980348,39.85819442068482],[-83.70275313874343,39.858202039124876],[-83.70310694201471,39.85823238668419],[-83.70328394785493,39.858247581490915],[-83.70356778134872,39.85827191179314],[-83.70381503724079,39.85829310934561],[-83.70434609069405,39.858338662684375],[-83.70480001389869,39.85837759331887],[-83.70487724296197,39.85838352641843],[-83.7057744596065,39.85845248866444],[-83.70686812163399,39.858536522839906],[-83.70876098422706,39.85868195776877],[-83.71048341125787,39.85881425952606],[-83.71049047471094,39.8588148022178],[-83.71049211054307,39.85880220445862],[-83.71049408773501,39.85878698357105],[-83.71049750402806,39.858760176513286],[-83.71050459712552,39.858705028070275],[-83.71136051552149,39.8520442080144],[-83.71141426621652,39.851618564736754],[-83.71222300868703,39.84521189446966],[-83.71231922094891,39.84444970621186],[-83.7123223407979,39.84442485855181],[-83.71232923806264,39.844370211738635],[-83.71232954528647,39.8443677294531],[-83.71233613622572,39.84431556281279],[-83.71233990914989,39.84428575121706],[-83.71303350466897,39.83847311388403],[-83.71304033186514,39.83841538869612],[-83.71304079270087,39.838411688742184],[-83.71304719589222,39.83835766070064],[-83.71304785076406,39.83835224527127],[-83.71357552116196,39.83390176917797],[-83.71361780306574,39.83354493446773],[-83.71368763899424,39.83295601948843],[-83.71398950347243,39.830409657416176],[-83.71419026076876,39.82855317242615],[-83.71419746615565,39.828486380154686],[-83.71420467154255,39.828419754768156],[-83.71421068037348,39.82836420596831],[-83.71493103041668,39.8216743823139],[-83.71505839355764,39.82052349695553],[-83.71556522573589,39.815834789781796],[-83.71575869500032,39.814044827747715],[-83.71576460681321,39.81399011329135],[-83.7161872821207,39.81007935348164],[-83.71668743173153,39.80545275971808],[-83.71708734462804,39.80175252791521],[-83.71717379399941,39.800965946458064],[-83.71741861994862,39.798738238463756],[-83.71750803735368,39.79792458466683],[-83.71751157581758,39.797892384924126],[-83.71751863657572,39.797828010930225],[-83.7175257341648,39.79776360926873],[-83.71781311959721,39.79514817765409],[-83.7178985583639,39.794370672248945],[-83.71810203665721,39.79250746746649],[-83.71811611774929,39.79239068909592],[-83.71812910379504,39.792272468619174],[-83.71869031369239,39.787164342407415],[-83.71878665710828,39.786287292775384],[-83.71880569061251,39.786114180206944],[-83.71882468998078,39.78594106651262],[-83.71886653171008,39.78556015203408],[-83.71900522170849,39.78429767344024],[-83.71921797420882,39.78236093721905],[-83.71922736519677,39.7822752593383],[-83.71923679121906,39.78218958273153],[-83.71939214047441,39.78077524610216],[-83.71945664759664,39.78018783886299],[-83.71890087071013,39.7801459927016],[-83.71610236347856,39.77993528344748],[-83.7153336364624,39.77987739793682],[-83.71066796833637,39.77952593613008],[-83.70579193363541,39.77915842557109],[-83.70336839218658,39.77897567128507],[-83.70165661198851,39.77884658061493],[-83.70034693747452,39.77874779713111],[-83.70025750659474,39.77874102663225],[-83.70016807481663,39.77873428443809],[-83.69892503912706,39.778640510155256],[-83.69870198205213,39.77862367466487],[-83.69781754843409,39.77855695261969],[-83.69727562087434,39.77851604437851],[-83.69724173642182,39.77851347963014],[-83.69673369421288,39.77847516027614],[-83.69561980931171,39.778391083375844],[-83.69185432406726,39.77810678320129],[-83.68289396328147,39.77744695784882],[-83.68266119811325,39.777412218250504],[-83.68247863709132,39.77739841326129],[-83.68164951454197,39.777335739155376],[-83.67615302515237,39.776920053071834],[-83.67466128368989,39.7768071779632],[-83.66895017510082,39.77637491844986],[-83.66878643288577,39.77636252511654],[-83.6686226888741,39.77635012970975],[-83.6673804688548,39.776256055997194],[-83.6673074349239,39.77625052451963],[-83.66723443333234,39.77624502065765],[-83.66528943791009,39.77609769760028],[-83.66214189925802,39.77585924798975],[-83.66157162985104,39.775818704058906],[-83.6540860404537,39.77528622557387],[-83.6539987960733,39.77528002846424],[-83.65391155438785,39.775273807189734],[-83.65208556687612,39.775143840349585],[-83.64768154205976,39.774830280166746],[-83.64791731568585,39.77272538060392],[-83.6451807993954,39.772547321463406],[-83.64447709154118,39.77250149236003],[-83.64247642123257,39.77233843724853],[-83.63737297891575,39.77192229221892],[-83.6364547964908,39.7718473936622],[-83.63450756785676,39.77168854457258],[-83.63169604403673,39.77145911626065],[-83.6241713644498,39.77084477432989],[-83.62234477506682,39.770706032423725],[-83.61540654444346,39.77017881504912],[-83.61481086978192,39.77013354226093],[-83.61455709840911,39.77011424319743],[-83.61087850810041,39.76983450663084],[-83.61075307364236,39.76982496097261],[-83.61062768589667,39.769815416694],[-83.60969942706919,39.76974482020003],[-83.60538762329989,39.76941674803169],[-83.60018706501603,39.76908707240725],[-83.59205023925851,39.76857081430091],[-83.58990500846113,39.76843462326918],[-83.58957996744861,39.76933988443761],[-83.58768180838864,39.77462580427815],[-83.58695211137493,39.77665761853893],[-83.58598303579588,39.77935570747691],[-83.58596404271583,39.77940862554245],[-83.58594504694082,39.779461540805784],[-83.58498452422161,39.78213562439099],[-83.58483623033449,39.782548441691176],[-83.58453321421611,39.783391946965175],[-83.58297170240213,39.78773859195661],[-83.58178205628485,39.79104970874602],[-83.58156282064314,39.791659897276475],[-83.58132441315662,39.79246132241205],[-83.58105418913938,39.79336971387267],[-83.57999536827019,39.79692888964782],[-83.578420943174,39.80222045655465],[-83.5778847271028,39.80402245370195],[-83.57651549698043,39.80862344190343],[-83.57649718931495,39.80868499926187],[-83.57647888344609,39.80874653034239],[-83.5753827285937,39.812429451579874],[-83.57380107116116,39.81774284552513],[-83.57378492574054,39.81779713334502],[-83.57376521760153,39.81785123689687],[-83.57343319578094,39.81876190589508],[-83.57323639556344,39.81930166995231],[-83.57303728667566,39.81984774360895],[-83.57299897802038,39.81997009508023],[-83.5728662672085,39.82039384466435],[-83.57269359753616,39.82094518017489],[-83.57259709242352,39.82125331210296],[-83.57252420671462,39.82148603444571],[-83.57235317107778,39.822032128691134],[-83.57218208333867,39.82257839246013],[-83.57200299700024,39.82315007782392],[-83.57182677269432,39.823712817722495],[-83.57165584755026,39.82425847273146],[-83.57154425613074,39.824614674046536],[-83.57148493228769,39.82480413168612],[-83.57143690206439,39.82495745269138],[-83.57131401433016,39.82534976561013],[-83.57128279158583,39.82544949150127],[-83.57122054552316,39.82564822948913],[-83.57088039844082,39.82673417915383],[-83.57020926709207,39.828876586063245],[-83.57019229432308,39.82893071814485],[-83.5701753574867,39.82898484742434],[-83.56926938226816,39.83187676305216],[-83.5687902963541,39.83340599065552],[-83.56757702095157,39.8372782387485]],[[-83.63832743261692,39.83379846986407],[-83.63807079112678,39.8338492572642],[-83.63720499216099,39.83402052925773],[-83.63718207434145,39.834814990907645],[-83.63689133909133,39.83479749867042],[-83.63678486178071,39.83479109170116],[-83.63607481182058,39.83474831578437],[-83.63490502655591,39.8346778680109],[-83.6339796342525,39.83462209387395],[-83.63399990294025,39.83444311055897],[-83.63406075661422,39.83389413907329],[-83.63338030434608,39.83385314578504],[-83.63159866755825,39.83104230998401],[-83.63159855526882,39.83104211751606],[-83.63050880181115,39.82919883713045],[-83.63043465666422,39.82907342458662],[-83.63039017119304,39.82899816053147],[-83.63036051241562,39.82894801319348],[-83.63006423006861,39.82844685583295],[-83.62933650665357,39.82721585554636],[-83.62931677336172,39.827182467737224],[-83.62922809527014,39.82703245695763],[-83.62902694630836,39.82669214468373],[-83.62900754449485,39.82665936027657],[-83.62895822518911,39.826575878318955],[-83.62889129800551,39.8264626673033],[-83.62880591942596,39.82631825484317],[-83.62873588407146,39.82619977534342],[-83.62865361725605,39.82606057589933],[-83.6286437339913,39.82604389620394],[-83.62863384803158,39.826027188908526],[-83.62855194952546,39.82588861761453],[-83.62846972133761,39.825749500328264],[-83.628409165006,39.82564704423513],[-83.62838961407215,39.82561395715154],[-83.62837006493494,39.82558089971781],[-83.62832166460575,39.825499055663705],[-83.62829541583315,39.825454694077294],[-83.62815684261572,39.8252202203921],[-83.62802676656258,39.8250001595051],[-83.62799711317506,39.82494998165244],[-83.62731419682808,39.82379463975708],[-83.62575177502073,39.82409278681949],[-83.62546420992523,39.82320903287389],[-83.62537256649489,39.822927404438516],[-83.6252965483606,39.82269380524298],[-83.62527923602845,39.82264054377289],[-83.62526189045862,39.82258728502118],[-83.62623394305453,39.82240590800832],[-83.6265336434912,39.822349212501244],[-83.62555679478999,39.820451974132446],[-83.62618944231198,39.82032830156195],[-83.62629450028446,39.82030779811341],[-83.62639611411613,39.820287931489275],[-83.6330732682668,39.81898271260978],[-83.63415829029788,39.818770578848856],[-83.63580851972932,39.818436625869616],[-83.63598286386134,39.81840133015027],[-83.63884640732286,39.817821780194265],[-83.64223678574906,39.81717900588357],[-83.64264184509382,39.81835512450388],[-83.64267859337545,39.81846181274041],[-83.64273897184064,39.81863715668385],[-83.64337733803774,39.81838745334911],[-83.64356538147786,39.81831950514346],[-83.6436436193492,39.81840072159131],[-83.6459002798694,39.82074390611704],[-83.64542737975437,39.82103392708078],[-83.64579593695589,39.82106494238216],[-83.64649675762477,39.821123946137625],[-83.64696345846603,39.820823053984064],[-83.64708050355766,39.82094465857225],[-83.64785641440116,39.82175095907347],[-83.64852239930167,39.822440989860674],[-83.64891842698457,39.82218564354513],[-83.64931448880344,39.82193029697065],[-83.64951660704743,39.82179998912909],[-83.64867775215026,39.82102561525637],[-83.64938891422473,39.820641021688125],[-83.64979856306229,39.82037686346231],[-83.64904425041314,39.81967831918981],[-83.64891896777036,39.81956228865375],[-83.64912378994335,39.81943019621001],[-83.64932897503571,39.81929845677554],[-83.6499814052569,39.81887951160709],[-83.65001293612336,39.818859269915535],[-83.65080211867688,39.81835249431308],[-83.65188802734515,39.817655139004216],[-83.65459913748272,39.815920404472664],[-83.6551943558001,39.81553952491987],[-83.6553196043069,39.815655520847585],[-83.65586776168315,39.816163109145705],[-83.65585926811215,39.81620275576337],[-83.65588457006045,39.81624920642605],[-83.6559795291725,39.81636547508467],[-83.65614291745132,39.81650959382502],[-83.6562931786489,39.81671223750099],[-83.65644340481217,39.81691490955906],[-83.65666323064703,39.817254470562595],[-83.65675681264177,39.817287563051615],[-83.65689908691814,39.817305074927084],[-83.65694485159028,39.81740667269644],[-83.65705067402907,39.81758710520646],[-83.6571847224324,39.81777373742505],[-83.65736807756504,39.817904230226624],[-83.65749785088593,39.81805417054833],[-83.65766395477186,39.81832471860902],[-83.65774850061314,39.81840328140269],[-83.65782189207354,39.81843399154212],[-83.65782318205427,39.81843447383519],[-83.65784453680521,39.81844250032306],[-83.65801818923448,39.81850771817593],[-83.65810345821957,39.81858468071006],[-83.65811235513414,39.81878345097297],[-83.6582040767179,39.81891221347999],[-83.65866042088223,39.81941778510425],[-83.65887710351193,39.81966353327472],[-83.65899810298743,39.819869841695464],[-83.65917488424881,39.820062610424095],[-83.6593178053122,39.82023841738446],[-83.65958794578613,39.82032219889398],[-83.65981699642066,39.820399548531284],[-83.65998091111223,39.82049302992408],[-83.66010703547644,39.820669028280335],[-83.66019245358186,39.82075463832891],[-83.66032128636664,39.82075767342988],[-83.6605196002454,39.82089836494223],[-83.6606442846102,39.820987895002006],[-83.66078631364651,39.821111847194665],[-83.66118577199548,39.82133414285318],[-83.6613170221467,39.8214328596625],[-83.66136155343195,39.82146640895309],[-83.66147664648447,39.82165113743167],[-83.661546348564,39.82180174917108],[-83.66152071064579,39.82194466084435],[-83.66138004165882,39.82222472576903],[-83.6612606878969,39.82245502038883],[-83.66119653650752,39.822637187935975],[-83.66116047723371,39.82282344353569],[-83.66118885142026,39.82300689199578],[-83.66119184640343,39.82302630110043],[-83.66120166409117,39.82306851098554],[-83.66107487677027,39.823149855666955],[-83.65933439809382,39.82414932841595],[-83.65764668825378,39.82467300415836],[-83.65764339682659,39.824674025229825],[-83.6576401053994,39.8246750428517],[-83.65763681037892,39.82467606185337],[-83.65763351895173,39.82467707671557],[-83.65763022482956,39.82467809019791],[-83.65762692711417,39.82467910299035],[-83.65762363299201,39.82468011233322],[-83.65762033347998,39.82468112167601],[-83.65761703576456,39.82468212687934],[-83.65761373625251,39.82468313415239],[-83.65761043943543,39.82468413935569],[-83.65760713633013,39.82468514041953],[-83.65760383951306,39.82468613941359],[-83.65760053730605,39.82468713840763],[-83.65759723150582,39.824688137401665],[-83.65759392929884,39.824689135015824],[-83.6575906243969,39.8246901278006],[-83.65758731859664,39.82469111920557],[-83.65758401369473,39.82469210992054],[-83.65758070789447,39.82469310132549],[-83.65757739760265,39.82469408652119],[-83.65757408731083,39.82469507171683],[-83.65757077881564,39.82469605691251],[-83.65756747121877,39.82469704003839],[-83.65756415823199,39.82469801902482],[-83.65756084704185,39.82469900008091],[-83.6575575340551,39.82469997699759],[-83.65755422286495,39.82470095460413],[-83.6575509044883,39.824701927381234],[-83.65754759150153,39.8247029008483],[-83.65754427492149,39.824703871555656],[-83.65754095923978,39.82470484088321],[-83.6575376381682,39.82470580607124],[-83.65753432158816,39.824706772639104],[-83.65753100321149,39.82470773989684],[-83.65752768124158,39.824708703015105],[-83.65752436016997,39.82470965992415],[-83.65752103909837,39.824710620972624],[-83.65751771712843,39.824711580641285],[-83.6575143933619,39.824712535480565],[-83.65751106869702,39.82471349031983],[-83.65750774493047,39.82471444377923],[-83.6575044211639,39.82471539447892],[-83.65750109110915,39.82471634586859],[-83.6574977673426,39.8247172924288],[-83.65749443728787,39.82471823967899],[-83.65749110813142,39.82471918485933],[-83.65748777807666,39.82472012590022],[-83.65748444892021,39.82472106901088],[-83.65748111706881,39.82472200591226],[-83.65747778701406,39.82472294488338],[-83.65747445246772,39.82472388178473],[-83.65747111971804,39.824724818686114],[-83.65746778517169,39.82472575006815],[-83.65746444972703,39.82472668283001],[-83.65746111518071,39.824727610072564],[-83.65745777973605,39.82472853869491],[-83.65745443979982,39.82472946593745],[-83.65745110166023,39.824730389040475],[-83.65744776441895,39.82473131421322],[-83.65744442358441,39.82473223317673],[-83.65744108364818,39.82473315421],[-83.65743774281364,39.82473407317348],[-83.65743440018247,39.824734990067235],[-83.65743105934793,39.824735904891256],[-83.65742771671675,39.82473681557577],[-83.65742436779738,39.824737729019915],[-83.65742102247124,39.8247386397044],[-83.65741767624682,39.82473954900908],[-83.6574143309207,39.82474045555405],[-83.65741098469627,39.8247413586495],[-83.65740763937015,39.82474226174492],[-83.65740428775584,39.824743164840285],[-83.65740093883646,39.8247440637962],[-83.65739758812043,39.82474496068238],[-83.65739423470949,39.82474585963827],[-83.65739088579011,39.82474675445465],[-83.65738753148082,39.82474764513158],[-83.65738417806988,39.82474854063786],[-83.6573808237606,39.824749429245],[-83.65737747034966,39.82475031578241],[-83.65737411334544,39.824751203009725],[-83.65737075634121,39.82475208816731],[-83.65736739754036,39.82475297056518],[-83.65736404053615,39.82475385365297],[-83.65736068443026,39.82475473260131],[-83.65735732742604,39.824755611549584],[-83.65735396503193,39.82475649049789],[-83.65735060623109,39.82475736323693],[-83.65734724383698,39.824758235976006],[-83.6573438841378,39.824759107335225],[-83.65734051994708,39.82475997800451],[-83.65733715485801,39.82476084453434],[-83.65733378976896,39.824761713823804],[-83.65733042557822,39.82476257828385],[-83.65732706048917,39.82476344136408],[-83.65732369540012,39.82476430237453],[-83.65732032851444,39.82476516338502],[-83.6573169580355,39.82476602025601],[-83.65731359025149,39.82476687643706],[-83.6573102179759,39.82476773330797],[-83.6573068501919,39.82476858465964],[-83.65730347701802,39.82476943739109],[-83.65730010923401,39.82477028805281],[-83.65729673695844,39.824771136644806],[-83.6572933610896,39.824771981787165],[-83.6572899879157,39.82477282623963],[-83.65728661204687,39.82477366931231],[-83.65728324246625,39.82477451238492],[-83.6572798665974,39.82477535062816],[-83.65727649072856,39.82477618749154],[-83.65727310946984,39.82477702642468],[-83.657269733601,39.82477785914859],[-83.65726635593552,39.824778691872496],[-83.6572629746768,39.824779524596345],[-83.65725959611302,39.82478035525051],[-83.6572562148543,39.82478118245505],[-83.6572528309006,39.82478200689999],[-83.6572494505402,39.82478283617428],[-83.65724606658651,39.8247836564797],[-83.65724268802273,39.82478447954476],[-83.65723929867917,39.82478529985012],[-83.6572359147255,39.824786116705944],[-83.65723252807688,39.82478693149205],[-83.65722914681815,39.82478774834786],[-83.65722576016954,39.82478856106417],[-83.65722236902933,39.8247893717108],[-83.65721898238071,39.82479018235737],[-83.6572155957321,39.824790988864436],[-83.65721220369356,39.824791798131145],[-83.65720881435,39.82479260256853],[-83.65720542231149,39.824793402866355],[-83.65720203296793,39.82479420385411],[-83.65719864092942,39.82479500622169],[-83.65719524619595,39.82479580306998],[-83.65719185146249,39.824796599918216],[-83.65718845942399,39.82479739262699],[-83.65718506469052,39.82479818533576],[-83.65718166995707,39.824798975974815],[-83.65717826983371,39.82479976661379],[-83.6571748777952,39.82480055311333],[-83.65717148036678,39.824801339612854],[-83.65716808024344,39.82480212473257],[-83.65716468281505,39.824802909162315],[-83.65716127999676,39.82480368738288],[-83.65715788256834,39.82480447043281],[-83.65715448244498,39.82480524727352],[-83.65715107962669,39.824806021354625],[-83.6571476768084,39.82480679612554],[-83.65714427578672,39.82480756882678],[-83.65714087296844,39.824808337388525],[-83.65713761298227,39.82480907628402],[-83.65713435838599,39.82480981104006],[-83.65713109839983,39.8248105444163],[-83.65712783661704,39.824811275032836],[-83.65712457663086,39.824812004269575],[-83.65712131394976,39.824812734886144],[-83.65711805396359,39.82481346205311],[-83.65711479128248,39.824814184390675],[-83.65711152860136,39.8248149094879],[-83.65710826592024,39.82481563458515],[-83.65710500234083,39.824816355542865],[-83.65710173696478,39.824817074430904],[-83.65709846889376,39.82481778917939],[-83.65709520621266,39.82481850599765],[-83.65709193814166,39.82481922074617],[-83.65708867007065,39.82481993549463],[-83.65708540469458,39.82482064472386],[-83.65708213662359,39.82482135533287],[-83.65707886855259,39.8248220666318],[-83.65707559778663,39.824822771031606],[-83.65707232971562,39.82482347612125],[-83.65706905894969,39.82482418121095],[-83.65706578818373,39.824824883541005],[-83.65706251651947,39.82482558242148],[-83.65705924575352,39.824826281301966],[-83.65705597229261,39.824826978112654],[-83.65705269883172,39.8248276749234],[-83.65704942537084,39.82482837173408],[-83.65704615101161,39.824829064405314],[-83.65704287755072,39.824829755696705],[-83.65703960139487,39.82483044422848],[-83.65703632793398,39.8248311306905],[-83.6570330490832,39.82483181991214],[-83.65702977202903,39.824832504304375],[-83.65702649317826,39.824833189386574],[-83.65702321702243,39.824833870329215],[-83.65701993547668,39.82483455058199],[-83.65701665842252,39.82483523152467],[-83.65701337957174,39.82483590832786],[-83.65701010072095,39.824836583061334],[-83.6570068182769,39.8248372577948],[-83.65700353942611,39.82483793045847],[-83.65700025788038,39.824838601052434],[-83.6569969727414,39.82483927164645],[-83.65699369119565,39.82483993879083],[-83.65699040875161,39.824840605245285],[-83.65698712181597,39.82484126825021],[-83.65698384027024,39.82484193263494],[-83.6569805524363,39.82484259357013],[-83.65697726819563,39.82484325450528],[-83.65697398036168,39.824843912680784],[-83.65697069342608,39.824844571546194],[-83.65696740828707,39.8248452242024],[-83.65696412135145,39.82484588099808],[-83.65696083441583,39.82484653365427],[-83.65695754119199,39.82484718424074],[-83.656954256053,39.824847830687716],[-83.65695096642243,39.82484848127417],[-83.65694767589355,39.824849126341284],[-83.65694438356802,39.82484977071852],[-83.6569410912425,39.8248504137159],[-83.65693780340855,39.824851053953644],[-83.6569345074898,39.8248516948813],[-83.65693121785922,39.82485233304931],[-83.6569279246354,39.824852969837515],[-83.65692462961493,39.82485360662566],[-83.65692133908604,39.8248542413441],[-83.65691804047232,39.82485487192304],[-83.65691474814682,39.82485550250196],[-83.65691144953308,39.82485613101122],[-83.65690815091935,39.824856755380935],[-83.65690485859385,39.82485738182041],[-83.65690155998011,39.82485800619011],[-83.6568982613664,39.82485863124973],[-83.65689496095604,39.824859251479985],[-83.65689166503726,39.82485987033039],[-83.65688836642353,39.82486048849092],[-83.65688506511486,39.824861105271545],[-83.65688176470451,39.82486171998249],[-83.65687846339584,39.82486233400352],[-83.65687515939223,39.82486294457498],[-83.65687186077852,39.82486355514643],[-83.65686855946984,39.82486416571787],[-83.65686525816116,39.82486477214982],[-83.65686195236093,39.82486537444228],[-83.65685865105226,39.82486597949444],[-83.6568553443537,39.824866583856654],[-83.65685204035007,39.82486718407944],[-83.65684873365151,39.82486778292232],[-83.65684542964789,39.82486838107532],[-83.65684212564429,39.8248689757788],[-83.65683881625078,39.824869569792305],[-83.65683551224717,39.82487016449573],[-83.65683220285366,39.824870752989945],[-83.65682889435848,39.82487134355392],[-83.65682558496498,39.824871932048126],[-83.65682227557147,39.82487251847261],[-83.65681896617797,39.82487310282732],[-83.65681565947939,39.82487368718208],[-83.65681234739094,39.82487426946706],[-83.65680903799743,39.824874851752035],[-83.65680572501066,39.82487542851778],[-83.6568024129222,39.82487600666327],[-83.6567991035287,39.82487658066931],[-83.65679578874531,39.82487715536527],[-83.6567924739619,39.824877727991456],[-83.65678916187345,39.824878297858056],[-83.65678584978501,39.82487886841452],[-83.65678253230666,39.82487943483149],[-83.65677921931987,39.82488000331822],[-83.65677590453649,39.82488056766547],[-83.65677258705814,39.82488113201271],[-83.65676927227474,39.82488169015075],[-83.6567659547964,39.82488225035855],[-83.65676263911469,39.82488281056629],[-83.65675931624645,39.8248833652548],[-83.65675600146305,39.824883919253324],[-83.65675268398472,39.82488447325191],[-83.65674936560806,39.824885025870636],[-83.65674604543476,39.824885576419646],[-83.65674272526147,39.82488612420896],[-83.65673940418985,39.824886672688244],[-83.65673608401657,39.82488721702798],[-83.65673276294497,39.82488776136777],[-83.65672944007675,39.82488830570755],[-83.65672611990345,39.82488884590786],[-83.65672279613689,39.82488938403843],[-83.65671947326867,39.82488992216894],[-83.65671615219705,39.824890460299514],[-83.65671282932881,39.82489099222088],[-83.65670950556228,39.824891528971584],[-83.65670617730413,39.824892056753505],[-83.6567028535376,39.82489258729501],[-83.65669953066934,39.82489311714659],[-83.6566962015129,39.824893643548656],[-83.65669287594973,39.82489416995072],[-83.65668954948823,39.82489469152336],[-83.65668622123009,39.82489521378593],[-83.6566828947686,39.82489573190901],[-83.65667956561215,39.824896252101844],[-83.65667624004898,39.82489677022492],[-83.65667291089254,39.82489728627827],[-83.65666957993945,39.824897800951824],[-83.65666625078303,39.824898312865685],[-83.65666291893163,39.82489882477959],[-83.65665959247015,39.82489933324388],[-83.65665626151706,39.82489983894858],[-83.65665292966567,39.82490034534314],[-83.6566495978143,39.82490085104778],[-83.6566462659629,39.824901355372624],[-83.65664293500981,39.82490185555803],[-83.65663960046349,39.82490235574338],[-83.65663626861209,39.82490285316909],[-83.65663293406575,39.82490335128472],[-83.65662960221438,39.82490384526086],[-83.6566262649731,39.82490433992692],[-83.65662293132507,39.82490483183334],[-83.65661959408379,39.82490532167004],[-83.65661625953744,39.82490581150673],[-83.65661292499112,39.824906297893854],[-83.65660958774984,39.82490676979282],[-83.65413272320406,39.82526665047169],[-83.65106060081504,39.82571145979262],[-83.65105786454669,39.825711843378556],[-83.65049259785752,39.82578287710551],[-83.65049814854767,39.82572653968467],[-83.65054889437808,39.82521406089631],[-83.65056823600445,39.82501850144632],[-83.64984251583249,39.82496797520239],[-83.64944062215079,39.82493998967982],[-83.6491803927894,39.824921870558796],[-83.64893217839492,39.82490456690762],[-83.6487769306492,39.824893762903265],[-83.64870171381217,39.82488851475058],[-83.64847121509342,39.824872461899865],[-83.64824071727298,39.82485641111517],[-83.64801025269018,39.8248403596368],[-83.64777975486975,39.82482430539504],[-83.64759317388695,39.8248113081486],[-83.64756906579966,39.825065941689296],[-83.64753200759924,39.8254574833644],[-83.647513239098,39.82565597434376],[-83.64748804045598,39.825922424132244],[-83.64748582341386,39.82594556339456],[-83.64748448222912,39.825959440049225],[-83.64747898903117,39.826014981134854],[-83.64718173021545,39.82603598581714],[-83.64678403076782,39.82606406954885],[-83.64669788951859,39.826070156529084],[-83.6464760406777,39.82610398365443],[-83.64633236862274,39.82612587206952],[-83.64587592474541,39.82619546210215],[-83.64571793713809,39.82621954781208],[-83.64539365430366,39.82626898309818],[-83.6454120122748,39.82632214861965],[-83.64557509512643,39.82679390311746],[-83.64559363365895,39.82693810761063],[-83.64590387223222,39.82934931987727],[-83.64457480309126,39.83010560291259],[-83.64442850076915,39.83018884947872],[-83.64358132747246,39.8306709121122],[-83.64373365838844,39.831812672671965],[-83.6417964145288,39.83168653366669],[-83.64017627237116,39.832385641556144],[-83.64020319667686,39.83278141709235],[-83.64022833513178,39.833150904456744],[-83.63925492607979,39.8335001600431],[-83.6393097574481,39.833590967791224],[-83.63913558130103,39.83362774779583],[-83.63899842652344,39.83340055000197],[-83.63840622924039,39.833525653192794],[-83.63819028053429,39.833571268496065],[-83.63832743261692,39.83379846986407]]]}},{"type":"Feature","properties":{"name":"Moorefield","kind":"township"},"geometry":{"type":"MultiPolygon","coordinates":[[[[-83.81563968458055,39.954117635272745],[-83.81564887165096,39.95411811041474],[-83.81569899405055,39.95412070579186],[-83.81571297722627,39.9540333023338],[-83.8156617040848,39.95403025591219],[-83.81508196553642,39.95399551402586],[-83.81563968458055,39.954117635272745]]],[[[-83.81701556223602,39.95447237606807],[-83.81721333892223,39.954518732457046],[-83.81721989392886,39.954520240507605],[-83.81784606819092,39.95466427571045],[-83.81883095411897,39.95489513809346],[-83.8188306567766,39.95489779954704],[-83.81883065318334,39.95489782777976],[-83.81868561209588,39.956193722325466],[-83.81868988358507,39.95619419469869],[-83.81868999856941,39.95619420709332],[-83.81951665883659,39.95628560229927],[-83.82031231465004,39.956373566833264],[-83.82109113783169,39.95645614098696],[-83.82160039635951,39.956512176883734],[-83.82183927815652,39.95653847885549],[-83.82211256093728,39.95656713647319],[-83.82233411872403,39.9565903907391],[-83.82264661835686,39.95662140812067],[-83.82284709987039,39.95664130275609],[-83.82341203867448,39.95670417133613],[-83.82373962730914,39.95674066773876],[-83.82437341838647,39.956801632979605],[-83.82560190586001,39.95691594481161],[-83.8258879294465,39.9569425654421],[-83.8259925427529,39.956952298564524],[-83.82529025513514,39.95603361791222],[-83.82529010781143,39.95603342441778],[-83.82503888406076,39.955707853749374],[-83.82478393050502,39.955377380772674],[-83.82456486374656,39.95508468566289],[-83.82456476133864,39.95508455345129],[-83.824530981989,39.95503941145177],[-83.82433367602002,39.95477902837917],[-83.82415359614488,39.95453651092509],[-83.82401560503577,39.95452825314468],[-83.82168515060995,39.95438938979685],[-83.82135340996204,39.95436961845592],[-83.82115128992143,39.954357570550506],[-83.82113525679023,39.95435661544954],[-83.82098692427559,39.954347790921965],[-83.82073206953453,39.954332609151145],[-83.82047628234221,39.95431734405521],[-83.82012281504085,39.954296283615925],[-83.81977906391761,39.95427579747088],[-83.81973174336338,39.95427298174445],[-83.81903026602599,39.95423115211425],[-83.81900466763368,39.95422962546483],[-83.81801677055279,39.95417074579998],[-83.81717655291135,39.95412063142178],[-83.81657781140143,39.95408468864218],[-83.81701556223602,39.95447237606807]]],[[[-83.8084197737251,39.9563957820847],[-83.8084173509688,39.956392337075485],[-83.80841578520524,39.95638927561001],[-83.80841360679068,39.95638701290739],[-83.80815408081017,39.95611743882693],[-83.80814568785047,39.956105613644475],[-83.8081249843781,39.95607644352107],[-83.80805376504406,39.95597609770566],[-83.8080204123942,39.9559291039784],[-83.80795291298375,39.95583400021568],[-83.80794122230864,39.955817528348646],[-83.80778587305332,39.955598645842784],[-83.80776032945819,39.95556265563815],[-83.80773674778366,39.95552942875597],[-83.80767510179562,39.95544257040221],[-83.80755402237004,39.95527197134465],[-83.80702993175856,39.95453352099168],[-83.80702227541741,39.954522732578326],[-83.80700810629041,39.954502768465794],[-83.8069501182422,39.954421061666174],[-83.80695012453042,39.95441992201901],[-83.8069604335966,39.954311072198664],[-83.80698377272601,39.95406461835551],[-83.80700840273445,39.95380453318497],[-83.80703173647397,39.95355814155794],[-83.80703446645411,39.95352931327947],[-83.80703774081334,39.95349473365259],[-83.80703855109371,39.953486178952055],[-83.8070020399673,39.95348380253139],[-83.80694149711042,39.953479869145305],[-83.80623041857929,39.953434569770195],[-83.80623031976461,39.95343456357262],[-83.80622983197941,39.9534396311159],[-83.80622993079409,39.953439636624836],[-83.80622884562922,39.95345090173294],[-83.8062232617014,39.95350891298193],[-83.80617187627053,39.954001441604994],[-83.80617045603407,39.95401510299259],[-83.80615394499915,39.95417298378592],[-83.80614476421694,39.95426137866413],[-83.80614322091128,39.95427613902144],[-83.8061360864913,39.95434452553664],[-83.80611819205085,39.95451606892291],[-83.80610905977765,39.95460342287295],[-83.80610029671206,39.954687613256105],[-83.80608236813562,39.954859155093224],[-83.80608055892863,39.954876912814655],[-83.80606625774932,39.95501373759762],[-83.80606447100021,39.95503075158829],[-83.80605195387504,39.955150566927045],[-83.80604657655975,39.95520229531914],[-83.80602868391593,39.95537383724254],[-83.80602342158501,39.95542419171184],[-83.80601078857715,39.955545407656736],[-83.80599488929494,39.955697845011606],[-83.80599289323837,39.9557169473423],[-83.80597499789961,39.95588851758434],[-83.80596632017397,39.95597152682582],[-83.80593778518897,39.956245180001204],[-83.80590921516966,39.95651883965606],[-83.80590410016244,39.95656367494651],[-83.80589886837423,39.95661366840902],[-83.80516374553619,39.956568121841116],[-83.80502149192105,39.95655971281686],[-83.80369835705086,39.956481230377186],[-83.80355621931841,39.95647279655308],[-83.80355610343574,39.95647278966724],[-83.8035382575043,39.95663544288729],[-83.80350542767393,39.95694110151427],[-83.80348842256561,39.957111042255804],[-83.80347619290133,39.95724257289653],[-83.80344566365639,39.95754548758451],[-83.80341408787415,39.95786101216331],[-83.8033843266888,39.95815733035693],[-83.80338208988374,39.958176847897384],[-83.80334485830848,39.95851437480177],[-83.80332156229822,39.95874069136433],[-83.80330839569109,39.958866084456],[-83.80329274075065,39.95901489670275],[-83.80328929301658,39.95904785197517],[-83.80327393991006,39.959201053399255],[-83.80326720254543,39.95926803583633],[-83.80324773156164,39.95945672504814],[-83.80323733266391,39.95955293234947],[-83.80318998875349,39.96000184379974],[-83.8031942620393,39.9600021075153],[-83.80319437702366,39.960002115089345],[-83.80333221901243,39.96001061595628],[-83.80343673080921,39.96001708628172],[-83.80409094688117,39.960057450577516],[-83.80413116535475,39.9600599390037],[-83.80479827584432,39.96010111714195],[-83.80599245036895,39.96016541610383],[-83.80616233795885,39.96017456281095],[-83.80627747592712,39.96018074737237],[-83.8071878609754,39.96023466086025],[-83.80792077485614,39.96027808149926],[-83.80808997433654,39.95957223879321],[-83.80809203597012,39.95957236066776],[-83.80808995816686,39.95957137878591],[-83.80811599224211,39.95946280707939],[-83.80791176475385,39.95945069741244],[-83.8077595892464,39.95930403166511],[-83.80773470052313,39.959280066351326],[-83.8071957374038,39.958760567480546],[-83.80697107593778,39.95854403965361],[-83.80716291206502,39.957592225427696],[-83.80765206899173,39.95777459195013],[-83.80784855120562,39.95795365490169],[-83.80816419045037,39.95813443812373],[-83.80835264262393,39.95817104875438],[-83.80849912730406,39.95815203455768],[-83.80892349144428,39.9580970597162],[-83.80923654354102,39.95809867303932],[-83.8092746231259,39.958101242099644],[-83.80977388160798,39.95813581388891],[-83.8098424320473,39.95748004243144],[-83.8099119257177,39.95681525731294],[-83.80991228234886,39.95681184468832],[-83.80858836235112,39.95672989619958],[-83.80856493788177,39.95668326449785],[-83.80851920105741,39.9565922967471],[-83.80842202041165,39.95639897713608],[-83.8084197737251,39.9563957820847]]],[[[-83.7792352340111,39.96651640039954],[-83.77920063719458,39.96682324931004],[-83.77916665213074,39.96712465509248],[-83.77913270210121,39.96742600584486],[-83.77910761574857,39.96764863091074],[-83.77904746725211,39.96818103096306],[-83.77904721392719,39.968185304296206],[-83.78022457468465,39.96825713508257],[-83.78034849817642,39.96714600143127],[-83.78041071818795,39.96658808491504],[-83.78041680876557,39.96653338398883],[-83.77924140004721,39.96646172695547],[-83.7792352340111,39.96651640039954]]],[[[-83.81693157155358,39.9734281427168],[-83.81692337083335,39.973460545815875],[-83.81665807407543,39.974497153251455],[-83.81801249726696,39.974610313398635],[-83.81778911590023,39.97539176866179],[-83.81873792099489,39.97548519582371],[-83.81875120887457,39.9754068170266],[-83.81876343674222,39.975288665933185],[-83.81877122693236,39.97516578877212],[-83.81877793914414,39.975059627138265],[-83.81881415113158,39.97496677765195],[-83.81889681410402,39.97472156166019],[-83.81898576977503,39.97448626541526],[-83.81904967502604,39.97437658771681],[-83.81910386230228,39.97427128261425],[-83.81919333091132,39.974090480102596],[-83.81928983422735,39.9739239045281],[-83.81936229233816,39.973799401634444],[-83.81948921710129,39.97361124559938],[-83.81960842892939,39.97348721576677],[-83.81973365138504,39.973364765627885],[-83.8198324247438,39.97326007578963],[-83.8198936970327,39.97321384500674],[-83.82006163168516,39.97314237258851],[-83.82015647581285,39.97311398076386],[-83.82024797371612,39.9731113461793],[-83.82038902538541,39.973128145010314],[-83.8205772448953,39.973166009486036],[-83.82067061129437,39.9731884808811],[-83.82076190258512,39.97320609065122],[-83.82090711704743,39.97326091497219],[-83.82104500664691,39.97329899278405],[-83.8211421253089,39.973310115560025],[-83.82130161220444,39.97333554641708],[-83.82142179960294,39.973320757129855],[-83.82153233280708,39.973274697804236],[-83.82164287409604,39.973192668537166],[-83.82170991985728,39.97313487294033],[-83.82175466763653,39.97307482547055],[-83.82180989156862,39.97299746001924],[-83.8218780692071,39.97293753152579],[-83.82195009792322,39.97282486083153],[-83.82200713555386,39.97273074092031],[-83.82206370606056,39.972645060970926],[-83.82211943035428,39.97257931221784],[-83.8222061653899,39.972526861732206],[-83.82231234356153,39.972518968236635],[-83.82241477845339,39.97254515527983],[-83.82248433051426,39.97260135422826],[-83.82258139437903,39.97263641504034],[-83.82266151691583,39.972670724074575],[-83.82274077886662,39.97269930677693],[-83.82278930855321,39.97270943143511],[-83.82283503369949,39.972701431943314],[-83.82344670016971,39.9724816362447],[-83.82363176030478,39.97233501497274],[-83.82394040347008,39.971995846230335],[-83.8242522446378,39.97182448300478],[-83.82455010891802,39.97138665316875],[-83.82473432463672,39.97107390002041],[-83.82462764071359,39.97053710060874],[-83.82462809436281,39.97053607275844],[-83.82462757333992,39.970533442893625],[-83.82487153151658,39.9699805335964],[-83.82491067919835,39.96950756345814],[-83.82471046268782,39.96911656716241],[-83.82453158835182,39.968796465980446],[-83.82442425494672,39.96862399938523],[-83.82436844980465,39.96842753582394],[-83.82436887380948,39.96842561637646],[-83.82436837973606,39.96842387799593],[-83.82439232882153,39.968315657007516],[-83.82448703371037,39.96816438582193],[-83.82466785828885,39.96809664514351],[-83.8248786794113,39.96799647256199],[-83.82502241704329,39.967972914427975],[-83.8251793751813,39.967853059593274],[-83.82606381598585,39.96711341495674],[-83.82614920624349,39.96702687562578],[-83.8261419775004,39.96693144787571],[-83.82614212751908,39.966930664382495],[-83.82614190833013,39.96692778996765],[-83.82615678982113,39.966849497056465],[-83.82611324039448,39.96676435432599],[-83.82570618858641,39.96633185265105],[-83.8256553367548,39.96626044188565],[-83.82562416701109,39.96618825855977],[-83.82562468893225,39.96618597139574],[-83.82562409694248,39.96618460130045],[-83.82563318519821,39.966144827904124],[-83.82567737063209,39.96607259075386],[-83.82573812459307,39.9660102946619],[-83.82584108679599,39.96591825769685],[-83.82592088953257,39.96589885114796],[-83.82600301082091,39.96590366371373],[-83.82614179963397,39.965912553533926],[-83.82620421996981,39.9659181227523],[-83.82626663940732,39.96592368921624],[-83.82644005198641,39.96594273223402],[-83.82661928025864,39.96595995349572],[-83.82674593552717,39.965940758325864],[-83.82695220129283,39.965858504758955],[-83.82712230088512,39.96569674166936],[-83.82729114103941,39.96541757840227],[-83.82755195520406,39.96498633780505],[-83.82791024735681,39.964393914234485],[-83.82797504912647,39.96430291474208],[-83.8280105155122,39.96425451735813],[-83.82801063408982,39.964254355558374],[-83.82801822934555,39.96424399142346],[-83.8280190090832,39.964242925610534],[-83.82801981487202,39.964241825372085],[-83.82803548508384,39.964237089113915],[-83.82803568810309,39.964237027836546],[-83.82804430743823,39.964234422515744],[-83.8282287459391,39.96417695258337],[-83.82832814722025,39.964142161459506],[-83.82837613073114,39.96412536523958],[-83.82844475393402,39.9641101353781],[-83.82856528898051,39.96408337983564],[-83.82866445310644,39.9640613688155],[-83.82879327960302,39.96403167262022],[-83.82892095086612,39.96399960655335],[-83.82908878490728,39.96395745582916],[-83.82917451293149,39.96395140655778],[-83.82926175461695,39.9639423739605],[-83.82935035814836,39.96395422050871],[-83.82941910891199,39.96397560432855],[-83.82958356888093,39.96402601649566],[-83.8297394759901,39.96407045992054],[-83.82992730922442,39.964113627505796],[-83.83007462215123,39.96414748226976],[-83.83032893071658,39.964205921649025],[-83.83069048734707,39.96431496364944],[-83.83074482194705,39.964327807093845],[-83.83076250708004,39.96433198634215],[-83.83089439144184,39.96436315856912],[-83.83097267961887,39.96438166429667],[-83.83105096869419,39.964400166576596],[-83.83116139949037,39.9644263243703],[-83.83125931226309,39.9644498203838],[-83.8313848257729,39.964479942583495],[-83.83150071293612,39.964507753452004],[-83.83157731317873,39.96452618547011],[-83.83166263157115,39.964534084708205],[-83.83166402126488,39.96453469128264],[-83.83181610244924,39.964601034380856],[-83.83183721734997,39.964601937012276],[-83.8319444582286,39.964579988813185],[-83.83305820568752,39.964537401933555],[-83.83323958811981,39.964527951490034],[-83.83327587736234,39.96495955299989],[-83.8332854309454,39.96507432419475],[-83.83351084160635,39.96507370178962],[-83.83400251830746,39.965072341311064],[-83.83421431410198,39.965189498658084],[-83.83471676699322,39.96499124544837],[-83.83503686098346,39.96465592619219],[-83.83476807966056,39.96433966046033],[-83.83462891714832,39.96394716256605],[-83.83455000284556,39.96372458121606],[-83.8345902698282,39.963708967073885],[-83.83515928428871,39.96348834928822],[-83.83671395273686,39.9628855125933],[-83.83681309440486,39.962260095077625],[-83.83672550327478,39.96214877627147],[-83.83644513727798,39.96179239802564],[-83.83628286919831,39.961586168599425],[-83.83629295997389,39.96156922440479],[-83.83666275235892,39.96094934450431],[-83.83721530339524,39.96145043521644],[-83.83735255519088,39.96203804529023],[-83.83761962881641,39.96214855181044],[-83.8378783238553,39.96225558520843],[-83.83842567454445,39.96207830235919],[-83.83882501341748,39.96163727381832],[-83.83875860995167,39.96131104886369],[-83.8391417854378,39.960746246791665],[-83.83889163427558,39.96002528969231],[-83.83948202863985,39.95974257924364],[-83.83958878802149,39.959691449197706],[-83.83924521656128,39.95884908450218],[-83.84016622328949,39.95856146797182],[-83.84022306957898,39.958543687795846],[-83.84073635525422,39.95838339195358],[-83.84074894514293,39.9583517584134],[-83.84075582174644,39.95833454625242],[-83.84083629193128,39.958132358638764],[-83.84026845246714,39.95776705549863],[-83.84138374053678,39.95709359015612],[-83.84228981097674,39.956689968568675],[-83.8428470673885,39.955639987799],[-83.84082520043246,39.95552191202635],[-83.8407654471947,39.95551842083708],[-83.84007218405229,39.955477940243334],[-83.83933720314806,39.95543501992177],[-83.83866072682336,39.95539551915469],[-83.83789010705688,39.95535049166782],[-83.83567014451269,39.95522078355662],[-83.83400229642358,39.955121532050704],[-83.83033299649156,39.9549043963707],[-83.83032976165822,39.95490420493886],[-83.83032965026713,39.95490419874143],[-83.8284837668685,39.95684543865133],[-83.82826961479296,39.95707111897893],[-83.82826953753784,39.9570711988544],[-83.82726206796356,39.9581459916584],[-83.82688227912605,39.95855975206315],[-83.82648708148648,39.9589902929901],[-83.82402054487152,39.9616772791193],[-83.82402024483422,39.96167760823924],[-83.82353251892374,39.96221643884282],[-83.82167549911053,39.964267983226364],[-83.82142130103794,39.964543284534486],[-83.82142126061377,39.9645433272219],[-83.82140413602951,39.964561874210986],[-83.8214040767407,39.96456193824209],[-83.8213818075048,39.964586055930106],[-83.82074764093167,39.96527285531731],[-83.8200175235064,39.96613847175948],[-83.81914148374639,39.96734810249451],[-83.81883516092945,39.96787938267634],[-83.8185562735596,39.96840360055816],[-83.8183744967669,39.96874503358458],[-83.81799920309908,39.96957655848205],[-83.81767835542232,39.97048157051028],[-83.81729986015883,39.97197507900031],[-83.81693157155358,39.9734281427168]]],[[[-83.67671152213755,39.98258394005242],[-83.67619958842681,39.98695112020739],[-83.67587250554365,39.98974123500468],[-83.6752244267617,39.997016949482315],[-83.67457244390154,40.00433487416494],[-83.67409880087978,40.00956519950643],[-83.67406760149164,40.009909499683324],[-83.67344700037762,40.01676036317506],[-83.67338477138294,40.017447263519934],[-83.67325510136831,40.018878488767164],[-83.67325215219923,40.01891096937417],[-83.67340520536071,40.018920364827025],[-83.67364240012158,40.01893496193347],[-83.67466213259782,40.01899770922963],[-83.67810047567029,40.019209194050774],[-83.68238443975063,40.01947254577578],[-83.68243784279765,40.01947582524836],[-83.68600026477043,40.01969044082839],[-83.68813252479342,40.01981883712126],[-83.69055724303526,40.019985366827534],[-83.69203795947429,40.02007590278515],[-83.69259961852927,40.02010994377334],[-83.69312205983388,40.02014584426353],[-83.69390107525503,40.020199341015356],[-83.6945804944606,40.02024379743567],[-83.69502615585958,40.02027292159675],[-83.69532375513678,40.02029240557446],[-83.69547603934038,40.020302358072335],[-83.69587501888729,40.02032843942994],[-83.69633419633803,40.0203584640739],[-83.69642324453552,40.020364475330204],[-83.69737316982933,40.02042864329107],[-83.69757167594756,40.02044205612437],[-83.69807780474494,40.02047751478041],[-83.69920271377129,40.02054674657863],[-83.69965717955836,40.02057469285365],[-83.69971584224135,40.02057854120129],[-83.70023443516331,40.02061230882586],[-83.70190789233304,40.020721123222685],[-83.70264541996109,40.020767819235985],[-83.70338555988997,40.02081467894697],[-83.70412487336881,40.02086145744896],[-83.70486858859255,40.0209085172858],[-83.70536046651625,40.02093965338291],[-83.7056121771538,40.02095656152974],[-83.70581133724556,40.020969917848305],[-83.70655117264556,40.021019613787054],[-83.70732098662322,40.02107129851559],[-83.70808905876757,40.021121717401826],[-83.7081723092382,40.021126544652226],[-83.70879535826138,40.021162712214704],[-83.70941841357278,40.021198851552626],[-83.70981016707154,40.021221583009606],[-83.70995816002304,40.02123087495394],[-83.71006829437518,40.021237783889006],[-83.71031423333704,40.021253203270234],[-83.7107709026915,40.021281881218684],[-83.711039255518,40.02129871498373],[-83.71121567835162,40.02131042982333],[-83.7115004586697,40.021329346646866],[-83.71179606997522,40.02134897203736],[-83.7118845423526,40.02135451059562],[-83.71198095314215,40.02136057267129],[-83.71319579610484,40.021437472654725],[-83.71358603324741,40.02146122217321],[-83.71612618859653,40.02161586385479],[-83.72018498905258,40.02187001280895],[-83.72125570990434,40.02193545270935],[-83.7228256721702,40.022031428960844],[-83.72896059602886,40.02242233980495],[-83.73072643055252,40.02253480899797],[-83.7307363326819,40.02253541987293],[-83.74046032074801,40.02310006963637],[-83.74141473941489,40.023153348754164],[-83.7451316626334,40.02336072554356],[-83.74526048823166,40.0233679245626],[-83.74531864516314,40.02337115156654],[-83.74627167593292,40.0234243231582],[-83.74749883479814,40.02349857028862],[-83.748271874626,40.02354657968895],[-83.75019657710598,40.023666120816536],[-83.75157920829574,40.02375332997294],[-83.75174848413293,40.02376396093305],[-83.75255293085975,40.023814519538796],[-83.75291303760937,40.02383711666996],[-83.75338618745604,40.0238666857501],[-83.75391882194421,40.02389995645324],[-83.75445267454788,40.02393329661884],[-83.75500172125626,40.023967566819536],[-83.75604464643652,40.02403433030519],[-83.75711204442005,40.02410359564129],[-83.75817944689516,40.02417288085638],[-83.75878429245742,40.024212109358785],[-83.75962267214578,40.02426651026881],[-83.75981056017734,40.024279347947214],[-83.76082776209942,40.02434875336699],[-83.76184264457144,40.024411693112874],[-83.76296279881497,40.024481153430244],[-83.76319061246933,40.024493504721185],[-83.76445508735148,40.02456832302233],[-83.76498920765312,40.02459625595583],[-83.765300194523,40.02461527986883],[-83.76550950557746,40.02462990946412],[-83.76604340219859,40.02466110646193],[-83.76615368477276,40.02466755071666],[-83.76627463394261,40.02467527928133],[-83.76705645390406,40.02472537838233],[-83.76770263005423,40.02476677895458],[-83.76834673738432,40.02480627470831],[-83.76945684756464,40.02486947405782],[-83.77052530825515,40.0249311881768],[-83.77093679235082,40.02495495436451],[-83.77163977706125,40.025003335580365],[-83.77217377968358,40.02504189084199],[-83.77301422459878,40.025102542693006],[-83.77353050435887,40.0251385939571],[-83.77398975457315,40.025170675356186],[-83.77440960378074,40.025199998279696],[-83.77464102417099,40.02521651258258],[-83.77606362050943,40.02531801626401],[-83.77681802748165,40.025371834334194],[-83.77755580663798,40.02542434811651],[-83.77766244025547,40.02543230084864],[-83.77868284017998,40.02550849940792],[-83.78081663542379,40.02566476703241],[-83.78144910238441,40.02571302323674],[-83.78235485841402,40.02578212108715],[-83.78321815826668,40.02584577491512],[-83.78343271638073,40.0258616039245],[-83.78461397852146,40.025951750994956],[-83.78524956083949,40.02600025188422],[-83.78619344496302,40.026072281904334],[-83.78823232511223,40.02620749207341],[-83.79002607658,40.02632062571361],[-83.79249461823467,40.02646380726304],[-83.79285752682969,40.026485619330714],[-83.793961100868,40.026548717381644],[-83.79510060751771,40.026613851502454],[-83.79536232179427,40.0266288087884],[-83.79560910517249,40.02664291722609],[-83.79635844025663,40.026686259896806],[-83.79763175366284,40.02676282713477],[-83.79769230190962,40.02676652104835],[-83.79801870566642,40.026786347111376],[-83.79817453731707,40.0267946862729],[-83.80115112387563,40.02696887153978],[-83.80385577602463,40.02712631690208],[-83.80418990888613,40.027145786540956],[-83.8049798828554,40.02719180266358],[-83.80613449287998,40.02726316693874],[-83.80688214721623,40.02731428769592],[-83.80720106441345,40.027334046876035],[-83.80736559355267,40.0256755476548],[-83.8075119731299,40.02419992586585],[-83.80787853427486,40.020504428481786],[-83.80834711978156,40.015779805743165],[-83.80866576928084,40.01256656461204],[-83.80890390547613,40.01039790027885],[-83.80938349624338,40.006029952763264],[-83.80939254676989,40.005947522444586],[-83.80940155956714,40.00586543125496],[-83.80981641324342,40.00208661127346],[-83.81036322674002,39.997698765417496],[-83.81068450650645,39.99455053776865],[-83.81086355601393,39.99279597953838],[-83.81086699476484,39.99276255533917],[-83.81134813063437,39.988047209103414],[-83.8115427748952,39.9861393320888],[-83.8118842478909,39.982792201387355],[-83.81019591372173,39.98271398240222],[-83.80983624894323,39.98269735043686],[-83.80915461898371,39.9826664212893],[-83.80877344763901,39.98264911544289],[-83.80859879718146,39.98264073922444],[-83.80841595768179,39.98263257776219],[-83.80841290879971,39.98263243596736],[-83.8083737673554,39.98236125636285],[-83.80832881037809,39.98209098002138],[-83.80827805861017,39.981821731644196],[-83.80822153546772,39.98155363545822],[-83.80815926702964,39.981286815158796],[-83.80809128202559,39.981021393852586],[-83.80801761182276,39.98075749400078],[-83.80793829041144,39.9804952373626],[-83.80785335438927,39.98023474493909],[-83.80776284294437,39.97997613691735],[-83.8076684003636,39.97972243704355],[-83.80728823692861,39.97882965911926],[-83.80706290352275,39.978391144489756],[-83.80665932909315,39.97760575435311],[-83.80625184160219,39.97681273272476],[-83.80624987069845,39.976808896365924],[-83.80553928624072,39.97543208533024],[-83.80551637381107,39.97538745103335],[-83.80551985208787,39.97538723900694],[-83.80580350681691,39.97536995541084],[-83.80580362269959,39.97536994852691],[-83.80580699946675,39.97536974200762],[-83.80580711534942,39.97536973581204],[-83.80665357897702,39.975318103219585],[-83.80730493032155,39.97527942074198],[-83.80743378107263,39.9752715626726],[-83.80743518783437,39.975271655606406],[-83.80751124190127,39.975276657510335],[-83.80760242359756,39.97528264038167],[-83.80831350123037,39.975329378491296],[-83.80843009806269,39.97408208631312],[-83.8077190285147,39.974035242712],[-83.80678257256024,39.97398044241814],[-83.80508077084835,39.97388083400802],[-83.80507706889105,39.97388061784651],[-83.80478536346043,39.973861515771254],[-83.80478328296223,39.973861379465525],[-83.80474212035928,39.973781792017185],[-83.80450128742149,39.97329339456501],[-83.8043368022997,39.97295984259362],[-83.80385880873703,39.97199045856461],[-83.8038587889741,39.97199041863557],[-83.80370313249493,39.97184510226746],[-83.8036992400948,39.9718414680291],[-83.80316695594962,39.970725400730174],[-83.80352538195133,39.97075936030563],[-83.80330336692214,39.97020531069794],[-83.80348956701927,39.97016520505419],[-83.80347897228883,39.96998410459615],[-83.80342255539402,39.96901976196401],[-83.80341775839041,39.969009335213045],[-83.803677347253,39.96889017272375],[-83.80367865520006,39.96889043778198],[-83.80371468662611,39.96887389608304],[-83.8037172315533,39.9688782024191],[-83.80371725580783,39.96887824372685],[-83.80389433980146,39.969177877302904],[-83.80383987135252,39.9699828660713],[-83.80384394611065,39.9699841569185],[-83.80384406019671,39.96998419271798],[-83.80390222251808,39.97000262463649],[-83.80398263880402,39.970011588964866],[-83.80409811453883,39.970013845709026],[-83.8049062614263,39.96988008288672],[-83.80519099143876,39.96981876786843],[-83.80597421816192,39.96965013304045],[-83.80661004392341,39.96910994967901],[-83.80673272145187,39.96913106889439],[-83.80769754350804,39.96890126317098],[-83.80770747977341,39.96865963710589],[-83.8077310479732,39.96808545886831],[-83.80773118541545,39.968082090868265],[-83.8076856282541,39.96807859137013],[-83.80720948522092,39.968050745465234],[-83.80720533051273,39.9680505024349],[-83.8072790318919,39.96699925167215],[-83.80728204484136,39.96695644667364],[-83.80731765046596,39.96644811693693],[-83.80735626904003,39.96589698051255],[-83.80739488671577,39.965345843776014],[-83.80743350079827,39.96479470672748],[-83.80746853868762,39.96429405638403],[-83.80746873631698,39.964291237627535],[-83.80742356632955,39.964281802297236],[-83.80708689662568,39.9642114552039],[-83.806370585408,39.96407776709158],[-83.80572958175723,39.96395809270326],[-83.80572484853401,39.9639572093417],[-83.80592048363658,39.96329139106985],[-83.80592132086643,39.96328854060011],[-83.80576908427355,39.96326203604576],[-83.8052253834394,39.96316743959297],[-83.80507321691512,39.96314093636869],[-83.80457200729224,39.96305368696306],[-83.80449851522052,39.96304089836105],[-83.80449429763027,39.96304016439684],[-83.80450420245458,39.96294445842691],[-83.80455308787404,39.962471670952944],[-83.80456356851846,39.962370415336196],[-83.80457084846552,39.96230015922764],[-83.80458105422547,39.9622014399023],[-83.8045814153482,39.962197940791626],[-83.80311484917156,39.96213601986114],[-83.80297654904199,39.9621301811191],[-83.80297227306124,39.96213000003542],[-83.80299594905885,39.96190080009676],[-83.8029963101816,39.961897303036324],[-83.80300573889882,39.96181320484151],[-83.80301990533086,39.9616763254976],[-83.80304027912149,39.961480824513025],[-83.8028977685882,39.96146741799862],[-83.79975525601013,39.96118865058662],[-83.79976143821594,39.96123936776612],[-83.79976802915516,39.961349987808966],[-83.79977559835976,39.961452621323815],[-83.79978502528036,39.961559142851435],[-83.79979198003728,39.9616282478007],[-83.79979959415763,39.961697314122155],[-83.7998075271799,39.96176261684359],[-83.79988974818122,39.9622747173797],[-83.79991839096405,39.96241337468227],[-83.79997267525836,39.96264619041702],[-83.80012470254378,39.96324238087579],[-83.8003983805833,39.96412397926728],[-83.80040119141182,39.96412409837962],[-83.80040130909113,39.96412410319922],[-83.80200757766752,39.96419198345054],[-83.80200721564646,39.96419548245912],[-83.80198127140272,39.96444653000604],[-83.8019523941596,39.964725731663435],[-83.80192466765835,39.964993965720176],[-83.80192894184248,39.96499414610775],[-83.80192905772516,39.96499415092725],[-83.80253059209728,39.96501955596123],[-83.80267295979844,39.96502558104048],[-83.8026725977774,39.965029077252446],[-83.80238527163377,39.96776564339407],[-83.80208663570072,39.96775251763254],[-83.80173463175494,39.96773196254042],[-83.80169330296367,39.96772952740597],[-83.80155317925409,39.96772134901639],[-83.80155102868729,39.96772122371404],[-83.80150967114992,39.9676379760653],[-83.8015079068587,39.96763442422028],[-83.8011966792403,39.96761618581335],[-83.80091637253233,39.96759977048561],[-83.8009120983482,39.967599519880366],[-83.8009146145293,39.96757562632171],[-83.80091497565206,39.96757219702222],[-83.80063039565825,39.96755553039007],[-83.80034377738707,39.96753874946678],[-83.80005694711348,39.96752193893484],[-83.79985941566734,39.96751037321489],[-83.7994680700037,39.96748744418136],[-83.79928343297514,39.96747664059969],[-83.79899881974367,39.96745997050186],[-83.79871423795325,39.96744329764605],[-83.79842958789087,39.96742662616315],[-83.79814500699872,39.967409953987705],[-83.79786039376728,39.96739327905429],[-83.79757577873916,39.96737660136283],[-83.79729119784706,39.96735992917518],[-83.79700654868297,39.96734325285258],[-83.79672196779087,39.967326574460486],[-83.79643738689873,39.96730989606433],[-83.79640294099917,39.967307876756095],[-83.7964028251165,39.96730786987129],[-83.79639059006233,39.967419682177756],[-83.79638187370912,39.967499340374076],[-83.79625525167826,39.968658651912264],[-83.7961473981486,39.96964616065384],[-83.79503178129558,39.969574027717954],[-83.79502749453505,39.96957375027018],[-83.79513496178912,39.96858994305212],[-83.79513533279334,39.968586540653675],[-83.79492627506379,39.96857310868242],[-83.79492199009988,39.96857283329595],[-83.79504781352846,39.96742116722407],[-83.79505612563979,39.96734510210564],[-83.79505650023727,39.96734167279458],[-83.79467326636065,39.967319273144554],[-83.79435320470975,39.96729979539158],[-83.79421828763554,39.967291592165324],[-83.7941085009314,39.96728490359195],[-83.79410422944223,39.96728464334688],[-83.79411250921422,39.967205959787854],[-83.79411286854031,39.96720253942001],[-83.79307349350206,39.96713929425467],[-83.79258268816682,39.967109423145224],[-83.79114070528622,39.96702593515986],[-83.78993760240598,39.96694838936447],[-83.78993748742162,39.96694838247963],[-83.78993610042284,39.966962069508625],[-83.78992523619779,39.967025942044685],[-83.78976852868972,39.96701640932739],[-83.78932394706574,39.96698933822056],[-83.78887936274677,39.96696226366063],[-83.78843478561436,39.96693516774697],[-83.78799020758362,39.96690808559226],[-83.78757683792415,39.96688635087479],[-83.78754951386816,39.96688491401068],[-83.7875460787105,39.966884733628135],[-83.78754596282785,39.96688472743179],[-83.78753644966899,39.96696350155172],[-83.78740972972174,39.96815475274671],[-83.78696353202854,39.9681275512813],[-83.78709554754438,39.966937429412106],[-83.78709713756243,39.96692311035112],[-83.78710509124596,39.9668584659292],[-83.78665680496972,39.966830567202585],[-83.78621222424404,39.96680345677858],[-83.78576764531499,39.96677637044081],[-83.78528614652606,39.96674703481363],[-83.78528271136842,39.96674682482591],[-83.78528259638406,39.96674681794106],[-83.78527329343099,39.96683029938245],[-83.78526738610967,39.966883285748224],[-83.78526735736358,39.96688354324089],[-83.78486922582628,39.966859681790744],[-83.7844995645953,39.96683735014262],[-83.78407273996952,39.96681135644205],[-83.78372417836792,39.96679010363263],[-83.78337565090231,39.966768849439624],[-83.7830270893007,39.96674762346784],[-83.78267853129238,39.966726367884625],[-83.78233000652169,39.966705110917864],[-83.78198511004646,39.96668410455305],[-83.78198499416378,39.96668409697973],[-83.78198144581842,39.9666838814839],[-83.78163288781006,39.96666262243845],[-83.78157189220228,39.96722063748747],[-83.78192045290557,39.967241896359354],[-83.7822690163038,39.967263153847696],[-83.7826175428711,39.96728438310182],[-83.78296610716764,39.967305636446056],[-83.78331466876924,39.96732689116067],[-83.7836631989298,39.96734814586867],[-83.78401176322636,39.96736937027703],[-83.78420215396429,39.96738098627971],[-83.78418752669653,39.9675122679029],[-83.78415823353343,39.96777485999728],[-83.78489805096713,39.96781991441517],[-83.78486878924507,39.96808224577425],[-83.78486876049897,39.96808250395089],[-83.78486865180282,39.96808249775464],[-83.78483945565777,39.96834420779608],[-83.78483755122939,39.96834494927648],[-83.78483947092913,39.96834506562765],[-83.78481020112224,39.96860679738321],[-83.78407037111212,39.96856171663376],[-83.78404111567826,39.96882427922376],[-83.78478090885744,39.968869361176964],[-83.78474513794283,39.969151500331456],[-83.7847378238598,39.96921716838979],[-83.78473475970635,39.96924451744041],[-83.78463113364845,39.970174044751786],[-83.78460881410687,39.97041296399583],[-83.7846071917495,39.97042742208059],[-83.78460575354673,39.97044034079431],[-83.7838683561744,39.97039212193249],[-83.78386642569485,39.97039199525812],[-83.78386631071048,39.97039198837363],[-83.7838409261172,39.970658229179925],[-83.78381166619175,39.970920790601504],[-83.78378236943539,39.97118335376833],[-83.78375310950996,39.97144594484089],[-83.7837238127536,39.971708505990364],[-83.78369455372648,39.971971042036195],[-83.78366486081308,39.97223728839522],[-83.78364570423965,39.972370389156104],[-83.78361640838159,39.97263295226189],[-83.7835871439646,39.97289551504742],[-83.78359143791165,39.97289579592383],[-83.78359155379432,39.972895802808026],[-83.78432661375027,39.97294386913923],[-83.78432623466124,39.972947268567104],[-83.7842973214855,39.973206427976734],[-83.78355796398922,39.97315811124536],[-83.78355784900486,39.97315810436115],[-83.78352855045186,39.97342066719457],[-83.78349928783149,39.97368322764247],[-83.7834699901768,39.973945842843094],[-83.78332073060078,39.973936094929414],[-83.78332061561642,39.97393608804533],[-83.78327690539133,39.9743051633263],[-83.78324387433832,39.97458396605975],[-83.78324818984495,39.97458424761759],[-83.7832483048293,39.97458425519008],[-83.7841327007181,39.97464202615548],[-83.78420383381386,39.97464668459144],[-83.78439940513607,39.97465944417461],[-83.78439900269082,39.974662842140326],[-83.78436279788993,39.97496852068492],[-83.78419930271157,39.97645277489999],[-83.78417971674344,39.97663057118095],[-83.78415410667301,39.97686308104296],[-83.7841495863505,39.97690411138409],[-83.78423533773089,39.97729615008129],[-83.78420972766045,39.977528652860165],[-83.78412372744673,39.978309379501646],[-83.78388070351798,39.978293505045784],[-83.78366780099901,39.978280007521974],[-83.78358617288576,39.978968708939405],[-83.78341212699442,39.97961307750813],[-83.78330830240883,39.98000853415837],[-83.78332825578791,39.980310092434365],[-83.7833326566345,39.98037642985879],[-83.78339452001484,39.98131030750686],[-83.78333878494136,39.981306809374345],[-83.78209301388176,39.98122847786624],[-83.78134334552264,39.98118134593117],[-83.78114776521731,39.98116903980456],[-83.78095214808103,39.98115673436403],[-83.78056091560512,39.981132121411385],[-83.78016971906183,39.981107533918454],[-83.77977848478928,39.98108292094807],[-83.77938725411,39.98105830452712],[-83.77738420236757,39.98093229270776],[-83.77727040019413,39.98071832277624],[-83.77610185011298,39.978523038951444],[-83.77573050543914,39.97782559414953],[-83.77540937209811,39.977789663830634],[-83.77439283313272,39.97771430688484],[-83.77351755514404,39.97764940902086],[-83.76933872269804,39.97741950458744],[-83.76824384884324,39.97727466097603],[-83.76717506655586,39.97701844743086],[-83.76598032249933,39.976398084621366],[-83.76533943383292,39.97595222370525],[-83.76531222206633,39.97580964179743],[-83.76528549718664,39.97566959701461],[-83.76723717158303,39.97575492897557],[-83.7672785183406,39.97535098523585],[-83.76727887587009,39.97534749850101],[-83.76670862802267,39.97532156173159],[-83.76592259316591,39.9752857884278],[-83.76537605904537,39.97526093242089],[-83.76529930878412,39.975257422964326],[-83.76512116837172,39.97524931982245],[-83.76491925584193,39.97524014277739],[-83.76491913995926,39.97524013795862],[-83.76486340488577,39.97562286739838],[-83.76482369216369,39.97589566679457],[-83.7623794705987,39.97674651093109],[-83.76110972260585,39.97692342463058],[-83.76110968307998,39.97692343013762],[-83.76022927032116,39.976874422832914],[-83.76028964968467,39.97634207603641],[-83.76039188245558,39.97543916686945],[-83.76039548020829,39.97540739321508],[-83.76069982493496,39.97271886973286],[-83.76256118450934,39.97281010516655],[-83.76525439032498,39.9729420627198],[-83.76536121618193,39.97294730780715],[-83.76546807078499,39.972952222451575],[-83.76553932605164,39.97295549107891],[-83.76637814860943,39.97299396283804],[-83.76641840930382,39.97261081938946],[-83.76643556532913,39.97244659394077],[-83.76552207749985,39.972401162560374],[-83.76541568552919,39.9723962898704],[-83.76541155597383,39.972396094357],[-83.76542231868926,39.97228396112148],[-83.765498446418,39.97148963511144],[-83.76551586025978,39.97130809343116],[-83.76551575246194,39.971307975708186],[-83.765628926713,39.97131317823775],[-83.7656939243154,39.971316155733966],[-83.76657752878842,39.971356672388346],[-83.76660477738595,39.97109751284939],[-83.76662356924336,39.97091877484211],[-83.76663074318924,39.97085036566122],[-83.76664667930237,39.97069886739051],[-83.76667377249133,39.97043984786606],[-83.76656692237988,39.970434933040984],[-83.7661573427126,39.97041615494995],[-83.76561212911552,39.970391149155844],[-83.76556900998187,39.970801671374105],[-83.76556180010341,39.97087008129219],[-83.76552989643609,39.97117343403909],[-83.76542307327408,39.9711682177301],[-83.76474821751016,39.97113527311866],[-83.76273115654087,39.97103674416861],[-83.76129884492263,39.97096676476972],[-83.7614169042122,39.969765175873],[-83.7614745733585,39.969178054237084],[-83.76153227574245,39.96859079468441],[-83.76158726251933,39.96803099046669],[-83.76158994219381,39.968003642996],[-83.76159238201814,39.96797888072686],[-83.76159261917337,39.96797627072937],[-83.76164760684853,39.96741641190882],[-83.7616919970983,39.966964753900946],[-83.76176297029394,39.96624202823578],[-83.76183539337046,39.96550498452254],[-83.76184075092283,39.965450266894294],[-83.7618408668055,39.96545027171376],[-83.76232543873101,39.965474402169804],[-83.76232543873101,39.96547443039821],[-83.76285947638762,39.96550105182787],[-83.76321566738093,39.965518824686775],[-83.76357185747592,39.96553656793571],[-83.76392801253661,39.96555433940841],[-83.76430913088073,39.96557335085822],[-83.76501436856589,39.965608495140735],[-83.76536534573731,39.965625989130935],[-83.7654188071748,39.96562865223235],[-83.76610907533406,39.965663073566276],[-83.7662495772344,39.96567006867874],[-83.76625506234753,39.96561532020025],[-83.7662932470353,39.96524180674648],[-83.76629335932472,39.96524181294297],[-83.7671721838621,39.96529134289759],[-83.76718281272855,39.96519132318339],[-83.76718679585852,39.965153503173596],[-83.76721571981405,39.96488093079559],[-83.76723453323105,39.964703455087175],[-83.76725925486767,39.96447051347576],[-83.7672711593418,39.96435826120837],[-83.7672943879784,39.964139366106096],[-83.76729700836408,39.96411474082798],[-83.76730279171791,39.96406009575775],[-83.7673172501024,39.9639237145757],[-83.76734048053564,39.96370481877069],[-83.76734632587319,39.96364968246119],[-83.76736370917226,39.963485893347105],[-83.76738690277458,39.963266998894426],[-83.76738985643523,39.96323923916019],[-83.76741013410613,39.96304810374089],[-83.76743336184445,39.96282920788661],[-83.76745655544676,39.96261028310193],[-83.76747692384751,39.962418405756786],[-83.76747978677834,39.962391415452664],[-83.76750301361831,39.9621725202501],[-83.76752045620619,39.96200798949086],[-83.76752620722066,39.96195359542835],[-83.76754943765388,39.96173472567698],[-83.76756398766653,39.961597573515604],[-83.76757266449387,39.96151583250327],[-83.7675958580962,39.96129696341622],[-83.76759592187658,39.96129657645713],[-83.76760462924662,39.961214506651345],[-83.76761908673281,39.96107803785674],[-83.76762782105232,39.96099558082781],[-83.7676423144711,39.960859170811055],[-83.76765104879061,39.96077671145257],[-83.76766550717511,39.96064027345734],[-83.76767427742723,39.96055781590049],[-83.7676887331168,39.960421376091375],[-83.76770328312945,39.96028421785286],[-83.76770328492607,39.960284195130754],[-83.76743450270484,39.96026906218768],[-83.76716768779411,39.960254013932925],[-83.76714987330372,39.960253008650135],[-83.76681016010765,39.96023385319104],[-83.76678716054144,39.96023253668341],[-83.76668041283793,39.96022652357562],[-83.76665164968082,39.9605001411334],[-83.76662866897922,39.96071906165774],[-83.76660565324335,39.960937926397726],[-83.76658266984678,39.961156849651644],[-83.76657403524028,39.96123894844535],[-83.76654238130462,39.96153994093771],[-83.76649927384908,39.961950379980514],[-83.76645612596936,39.96236081931365],[-83.76641298078457,39.96277128510099],[-83.76640416561669,39.96285525267497],[-83.7663698715324,39.96318172363748],[-83.76632672455099,39.96359216315269],[-83.76628357756958,39.96400260226945],[-83.76624943440225,39.96432758952508],[-83.7661781899154,39.96432404714719],[-83.76610708646403,39.96432047722876],[-83.76582886115254,39.964306622363246],[-83.76560455631768,39.9642954244517],[-83.76538028921206,39.96428425201318],[-83.76515598886876,39.964273080949816],[-83.76493172176313,39.964261909884634],[-83.76470738099566,39.96425071058878],[-83.76468281476758,39.964249491238284],[-83.76466745627116,39.96439563206226],[-83.76462584990045,39.964791364728505],[-83.76456749623793,39.964788452355954],[-83.76440679571843,39.96478043885551],[-83.76404200245797,39.96476226647211],[-83.7640256827642,39.96476145541385],[-83.76373773857965,39.96474709596387],[-83.76366952950013,39.964743685112076],[-83.76351975608776,39.96473621070561],[-83.76331334479502,39.9647259134287],[-83.76330495093701,39.964725509964886],[-83.76309782458533,39.964715165868064],[-83.7629571582933,39.964708168592395],[-83.76256329555025,39.964688520723165],[-83.76242334162222,39.964681544099925],[-83.76245127383768,39.96444246781102],[-83.76247652548032,39.96425213786912],[-83.76248959776433,39.96414544909788],[-83.76252546479868,39.96385544917896],[-83.76252642869098,39.96384758566516],[-83.76255121770124,39.963646903612045],[-83.76256337639862,39.96354969545962],[-83.76259364692875,39.96330373621868],[-83.76260005281505,39.963251779858034],[-83.76260963873744,39.96317453135358],[-83.76263688284338,39.96295391666304],[-83.76265106814003,39.962839143285635],[-83.7626748007315,39.96264723077942],[-83.76267057505642,39.962646995303636],[-83.76244776591649,39.962634574298335],[-83.7620204822516,39.962610727889775],[-83.76184170493366,39.962607105553886],[-83.76141384005876,39.96259059194123],[-83.76126185050259,39.96258473189364],[-83.76094852082645,39.96257261520581],[-83.76090539181133,39.96257096480779],[-83.76055710868748,39.96255751926111],[-83.76027209301076,39.962546524867015],[-83.76027371896141,39.9625430863644],[-83.76036579358309,39.96234839825642],[-83.7600732796687,39.96233709949892],[-83.75996135048263,39.96233278242288],[-83.76004608317348,39.96215361319973],[-83.76028852589225,39.96164091066483],[-83.76196723640977,39.9580909403806],[-83.76196724898618,39.9580909121492],[-83.76207856102967,39.95809690754187],[-83.76221072566585,39.95810402530561],[-83.76269910465153,39.958130313582316],[-83.76277044256318,39.95813415925241],[-83.76309692088014,39.958151701977904],[-83.76349962933382,39.95817336648364],[-83.76357369363237,39.958177373276875],[-83.76377205152858,39.95818805645101],[-83.76403646973414,39.95820225890732],[-83.76430094363525,39.95821648614918],[-83.76494302077278,39.95825104755167],[-83.76512264789699,39.958260696482306],[-83.76517096378454,39.958263304785014],[-83.76551685379648,39.958281920268945],[-83.7655962531895,39.95828614602098],[-83.76569141262587,39.95829129721025],[-83.76582644468444,39.958298542339065],[-83.7663750610998,39.958328066127855],[-83.76668149530784,39.95834455322724],[-83.76687723820825,39.958353777986204],[-83.76698386014763,39.95836080758633],[-83.76700878570182,39.958362159247045],[-83.76764936624609,39.95839658561645],[-83.76796263304017,39.95841343419772],[-83.76827570130658,39.95843028484053],[-83.76860321627939,39.95844788395261],[-83.76892338932137,39.958465094019324],[-83.76900724166326,39.958469595875684],[-83.76953622719473,39.958498054376676],[-83.76986973393046,39.958515995689275],[-83.77012796004878,39.95852986687666],[-83.77037723355699,39.95854325606433],[-83.77037913888371,39.95848945279082],[-83.77109895622591,39.958529481279065],[-83.77131251451503,39.958541334962185],[-83.77193157771332,39.958575751601444],[-83.77202440512319,39.95858092273737],[-83.77211946933814,39.95858620610926],[-83.77237373119111,39.958600334806256],[-83.77244469001369,39.95860428855483],[-83.7727295341122,39.95862011249831],[-83.77276992685896,39.95862236411],[-83.77323172289876,39.95864802146098],[-83.77328750558294,39.958651122762184],[-83.77337914542002,39.95865622159293],[-83.77375923070157,39.95867732682352],[-83.77379309539114,39.95867921073928],[-83.77386576280944,39.95868325193112],[-83.77399914645945,39.95869067329125],[-83.7740892510757,39.95869567916273],[-83.77411950633446,39.958415730573144],[-83.77481115700095,39.958462522218426],[-83.77478653148407,39.958730953676515],[-83.77478621527709,39.95873439719076],[-83.77496459284475,39.95874431390501],[-83.77496870623042,39.958744550082805],[-83.77499920133938,39.95839623720078],[-83.7750026053841,39.95833112147841],[-83.7750014237714,39.958265927547615],[-83.77500044550605,39.95825023297332],[-83.77500082854559,39.958243762901745],[-83.77500225145297,39.95823743962095],[-83.77500467687187,39.95823142913939],[-83.77500804112647,39.95822588925342],[-83.77501225589319,39.95822096540463],[-83.77501721051954,39.95821678686143],[-83.77502277492906,39.95821346332534],[-83.77503393804682,39.95820897938021],[-83.77504569709238,39.95820644052038],[-83.77505771580036,39.95820591934791],[-83.77537430456437,39.95822359012904],[-83.7753224385348,39.95876420723432],[-83.77546207535751,39.95877196804803],[-83.7756783941695,39.95878397455054],[-83.77601122447385,39.958802457688336],[-83.77603404527534,39.95880371776124],[-83.77641670692512,39.958824979938974],[-83.77647199823085,39.95828484600149],[-83.77648600206781,39.95814799884295],[-83.77609898897879,39.958126401120595],[-83.77615150538863,39.95757883192238],[-83.77654201741566,39.95760063639071],[-83.77659764558965,39.95705745269309],[-83.7766116494266,39.95692060652134],[-83.77666781119986,39.95637299530449],[-83.77669316255549,39.956124203549265],[-83.77677001252972,39.95537328774055],[-83.77679466050449,39.95513364730452],[-83.77700978365884,39.95303187344382],[-83.77707393325159,39.95240389913595],[-83.77712900357177,39.951868691243504],[-83.7771388095814,39.951770182731],[-83.77701255136823,39.95176195009612],[-83.77699955364439,39.95188210170571],[-83.77682182376205,39.95187071307365],[-83.77683484304548,39.9517503706921],[-83.77645639539267,39.951725692747786],[-83.7764581722603,39.95170955456835],[-83.77628448569509,39.951698539836926],[-83.77512653842922,39.95204939551975],[-83.77516149367356,39.95162734310439],[-83.77432985853635,39.95157460866396],[-83.77432713843767,39.95160129541683],[-83.7736588215107,39.95155891530866],[-83.77368026519483,39.95135676137697],[-83.77367627577665,39.9513565120895],[-83.77367589758592,39.95135648867576],[-83.77367343799868,39.95135633510919],[-83.7736673680823,39.95135595635752],[-83.77365953656965,39.95135546673486],[-83.7736567176563,39.95135529044316],[-83.77339223836529,39.951338770670056],[-83.77302878718785,39.951316055889386],[-83.77270122550266,39.95129558882223],[-83.77226227451884,39.95126814513448],[-83.7719464996285,39.951248397682335],[-83.77120795420923,39.95120223533945],[-83.7707790401021,39.951175418966415],[-83.7703595547122,39.95114918517353],[-83.77017466795198,39.95113762563635],[-83.76964872411608,39.95110474436857],[-83.76864612071567,39.95104204073601],[-83.76823474351951,39.95101631579907],[-83.76819292334979,39.95101372168141],[-83.76733060266078,39.9509597850852],[-83.76714250262681,39.95094800652737],[-83.76652302979679,39.950909258611205],[-83.76564353242122,39.950854233185765],[-83.76536704894306,39.950836935811765],[-83.76536697168797,39.95083693099128],[-83.76536693575534,39.950836928925355],[-83.76534891016085,39.95087728142355],[-83.76523894469199,39.950870154644015],[-83.76412894769936,39.950798110704476],[-83.76289970653932,39.9507183070282],[-83.75829354012275,39.950419159999726],[-83.7582366839518,39.95041548399208],[-83.75823634259199,39.95041545575746],[-83.75811022271935,39.95040390436006],[-83.75758862493278,39.95036998976558],[-83.75743047473038,39.950362203207014],[-83.75743035884771,39.95036219700917],[-83.75738221274175,39.95035881229719],[-83.75632244774319,39.95028409654496],[-83.75624715544765,39.95027880771115],[-83.7561615073735,39.95027275172048],[-83.7558524231354,39.95025104477023],[-83.75198422182642,39.94997823600295],[-83.75189500294904,39.94997196719177],[-83.75151204755015,39.94994486385649],[-83.75142100419443,39.94993845111365],[-83.75067666733652,39.94988599014417],[-83.75023278011022,39.94985469975541],[-83.74932253969072,39.94979049095404],[-83.7480023117688,39.949697333061444],[-83.74664565446714,39.949601666952915],[-83.73832871919011,39.94901099220764],[-83.73453738222845,39.94879266019964],[-83.73334506452152,39.9487228749623],[-83.72934340949392,39.94848857801704],[-83.7292366797567,39.94848233868212],[-83.72912998685042,39.948476071111166],[-83.72830767712416,39.94842790906896],[-83.71972422248213,39.94792481186479],[-83.71458986194986,39.947594850846535],[-83.70973344735303,39.947282526033426],[-83.70966234479997,39.94727796077073],[-83.70959128177279,39.947273367271805],[-83.69962182905529,39.94663159528284],[-83.69737340698457,39.946474168833866],[-83.69708216598295,39.94645377607379],[-83.69691706910845,39.9464422240074],[-83.695149183731,39.94631839969985],[-83.69066232616058,39.94600404292355],[-83.68189043371802,39.94538896335484],[-83.68187925508262,39.94538816928428],[-83.68181925750312,39.94538395168846],[-83.68180818846217,39.94538317552408],[-83.68179073329789,39.945579507642904],[-83.68176933363118,39.94577560710791],[-83.68174400293682,39.945971431222084],[-83.68169447971351,39.94632649318579],[-83.68167946617018,39.94643433989659],[-83.68159765120734,39.94702246052717],[-83.68131529723883,39.9490519834846],[-83.68124625092945,39.949589925348725],[-83.6808514135143,39.95255848718965],[-83.68077062981743,39.95312830945422],[-83.68062747878534,39.95413832667135],[-83.6805466914952,39.95470823080144],[-83.68045192192768,39.95537683677955],[-83.68033606261224,39.956194260803386],[-83.6802664198215,39.956685479678264],[-83.67998418802385,39.958658403658276],[-83.67991758513205,39.95912829455723],[-83.67981289007896,39.95984734693419],[-83.67952486504603,39.961825451108346],[-83.67948426119521,39.96210431162998],[-83.67928046220334,39.963480375569404],[-83.67897637798808,39.965465488883794],[-83.67861168893218,39.96774813618189],[-83.67854473300248,39.96816972972716],[-83.67790927644859,39.97229310276521],[-83.67782385295328,39.972886576568925],[-83.67757659526458,39.9746037604688],[-83.67748199458032,39.9752856445525],[-83.67733355247121,39.97641655060642],[-83.6772727670692,39.97700722337802],[-83.67724167727552,39.977309223070165],[-83.67723290432846,39.97739461149585],[-83.6771776130227,39.97792151815095],[-83.67716599780609,39.978018013365606],[-83.67704298520603,39.97904134685428],[-83.677014153777,39.97934284813475],[-83.67694246911563,39.98009239933434],[-83.6768694163201,39.98085571122486],[-83.67686451062033,39.98090696448712],[-83.6768019555372,39.981560330593474],[-83.67679633927004,39.98161905175844],[-83.67676087557928,39.98198978778923],[-83.6767124177579,39.982495749053655],[-83.67672218513998,39.982492933112695],[-83.67671152213755,39.98258394005242]]]]}},{"type":"Feature","properties":{"name":"Madriver","kind":"township"},"geometry":{"type":"Polygon","coordinates":[[[-83.86994756055914,39.922407153977154],[-83.86995228659585,39.92240664210159],[-83.86995371761209,39.92240708232838],[-83.87029743909095,39.92236984285383],[-83.87087654792032,39.92228042917653],[-83.87145534772924,39.922157524276564],[-83.87196534646884,39.92183691601802],[-83.87268771502649,39.921364461014726],[-83.87336791756299,39.920942187628455],[-83.8738548709223,39.92053892596003],[-83.87423647345838,39.92023601069582],[-83.87459731862316,39.91998330722951],[-83.87480801757474,39.91976558327141],[-83.87500380539092,39.919604867933124],[-83.87537813606474,39.91942146680847],[-83.87561807787377,39.91929400411541],[-83.8758957776708,39.91914660464874],[-83.87667153220745,39.91868997115224],[-83.87712929032004,39.918326573921775],[-83.87758517724191,39.917851176193324],[-83.878163122753,39.91768761088184],[-83.87871219820748,39.917524654926844],[-83.87934513678363,39.91720366532737],[-83.87986266699858,39.91690682181308],[-83.88037182401678,39.91620674563992],[-83.88059312578366,39.91564459794555],[-83.88063878804786,39.915394874002736],[-83.88041364149157,39.91547387484967],[-83.88018378327162,39.915019414789796],[-83.88030855117975,39.91496401048867],[-83.88013045837803,39.914726200459654],[-83.88005287987009,39.9147606494758],[-83.87994567672074,39.91454868970585],[-83.87994311203059,39.91335926028947],[-83.88097215554474,39.913028181754285],[-83.88144422561643,39.91288990460465],[-83.88156701633261,39.91285393809939],[-83.88191873461413,39.91246961642462],[-83.88258019649719,39.911505142276],[-83.88312464472963,39.910943123429995],[-83.88312273401303,39.910906916803306],[-83.88373105785207,39.910229682057576],[-83.88387226762484,39.910072472990876],[-83.88420355103025,39.90989989002311],[-83.88421250633532,39.90982025570464],[-83.88426101805562,39.90978651324409],[-83.88438246040056,39.90971191305543],[-83.88460829776132,39.90957844849572],[-83.88498307579616,39.909393246875645],[-83.88537728708556,39.909234314609236],[-83.88578814415716,39.909102730954544],[-83.88621244182205,39.908999515886386],[-83.8867684163379,39.90888476017259],[-83.8867307886056,39.9092249729774],[-83.88741097676906,39.90903908891608],[-83.88810557301137,39.90884558740179],[-83.88885745661597,39.90863612236296],[-83.88939308339232,39.908486900104805],[-83.89000233698769,39.90831716176826],[-83.89100722210891,39.90803719171698],[-83.8910140448135,39.90803529193621],[-83.89161932965193,39.90786664742415],[-83.89194248150743,39.907871209803226],[-83.8927513407589,39.90781013067856],[-83.8949269058668,39.90742790652074],[-83.89558210110243,39.90737889765069],[-83.8961608209613,39.90733560261708],[-83.89612474911107,39.90735763119976],[-83.89611158250395,39.9073658037139],[-83.89602129732631,39.9074218653432],[-83.8961375051881,39.90756199061884],[-83.89619129630732,39.90762685163303],[-83.89624419719607,39.90769064106817],[-83.89745955669005,39.90787380348907],[-83.89821419183437,39.90806413111229],[-83.89878576559515,39.90815697357939],[-83.8994606590883,39.90822881503333],[-83.90000581519321,39.90830192361666],[-83.90104324268393,39.90838919185991],[-83.90104557471038,39.90838910710407],[-83.90104616220859,39.90838915878446],[-83.90187445381632,39.90835948596803],[-83.90198093831347,39.90834581408708],[-83.90323917259931,39.90790244496806],[-83.90387339396969,39.907617908069994],[-83.90417653405558,39.9074713103708],[-83.90436395855646,39.9073766822521],[-83.90457020455916,39.90727730691021],[-83.90477393887235,39.90720607360835],[-83.90534139026427,39.90694188185215],[-83.90608918653435,39.906793435950924],[-83.90670795418687,39.90664626040877],[-83.90714736780305,39.90662094188376],[-83.90827879680172,39.906228461514566],[-83.9089674965025,39.905975013820786],[-83.9088240238735,39.905936350006655],[-83.90924185815993,39.905779761611846],[-83.9102119389538,39.90537547072721],[-83.91046177660398,39.90527134731819],[-83.91118508210444,39.90497886030124],[-83.91178821457946,39.90435623081013],[-83.91266835604706,39.90419252714754],[-83.91279082336976,39.90412196803812],[-83.91305110034186,39.90397200686227],[-83.9131667296886,39.90382324649041],[-83.9134056357401,39.903515880687486],[-83.91367256922847,39.90285535312956],[-83.91371045208231,39.90276161036734],[-83.91369183000647,39.902677851582204],[-83.9136869126286,39.9026557353536],[-83.91362934319531,39.902396784817455],[-83.91356225700989,39.90209503113425],[-83.91360651520729,39.90208421240125],[-83.91370625694994,39.902059830792865],[-83.91407116160148,39.90197063179674],[-83.91414647725323,39.90195222151632],[-83.91445879542637,39.90187587685966],[-83.91453960247944,39.901856124113934],[-83.91497515244157,39.90170688019658],[-83.91519689348462,39.90163089913237],[-83.91553614225167,39.901514652179266],[-83.91554174773904,39.9015127315434],[-83.91623254859927,39.90129169818044],[-83.91625728999882,39.901327285525525],[-83.91625938037849,39.90132668666043],[-83.91714519111386,39.901080131583456],[-83.91745374983753,39.90106390358757],[-83.91744752810588,39.90104799741887],[-83.91776668605159,39.90099694204499],[-83.91776472592764,39.900848905021235],[-83.91826387481527,39.900878586603845],[-83.9183316553984,39.90088261673739],[-83.91851220329576,39.90083526403146],[-83.9187102916974,39.900783310538834],[-83.91922601719695,39.90049107657758],[-83.91923568127278,39.90048559851414],[-83.91970412394735,39.90007905937706],[-83.92077852789178,39.899447221577134],[-83.92137740774226,39.89909502042955],[-83.92181866200643,39.898795579527544],[-83.92230196551077,39.898654386717],[-83.92240909859154,39.89857765589642],[-83.92340793715259,39.89786225736137],[-83.92341346987644,39.897858294589575],[-83.92343273694264,39.89784449518269],[-83.92405925975102,39.89739574933431],[-83.92458444271391,39.89701957946904],[-83.92718995229657,39.896021521069336],[-83.92846376157281,39.896415553385815],[-83.92912246922121,39.89661055660356],[-83.92965926380744,39.896257718535],[-83.92988979756049,39.89604249054943],[-83.93000147431997,39.89561096153328],[-83.93002085277728,39.89553607987766],[-83.93032625841431,39.89525094577344],[-83.93037566934822,39.89520481320299],[-83.93052232919982,39.89506788607043],[-83.93114872534574,39.89473033016692],[-83.93126408519791,39.89470491695231],[-83.93137901385872,39.89467959814995],[-83.93168018753245,39.89461324859058],[-83.9320748318098,39.89441600595275],[-83.93287577690364,39.89402653646864],[-83.93289725741873,39.8938153354716],[-83.93293485550662,39.893790405749165],[-83.93413217952464,39.89299648470072],[-83.93413324941814,39.892986202128114],[-83.93413983406917,39.892922917302045],[-83.9341641793117,39.89268897797709],[-83.93506002692372,39.89208991275388],[-83.93547761956333,39.89173775443639],[-83.93548030193276,39.891735506137856],[-83.93549058045625,39.891726885821534],[-83.93559507069347,39.89166450825106],[-83.93558999700875,39.89171249036638],[-83.93557931154844,39.89181361620365],[-83.93654220402338,39.89116974862408],[-83.93678269380473,39.89100893241845],[-83.93697325881584,39.89109454644164],[-83.93840808122529,39.89173913911804],[-83.93901839213775,39.892093438883784],[-83.93972781956539,39.892376277193854],[-83.94065002823943,39.89246027877405],[-83.94175206166706,39.8924170149784],[-83.94207649182519,39.89240427589406],[-83.9423667671379,39.89239287736497],[-83.94366931621504,39.89225269280836],[-83.94405335049056,39.892127154217796],[-83.94479474806086,39.891594521406816],[-83.94511219830922,39.89116481431907],[-83.94516919641399,39.89062767736054],[-83.94518043074494,39.8905218056558],[-83.94555383256078,39.89016820769927],[-83.9467023034987,39.88873845311917],[-83.94767681568183,39.88856527464656],[-83.94785569810269,39.88859099410604],[-83.9481823210484,39.88863795687401],[-83.94848189212766,39.88887104016836],[-83.94848625344838,39.8890548560046],[-83.9482027559245,39.88950596480249],[-83.94809042159822,39.88968471356534],[-83.94825393025128,39.89009775890445],[-83.9485927065045,39.89029871112613],[-83.9494880465684,39.890257671567824],[-83.94994508782538,39.89001680232161],[-83.95021929317596,39.889928393391926],[-83.95058994075715,39.88980888845065],[-83.95247797400722,39.889666960984734],[-83.95316955460513,39.88946206777803],[-83.95341672246228,39.889388837771094],[-83.95369106345848,39.88909930125616],[-83.95424723560372,39.88851231309745],[-83.95431214157793,39.88844381048466],[-83.95406741713833,39.88737230268064],[-83.95403246279231,39.8872192547659],[-83.95415636741944,39.88680323779071],[-83.95451309111372,39.88643957490446],[-83.95489698884535,39.886397776192105],[-83.95506476808926,39.886691129687286],[-83.95505419491838,39.886789498883346],[-83.95515438402201,39.88689063749751],[-83.95517041355994,39.88690718592189],[-83.95583993782267,39.88706964604779],[-83.95648014017621,39.88712538515403],[-83.95701703357712,39.88716621153057],[-83.9570177082119,39.88716600612358],[-83.95701995130516,39.88716617499845],[-83.95745021647848,39.88703397547745],[-83.95798142983185,39.88682089668037],[-83.9583647122175,39.88640318438449],[-83.95892524658174,39.88561781953952],[-83.95926650667671,39.88518497931731],[-83.95959244420787,39.88499037165309],[-83.95994041381971,39.88490655254667],[-83.96020637173767,39.884919023504985],[-83.96072625464035,39.88513493781285],[-83.96132780338554,39.88530206045485],[-83.96205397181681,39.88553132050601],[-83.96265486479183,39.88566686672046],[-83.96309142625697,39.885851962214474],[-83.96367131572234,39.885971565730195],[-83.96439348844721,39.88601031732104],[-83.96439503714278,39.88601020703358],[-83.9643964070736,39.886010280788305],[-83.96466401519672,39.8859910128706],[-83.96532119930238,39.88587159618861],[-83.96583474459077,39.88578582606445],[-83.96651158922471,39.885618658418565],[-83.96712410100962,39.88532489295593],[-83.96777792272118,39.88504680589224],[-83.96859669039027,39.88478258177796],[-83.96925418531302,39.884678786209584],[-83.97009640979078,39.88466822321859],[-83.97065597666946,39.88480424883061],[-83.9713012095886,39.88509789244899],[-83.97184582670432,39.88550399244649],[-83.97213643349536,39.88561154069821],[-83.9724260467497,39.88565540089821],[-83.9724271804236,39.88565509209159],[-83.97242896537607,39.88565536436529],[-83.97279786124244,39.88555545502116],[-83.9733727201422,39.88543702879768],[-83.97402863941994,39.88537661001787],[-83.97403682217386,39.88537595931565],[-83.97408628790498,39.88536872783507],[-83.97407204331954,39.885501619179834],[-83.97405297388268,39.88567967874409],[-83.97438310654623,39.88545124635203],[-83.97476872365328,39.88526895317687],[-83.9748970228388,39.88520829988531],[-83.97589738045097,39.8850956563402],[-83.97692091100426,39.88493553035752],[-83.97710251621871,39.88487065751496],[-83.97807605822136,39.88452288335621],[-83.97887011413528,39.88386218652163],[-83.97933870952346,39.883481128843826],[-83.9796834056744,39.88320082294698],[-83.98053986934775,39.88250433222064],[-83.98087017269118,39.882408134479476],[-83.9815187482415,39.88221924592873],[-83.98195515339978,39.881656843483604],[-83.98238026493831,39.88110898163056],[-83.98256125570512,39.88151478057408],[-83.98297937835075,39.882452236616466],[-83.98356116146472,39.882374991337464],[-83.98419993549696,39.88229016398438],[-83.98455352946077,39.881939711756864],[-83.98469252308975,39.881801952977945],[-83.9849512342983,39.881497065859776],[-83.98568480394921,39.88122262093543],[-83.98760070024446,39.88023603363068],[-83.98766404494673,39.87998544439199],[-83.98775407230787,39.87962921319142],[-83.98658559319362,39.87922048707495],[-83.98655396081752,39.87920942276397],[-83.98640570196471,39.87865326546078],[-83.98627748811916,39.87817229320147],[-83.98666867747595,39.877899836236026],[-83.98662564997046,39.877887259215484],[-83.98843186017288,39.87667183275527],[-83.9884718100502,39.8766353301955],[-83.98853144021876,39.876586002865594],[-83.9885930682405,39.876536679636544],[-83.98860920108469,39.876517291859955],[-83.98856028602084,39.8758251902139],[-83.98903426321588,39.87585286476223],[-83.98904795893073,39.87553821614687],[-83.98908928053547,39.875337806654635],[-83.98920229488641,39.874791084238005],[-83.98920363517281,39.874787222854515],[-83.9892908786549,39.87458458505747],[-83.98945749547885,39.87432794279285],[-83.9896265979412,39.874170664460905],[-83.98995363501027,39.87400039300567],[-83.99029634318948,39.87389636739626],[-83.99069670524362,39.87385814394829],[-83.99112644490249,39.8738748216817],[-83.99165962197307,39.87394546087963],[-83.99212191388291,39.874050497100036],[-83.99261293661047,39.874165875778054],[-83.99297794995817,39.874353966798786],[-83.99299055871153,39.874360397652616],[-83.99299920679276,39.87436580541559],[-83.99301765639206,39.87419719524699],[-83.99365228739418,39.874771677353884],[-83.99431231017616,39.875369130414235],[-83.99433429644273,39.87538903349994],[-83.9947014989848,39.87572141900326],[-83.99501203669705,39.87542092944087],[-83.9950085844714,39.875359287105645],[-83.99498465964044,39.874932184185255],[-83.99553718732058,39.87421745027464],[-83.99578370479746,39.87395159463258],[-83.99581986525538,39.87392150308166],[-83.99585950401834,39.87389616835004],[-83.99590199910561,39.87387598797066],[-83.99594668371729,39.87386127859837],[-83.99599285669714,39.8738522710412],[-83.99603979353462,39.873849106638765],[-83.9960867577333,39.8738518350444],[-83.99613301236742,39.87386041344608],[-83.99617783164521,39.87387470723819],[-83.99621103941509,39.87388414338261],[-83.99624529378345,39.87388843698827],[-83.99627980317067,39.8738874888348],[-83.99631377010391,39.87388132083295],[-83.99704315360559,39.87368875900166],[-83.99763846444942,39.87381418037281],[-83.99837272939637,39.8744321793976],[-83.99837404542824,39.874433287284695],[-83.99837743836508,39.874434466870724],[-83.99867396505385,39.87453762162585],[-83.9988418691636,39.87456975098392],[-83.9994957348926,39.87469487085046],[-83.9997765293858,39.874694497189914],[-84.00022030162772,39.87462011939634],[-84.0005578184429,39.87456354834509],[-84.00129621833509,39.87422458158725],[-84.00156985774706,39.8740989644828],[-84.00164049040872,39.874071035830326],[-84.0017132305831,39.874049176060204],[-84.00178755786635,39.874033541563456],[-84.00186294049988,39.87402424419371],[-84.00193883917487,39.874021350467004],[-84.00201471089063,39.87402488108588],[-84.00209001283929,39.87403481079129],[-84.00336870176416,39.87425499238035],[-84.0033258871594,39.87470401657098],[-84.00329490606188,39.875028934977564],[-84.00324539182174,39.87554824832596],[-84.0045515458381,39.87563171348953],[-84.00545853345797,39.87568966177158],[-84.00557249463324,39.875662202939836],[-84.00573076431156,39.87559866565667],[-84.00585534267518,39.875509751416395],[-84.00596607620362,39.87539026408539],[-84.00599723426924,39.875331655790575],[-84.00606432225129,39.87505622515811],[-84.00609792103954,39.87478122843707],[-84.00611155117736,39.8746701272099],[-84.00615953378994,39.87430241584498],[-84.0062661359664,39.87404185525633],[-84.00645915247992,39.87388808265203],[-84.00665279781414,39.873777582531],[-84.00698694415037,39.873794802857304],[-84.00757639348699,39.87383032105933],[-84.00822354341094,39.87393016544707],[-84.00859126068762,39.874076712869076],[-84.00893130356539,39.874245031711254],[-84.0091919614232,39.87463045780831],[-84.0095394019273,39.875122942485746],[-84.00979912733382,39.875465272536864],[-84.01005557838114,39.87565635613069],[-84.01056284175071,39.87577940719466],[-84.01115220215412,39.87579349162921],[-84.01115266927806,39.87579339442386],[-84.01115512078047,39.875793453712255],[-84.01149001720997,39.875724330340596],[-84.01229406508482,39.87530347156201],[-84.01254826495402,39.87512885965981],[-84.01309492663533,39.87475305294465],[-84.01339685399559,39.874446577791794],[-84.01347387644635,39.87412159664716],[-84.0133550787416,39.87382056026017],[-84.01318458209394,39.87371485839694],[-84.01270911728878,39.87352990594228],[-84.01264730151914,39.87350571824542],[-84.01230630822383,39.87329404037343],[-84.01198747277328,39.87282288592312],[-84.01158305033407,39.8722663472781],[-84.01149381708362,39.872029997515696],[-84.01162536637383,39.87163951423207],[-84.01173288573018,39.87142204065451],[-84.01206399665907,39.87117998971253],[-84.01248106019098,39.87102331570215],[-84.01289519521505,39.87071566698573],[-84.01299574544144,39.87066961511718],[-84.01328363393043,39.8705376719818],[-84.01389650773639,39.870357044869344],[-84.01414483891185,39.870159440114065],[-84.01446794944482,39.869550390423385],[-84.01470321372616,39.86876949958098],[-84.01452896391723,39.868490871021784],[-84.01443737079254,39.86814637774798],[-84.0143674495241,39.867520720543055],[-84.0144096254267,39.866872197620495],[-84.01456928929034,39.86648134505634],[-84.0149525321501,39.866065910379355],[-84.01530986669877,39.86573702280941],[-84.01553123044941,39.86560468889226],[-84.01597746407522,39.86562047228006],[-84.01648796676972,39.865894741073234],[-84.01649042096706,39.86589445355214],[-84.01649088359945,39.86589470315081],[-84.01691026208982,39.86584588866875],[-84.01735825192202,39.86581866791076],[-84.01786251851182,39.865790437024266],[-84.01841999501083,39.86565361317663],[-84.01883736486825,39.865496911375516],[-84.01919432751438,39.86516829067489],[-84.01935337154048,39.86473405957206],[-84.01937643668373,39.86451767559749],[-84.01914578525137,39.864218371187164],[-84.01871427141981,39.86372700315732],[-84.0185068971331,39.863351065711676],[-84.01849539330756,39.863330072441904],[-84.01847471229311,39.86330696784002],[-84.01873851784764,39.863322698663],[-84.01876356197945,39.8630857450892],[-84.01879082045843,39.862827860710404],[-84.0192920588274,39.86209977604497],[-84.01972818371131,39.86188342858277],[-84.02085815923584,39.86203039822521],[-84.0211268848632,39.86198840673391],[-84.02159400881095,39.86191541354841],[-84.02215965369085,39.86161173712244],[-84.02254114124254,39.86087309565195],[-84.0226253151813,39.86071011491295],[-84.02354350838603,39.860279789509846],[-84.02370332047171,39.85995589626089],[-84.02381016519328,39.85973935103085],[-84.0238985926549,39.859560132536494],[-84.02409408492535,39.85916391624263],[-84.0247555764528,39.85834310216804],[-84.02564472353114,39.85755253717958],[-84.02605962751309,39.857002237486086],[-84.02632154121564,39.856649361773826],[-84.0265274018411,39.856372002499285],[-84.0268011490509,39.85600317589453],[-84.02681391950097,39.85598751649108],[-84.02726251569598,39.85543738285612],[-84.02782575129429,39.85494433826169],[-84.0282231201619,39.85463032335314],[-84.0291440388552,39.853916632341026],[-84.02930121079227,39.853979770417915],[-84.0300554659492,39.85364127296123],[-84.0301511446118,39.85357063837252],[-84.03022816077439,39.853513783079016],[-84.03077940027036,39.85310684058203],[-84.0313582423001,39.85242250457573],[-84.0318495605734,39.8518416320021],[-84.03211215969051,39.85175705101947],[-84.03214655618274,39.851745971934044],[-84.03284788799304,39.851520078198824],[-84.03339812227425,39.851006124285846],[-84.03377293444507,39.85087217921291],[-84.03397008051395,39.85080175349738],[-84.03544150118641,39.850275962468814],[-84.03582064683017,39.84995183373002],[-84.03607966616087,39.84981843281106],[-84.03642543490025,39.84964037118053],[-84.03649848140759,39.84960273215606],[-84.03642742826187,39.84959836452167],[-84.03546904173639,39.84953935280877],[-84.03538656920678,39.84953381688048],[-84.03409957266216,39.849454580021316],[-84.03011301022967,39.84919377333496],[-84.02657163668232,39.848961980736725],[-84.0262104546493,39.84893832438949],[-84.02586509464336,39.848915708055955],[-84.02464842540572,39.84883601874926],[-84.02414326678885,39.84880294421485],[-84.02372732704936,39.84877571117879],[-84.02363825280074,39.84876986759557],[-84.02354958818387,39.848764844720584],[-84.02257263707473,39.8487093454791],[-84.02001621862571,39.84856407907806],[-84.01921833858361,39.84851871925705],[-84.01910980682592,39.848512549436315],[-84.01877109884468,39.848493299260916],[-84.01541300137823,39.84830236967127],[-84.01293779602076,39.848149502854675],[-84.01044752681433,39.847995681871744],[-84.00884761202195,39.847896823226314],[-84.00533617572975,39.84767977855022],[-83.99664563202437,39.84714212443521],[-83.99614152713134,39.847110921587145],[-83.99598737083868,39.84710138734244],[-83.99586188338002,39.84709249795465],[-83.9946418373752,39.84700607378934],[-83.99421229085411,39.84697563850347],[-83.99395510318827,39.84695742312087],[-83.99355774959201,39.846929267237655],[-83.99337132940764,39.84691605071424],[-83.9931010065757,39.84689690768283],[-83.99195025122201,39.84681536697182],[-83.98975475070131,39.84665978083575],[-83.98959042278469,39.846648120896305],[-83.98948344780742,39.84664052600271],[-83.98921211167584,39.84662129599321],[-83.98888314412721,39.84659798092709],[-83.98694332659427,39.846460456015876],[-83.98687240011101,39.8464554198677],[-83.98680135505015,39.84645124307842],[-83.98605185916756,39.84640693985331],[-83.98566346985953,39.84638399646013],[-83.9852221203739,39.84635791080726],[-83.98235040044669,39.84618817243163],[-83.97781773777994,39.845920089418584],[-83.96831085814495,39.84535725210787],[-83.96360307250683,39.84507825466726],[-83.95888084106062,39.84479820359392],[-83.95325888038202,39.84446725668549],[-83.95318719572067,39.84446303977182],[-83.95311553890708,39.844458820788745],[-83.94859047688595,39.84419224150366],[-83.94712511355347,39.84410587852102],[-83.94607672481968,39.84404407769298],[-83.94498318226813,39.84397960897527],[-83.94403286441052,39.843923567883984],[-83.9430825169085,39.84386743639355],[-83.93993775944055,39.84367715400335],[-83.93970027991374,39.84366277674077],[-83.93960960217233,39.84365730241365],[-83.93962336076922,39.84362302802553],[-83.93963955290221,39.84358939437315],[-83.93965813275724,39.84355650353654],[-83.93966768544196,39.84354247180023],[-83.9396788362296,39.84352915668405],[-83.93969149259361,39.84351667061343],[-83.93970555212614,39.84350511015017],[-83.93973037167913,39.8434852736846],[-83.93975355001008,39.843464289511914],[-83.93976667170145,39.843454877531734],[-83.93977500537233,39.84344223625956],[-83.93980313521713,39.843408188683654],[-83.93982715347288,39.843372309870034],[-83.93984685801865,39.843334903984974],[-83.93986208446272,39.84329627381567],[-83.9398727097359,39.84325674284184],[-83.9398786467016,39.843216631095174],[-83.94003874085827,39.84144974665363],[-83.9401380118837,39.8404533253194],[-83.94015573384762,39.84027538355855],[-83.94057490303055,39.83606796031411],[-83.94128667326446,39.82884087074557],[-83.93837724116328,39.8286803299185],[-83.93657662207518,39.82858118683135],[-83.93386196359222,39.82843714445835],[-83.93135042946638,39.82830480623202],[-83.92707883339088,39.828076668464114],[-83.92469357813945,39.82795898466907],[-83.9223345348297,39.82782866342498],[-83.92232918536219,39.827828366086074],[-83.91853810262373,39.82761753246782],[-83.91775986155037,39.827574240189726],[-83.91766868973555,39.82757023679268],[-83.91288206255823,39.82732878453713],[-83.90569521329849,39.826965872934295],[-83.90333958718008,39.826846830220255],[-83.8917089770257,39.82619327788547],[-83.8888785867881,39.82603406651681],[-83.88857052213781,39.82601673554974],[-83.88851722958358,39.82601374483467],[-83.88846396847038,39.82601072307397],[-83.88408703055477,39.82576436841201],[-83.88262199151409,39.82570007501694],[-83.88110623988068,39.82563350832972],[-83.88055682306639,39.825609401027315],[-83.88030025254314,39.82559812041023],[-83.87464321444935,39.8253495544988],[-83.87379150645711,39.82531210430186],[-83.8729854903735,39.82527663963713],[-83.87283199254595,39.82526990062434],[-83.87267845698918,39.82526313332474],[-83.86984725197956,39.825138582190974],[-83.86738231526414,39.82503008226924],[-83.86514384922171,39.824931854255084],[-83.86510832444547,39.82493028953798],[-83.86503722458738,39.824927165622874],[-83.86500449357169,39.82533543211425],[-83.86499107004639,39.82550257417836],[-83.8649717275217,39.82574369686952],[-83.8649389956077,39.826151992313974],[-83.86487352998304,39.82696852280219],[-83.86484079896735,39.827376788201526],[-83.86482454754554,39.8275795467774],[-83.86480806705335,39.827785080839675],[-83.8647753333427,39.82819337381084],[-83.86476391575545,39.828335809972955],[-83.86474259693713,39.82860161123517],[-83.86469263982754,39.829203036355025],[-83.86466949742919,39.82947929399411],[-83.86464118702301,39.82981719174384],[-83.86460964358012,39.83019364950885],[-83.86458831577865,39.83044811202296],[-83.86457261143086,39.830620799798105],[-83.86456068270219,39.83074797691833],[-83.8645214451889,39.83116609089233],[-83.86449866930319,39.831408572017665],[-83.86449260208177,39.83147332778535],[-83.86446308703478,39.831787877696165],[-83.86441547362978,39.83229477150885],[-83.86429888128906,39.83370299160248],[-83.86410472391513,39.83604756089361],[-83.86406311215454,39.83655010171265],[-83.86405988810098,39.83658909850852],[-83.86403866180913,39.83684537217456],[-83.86401452497576,39.837136765448406],[-83.86399013841073,39.837431485008935],[-83.86395779456895,39.83782206501011],[-83.86386986387566,39.83888356507877],[-83.86384975957961,39.83912637074122],[-83.86382680762411,39.83940364036252],[-83.86382159559882,39.839466627623665],[-83.86380339393452,39.839686459382385],[-83.8638002767805,39.83972375344426],[-83.86377016345554,39.84002455178512],[-83.86373981656861,39.8403278519327],[-83.863700959941,39.840715979257034],[-83.86367331967803,39.84099204298617],[-83.86365691823757,39.84115592100683],[-83.86362436059672,39.84148106174387],[-83.86357786739087,39.841945439522014],[-83.86353582893052,39.84236529864715],[-83.86349368446898,39.84278620083764],[-83.86345154360066,39.843207101137736],[-83.86344226310548,39.843299772796186],[-83.86332840972806,39.844436994082265],[-83.86328425753183,39.844877815512106],[-83.86306585822165,39.84705907566706],[-83.86306311925834,39.847086453528924],[-83.86305763594186,39.847141180942735],[-83.86300335164756,39.84768315592326],[-83.86290196598794,39.84869563894165],[-83.86287762254207,39.84893871129402],[-83.86285328089282,39.84918180968274],[-83.8628289410402,39.849424885831034],[-83.86278362283075,39.84987733393844],[-83.86275335589387,39.85017958711357],[-83.86272024039924,39.85051022993528],[-83.86255112895374,39.852199024036835],[-83.86248519171357,39.852857205987085],[-83.86245827728935,39.85312593291818],[-83.86241000362261,39.85360795661577],[-83.86231429172234,39.85456359230187],[-83.86205240676588,39.857178016796176],[-83.86171767113481,39.86052001229092],[-83.86162444307631,39.86145063162807],[-83.86161621540663,39.861532736928375],[-83.86160863362564,39.86161489039838],[-83.86110483685474,39.866871458488],[-83.86096114144357,39.868479417495976],[-83.8609562707781,39.86853390653181],[-83.86095561051636,39.86854129216116],[-83.8616273688892,39.868580812021584],[-83.86162748297525,39.86858081891632],[-83.86163254947344,39.868581116768254],[-83.86145825564707,39.870342432575335],[-83.86112914706295,39.87366795848595],[-83.86112480281024,39.873711847008295],[-83.86112257858159,39.873734339348076],[-83.86112178806414,39.87374247105958],[-83.86111600920191,39.87380055054874],[-83.86105235997077,39.874443823586354],[-83.86090711496574,39.875911141700435],[-83.8608105101401,39.8768873842179],[-83.86039814928871,39.88105344236899],[-83.86039740728027,39.88106093556707],[-83.86017633188887,39.88329422160928],[-83.85996939777664,39.88539857535101],[-83.8596272339765,39.88887764542418],[-83.85945383666879,39.890640782766944],[-83.85933056625224,39.891894218463946],[-83.85907154242996,39.89452752593172],[-83.85905307666096,39.89471541498954],[-83.85903309273915,39.894918378564846],[-83.85902773608512,39.894972718402464],[-83.85899871600986,39.89526784091672],[-83.858992470922,39.89533133516308],[-83.8589688667896,39.89557132561146],[-83.8587366082712,39.897932554137846],[-83.85873119232835,39.897987333347665],[-83.85847731764927,39.90044880333819],[-83.85846947715348,39.90052482154902],[-83.85846197083096,39.90059760273723],[-83.85838626890366,39.90133155683268],[-83.85835251919843,39.90165858187173],[-83.85815994645266,39.90352553802599],[-83.85812248131543,39.90388868370049],[-83.85809102590744,39.90419364557961],[-83.85806639679728,39.90443228603268],[-83.85797587536274,39.90530975860693],[-83.85797236654325,39.90534375961863],[-83.85796883257092,39.90537822851383],[-83.8579681435631,39.905384827355114],[-83.85796423948487,39.905425917118244],[-83.85796225600471,39.90544669628503],[-83.85785046336257,39.90662016252343],[-83.85768831745378,39.90832200388073],[-83.8575450271828,39.909826088575365],[-83.85745671380722,39.91075317589163],[-83.85727381322211,39.912672833342654],[-83.85721190043442,39.91334394608906],[-83.85720353981407,39.91343431539393],[-83.85719521422801,39.91352471007334],[-83.85705887152746,39.915002273029565],[-83.85703794796785,39.91522907389997],[-83.85702205856711,39.91540132718888],[-83.85702217444978,39.91540134441395],[-83.85702821292512,39.9154012734468],[-83.85925609052529,39.9156851661839],[-83.86053467075402,39.91591090649487],[-83.86130393855599,39.91600360672859],[-83.86214694995796,39.91610519072843],[-83.86277576706358,39.91618096213293],[-83.86334400987127,39.916255280368034],[-83.86417527220765,39.91636398954592],[-83.86576452489591,39.91657181044998],[-83.86661704586348,39.917135538641276],[-83.86691602495297,39.917668706693576],[-83.8670070683087,39.917792026836096],[-83.86718554109777,39.91803378162385],[-83.86775581499634,39.918806235122815],[-83.86783870164929,39.9200190564148],[-83.86792804718912,39.92053080531088],[-83.86861654656559,39.92148035323937],[-83.86922729136434,39.92203159748911],[-83.86928335701785,39.922082198335886],[-83.86948286745256,39.922267792094715],[-83.86948678410718,39.92227132700563],[-83.86948675536111,39.922271351118255],[-83.86968781898294,39.92232727171771],[-83.86994756055914,39.922407153977154]],[[-83.93597897022173,39.88564379514599],[-83.9346767104021,39.88556128788959],[-83.93351585079809,39.88548469543583],[-83.93246383826045,39.88542562359558],[-83.9323567599769,39.88541960322528],[-83.93225050365183,39.88541365178466],[-83.93149321937572,39.88537112454262],[-83.93150963069765,39.88509677921975],[-83.9315260492061,39.88482246106077],[-83.93154249735896,39.88454811492108],[-83.93155760971698,39.88429519984088],[-83.93157423663457,39.884017531152054],[-83.9315345176243,39.883744722420914],[-83.93152497032945,39.88367910950025],[-83.9314948336483,39.88347188572072],[-83.93145514607905,39.88319907619716],[-83.93141542796707,39.88292626834549],[-83.93137574399108,39.88265345940833],[-83.93133602408248,39.88238065007514],[-83.93130348350962,39.88215692657252],[-83.93128675867567,39.882042116943566],[-83.93126654298851,39.881903219583755],[-83.93119448552632,39.88140800416458],[-83.93117684620739,39.88128664520003],[-83.93110052623918,39.881193871107286],[-83.93092922829427,39.88127750656144],[-83.93040125157087,39.88153530848799],[-83.9298783898547,39.881790602318326],[-83.92958001263645,39.88193879562696],[-83.92939325199055,39.882033270684495],[-83.92901800323851,39.88201157104671],[-83.92843278137362,39.88197771493809],[-83.92796744327666,39.881950794928784],[-83.92800295098489,39.881590417210276],[-83.92804749125331,39.88113875241546],[-83.9280771608105,39.880837639290945],[-83.928104112964,39.88056390865304],[-83.92813110015175,39.880290175543685],[-83.92785172140344,39.880273426988055],[-83.92751421716467,39.88025315789377],[-83.92717674975685,39.880232915678384],[-83.92683924551807,39.880212644504084],[-83.92650177811024,39.88019239745122],[-83.92616427387148,39.88017215246043],[-83.92582680736194,39.880151877821376],[-83.92548930761475,39.88013163143994],[-83.92532767374568,39.88012192806481],[-83.92529123897607,39.880450000098264],[-83.92525691524737,39.88075934989636],[-83.92521957946754,39.88109564071359],[-83.92518221224665,39.881432069818175],[-83.92513760011303,39.881834151313434],[-83.92440966918717,39.88178726591616],[-83.92374650858991,39.881744531001516],[-83.92378895937699,39.88133918149113],[-83.92382705513154,39.88097523249576],[-83.92386460740538,39.88061631658919],[-83.92386514819117,39.88061131258948],[-83.92390324394574,39.88024739281988],[-83.9239318885252,39.87997375082098],[-83.92396053310468,39.87970010704074],[-83.92398918037908,39.87942646561535],[-83.92401732549524,39.879152804485145],[-83.92404550564571,39.878879140194705],[-83.92407364986356,39.87860547550158],[-83.92412997692682,39.87805814904342],[-83.92415812024636,39.87778448589964],[-83.9241862994985,39.87751082304264],[-83.92424258523926,39.87696349543123],[-83.92424963162436,39.876895071589374],[-83.92504153607317,39.87694326741127],[-83.92732745921374,39.877082350611325],[-83.93023863943645,39.87725941864392],[-83.93024519444307,39.87719166035435],[-83.93029273059297,39.87669943181847],[-83.9303191751983,39.87642567845743],[-83.93034557848114,39.87615189504911],[-83.93037202128983,39.875878140191936],[-83.93042490511061,39.87533060513859],[-83.93043151760943,39.87526216036427],[-83.9304381274133,39.87519371483228],[-83.930490566568,39.87465065824454],[-83.9305368405849,39.8741715669063],[-83.93054145163725,39.874103009289854],[-83.93054610131718,39.874034477802766],[-83.9305964734484,39.873555609669715],[-83.93065370331854,39.87301167074367],[-83.93066088624755,39.87294324640642],[-83.93066810241422,39.872874848888586],[-83.930717518738,39.87240508007817],[-83.93096151105064,39.872419591275545],[-83.93098381082925,39.87217688544233],[-83.93105731188412,39.871377821112766],[-83.93106481641,39.87129566347544],[-83.93107228410496,39.871213534696366],[-83.93107263175297,39.87120960347747],[-83.93110208212123,39.87089866485763],[-83.93112798324583,39.870624860076006],[-83.93115388526873,39.87035105833821],[-83.93117982142762,39.870077253439135],[-83.93120572345052,39.86980347847294],[-83.9312316245751,39.869529674146065],[-83.9312575256997,39.86925586941581],[-83.9312834636552,39.86898209530826],[-83.93130274778942,39.868778191730755],[-83.93131325628161,39.868667223500516],[-83.93131972415165,39.868598753461214],[-83.93132618932675,39.86853030817458],[-83.93135469915893,39.86822912659039],[-83.93138063621612,39.8679553504537],[-83.93140653374743,39.86768154702417],[-83.93143243397371,39.86740774250187],[-83.93147373042564,39.86697140608599],[-83.93150741814712,39.86661546789283],[-83.93153331657675,39.866341663252676],[-83.93158515026695,39.86579405552074],[-83.93162658685607,39.86535598645954],[-83.93165135161183,39.86506863418027],[-83.9316922276522,39.86459473965246],[-83.93172010327378,39.86427151767335],[-83.9317479753021,39.863948295550585],[-83.93177584553379,39.86362504915103],[-83.93180368432445,39.8633018274305],[-83.9318285074707,39.863013949402095],[-83.93188390657426,39.86237152004614],[-83.9318909781122,39.86228934265874],[-83.93189805414167,39.86220716241484],[-83.93154927874103,39.86218739961738],[-83.93157668723867,39.86190561657694],[-83.9316024688873,39.86164007660724],[-83.93162828736692,39.86137453767856],[-83.93165410315156,39.8611089722091],[-83.93167992163113,39.86084343122518],[-83.93170570238146,39.86057789266149],[-83.93173151636947,39.8603123268671],[-83.93175733484905,39.86004678555866],[-83.93178311110782,39.859781248049586],[-83.93180798635635,39.85952527375333],[-83.93183380393761,39.85925973491582],[-83.9318596170273,39.8589941681576],[-83.93186461974511,39.85892565950284],[-83.93186962336124,39.85885712319683],[-83.93193029737218,39.85828252712002],[-83.93159263143666,39.858261366111805],[-83.93123759477848,39.85823915418326],[-83.93088255362875,39.85821691397493],[-83.93036895803472,39.85818474730588],[-83.92995335157019,39.8581587123389],[-83.92918584716114,39.85811064054451],[-83.92901679949603,39.858100045188756],[-83.92706408395222,39.857977727843185],[-83.9274580068824,39.85657509474816],[-83.92732691213972,39.85656664172022],[-83.92691868623359,39.8565403709882],[-83.92653706932448,39.856515804231144],[-83.92615549194124,39.85649123884446],[-83.92580048762244,39.85646837812488],[-83.92542775325485,39.85644438646351],[-83.92537453256584,39.85644097090422],[-83.92433384958056,39.85637394991481],[-83.92440747729788,39.85561648109265],[-83.92443457767337,39.85533758396211],[-83.9244620086289,39.85505560797792],[-83.92448943868608,39.85477365910926],[-83.92451683101405,39.85449168494595],[-83.92454426107123,39.854209706865696],[-83.92457168933181,39.85392773176472],[-83.92459908165978,39.853645756194915],[-83.92462650812371,39.85336380636211],[-83.92465390314662,39.853081832613384],[-83.92468133050886,39.852799855637414],[-83.92470875876944,39.85251787957199],[-83.92472341119003,39.852367050359085],[-83.92473615109739,39.85223593200249],[-83.92476354162872,39.85195395637902],[-83.92479096899098,39.85167197752824],[-83.924818358624,39.85139000165695],[-83.92484578598625,39.8511080260067],[-83.92487906677088,39.85076584958215],[-83.92491231431787,39.8504236466244],[-83.92496345181374,39.84989757131853],[-83.92500338102981,39.849486923197965],[-83.92503933609905,39.84911706647396],[-83.92510901212744,39.84840035874246],[-83.92556436185673,39.848321072297736],[-83.92606794662524,39.84823337032913],[-83.92634586291626,39.848184957779225],[-83.92677810168826,39.84810968432079],[-83.9272123293303,39.84803404938821],[-83.92764659380326,39.84795841506201],[-83.92808099571846,39.84788275237562],[-83.9280884562269,39.8477688826582],[-83.92809312207649,39.84769771441999],[-83.92809772234905,39.8476546906703],[-83.9281059715783,39.847577520691594],[-83.92822213542264,39.84649134741788],[-83.92829965194682,39.84576630551229],[-83.92839797345299,39.84484700408021],[-83.92844037393441,39.844450297986924],[-83.9284725587744,39.844149344534415],[-83.92850913547782,39.84380734585892],[-83.92858664840874,39.8430823045782],[-83.92952358226692,39.84312800733713],[-83.93003891969428,39.84315312790887],[-83.93045478128033,39.843173419690444],[-83.93055811269085,39.84317880094298],[-83.93114130256654,39.8432091799749],[-83.93123012169364,39.8432138059737],[-83.93173468832074,39.84324009353156],[-83.93223212591774,39.84326599828125],[-83.93272959944737,39.843291901641685],[-83.93322536258466,39.843317711189684],[-83.9337228370126,39.843343610392246],[-83.93428370824509,39.8433728202668],[-83.93488775969664,39.84340427311474],[-83.93538584048737,39.84343018332028],[-83.93568896350529,39.8434464573743],[-83.93590390699657,39.84345799025844],[-83.93705485728468,39.843519707467706],[-83.93750285879497,39.843543726407525],[-83.93794162472582,39.843567252186695],[-83.93796295522223,39.843330894609224],[-83.93818859585193,39.84334476430323],[-83.93856942673517,39.84336861432155],[-83.93854853371829,39.843600214059656],[-83.93851358476216,39.84398758074989],[-83.93813275028567,39.84396373232603],[-83.93802554444136,39.84395713998763],[-83.9378053368225,39.84403732465779],[-83.93745114278406,39.844166295720406],[-83.93709690921976,39.844295292060224],[-83.93674271068976,39.8444242881577],[-83.93639621790825,39.84455044170351],[-83.93613860174601,39.844644231642064],[-83.93579486319918,39.84476941987765],[-83.93544066197423,39.84489841094606],[-83.93513994554297,39.845007882322825],[-83.93507563694841,39.84503121379219],[-83.93481779620735,39.84512467339371],[-83.93446308384102,39.84525325755767],[-83.93406343055763,39.84539812127949],[-83.9336805021082,39.84553695875558],[-83.93366377817257,39.845542957797285],[-83.93326368201973,39.84568708154723],[-83.9328635840703,39.84583120637403],[-83.93246352025683,39.84597530193097],[-83.93222362066864,39.84606171153076],[-83.93222073707656,39.84606275297524],[-83.93221784539968,39.84606379855787],[-83.93221496360424,39.84606484138174],[-83.93221207731722,39.846065889723114],[-83.93220919282686,39.846066935305736],[-83.93220630743815,39.84606798364713],[-83.93220342654105,39.846069031988456],[-83.93220054025403,39.84607007964012],[-83.93219766025523,39.846071132119626],[-83.93219477935813,39.84607218253004],[-83.9321918930711,39.846073236388925],[-83.9321890130723,39.84607428886838],[-83.93218612948026,39.84607534272725],[-83.93218325487135,39.846076398655164],[-83.93218037127927,39.846077452514],[-83.93217749397542,39.8460785091316],[-83.93217461667156,39.8460795671286],[-83.93217173936772,39.84608062581525],[-83.93216886206386,39.846081682432796],[-83.93216598116673,39.84608274318849],[-83.93216310565951,39.84608380532363],[-83.9321602310506,39.846084863320506],[-83.93215735284844,39.84608592890407],[-83.93215448003615,39.84608699103911],[-83.93215160542725,39.846088056622634],[-83.93214873261498,39.846089120137066],[-83.93214585710774,39.84609018641022],[-83.93214298699041,39.8460912519937],[-83.93214011417813,39.84609232033599],[-83.93213724495912,39.84609338867822],[-83.93213437304514,39.846094459089514],[-83.93213150023287,39.84609552881114],[-83.93212862742061,39.84609659922239],[-83.93212576359147,39.846097671013055],[-83.93212289437245,39.84609874073462],[-83.93212002156017,39.846099817353114],[-83.93211715683273,39.8461008912128],[-83.93211428941035,39.84610196576218],[-83.93211142198797,39.84610304100126],[-83.93210855456557,39.84610412106817],[-83.93210569073644,39.846105195617504],[-83.93210282600899,39.84610627361531],[-83.93209995948493,39.846107355061605],[-83.93209709745244,39.846108433749045],[-83.93209423003006,39.846109513126216],[-83.93209136530261,39.84611059802095],[-83.93208850416842,39.84611168084654],[-83.93208564572919,39.84611276436182],[-83.93208278190006,39.846113846497666],[-83.93207992166421,39.846114934840834],[-83.93207706053003,39.846116021114845],[-83.93207391373157,39.846117217050804],[-83.93207076603484,39.84611841229702],[-83.93206761654145,39.846119611681424],[-83.93206447153963,39.84612081175552],[-83.93206132653782,39.846122013898665],[-83.9320581797394,39.84612321466238],[-83.93205503294094,39.846124418874616],[-83.93205189422736,39.8461256210177],[-83.93204874832722,39.846126827988634],[-83.93204560691866,39.8461280315111],[-83.93204246551011,39.846129240551065],[-83.93203932499989,39.84613044890134],[-83.93203618269303,39.84613165449282],[-83.93203304397942,39.846132866291555],[-83.93202990526581,39.84613407671086],[-83.93202676475558,39.84613528713013],[-83.93202362604198,39.84613650168759],[-83.93202049271828,39.846137714175946],[-83.93201735400467,39.84613893080244],[-83.93201421798601,39.84614014742891],[-83.93201108196736,39.8461413633657],[-83.9320079459487,39.846142581371545],[-83.93200481352329,39.846143801446445],[-83.93200168199621,39.84614502290069],[-83.93199854597758,39.84614624435496],[-83.9319954162471,39.84614746649888],[-83.93199228651666,39.8461486872634],[-83.93198915498958,39.846149910786686],[-83.93198602436081,39.84615113913781],[-83.93198289373204,39.84615236817867],[-83.93197976579823,39.84615359377097],[-83.93197663876272,39.846154820052945],[-83.93197351352386,39.84615605116278],[-83.93197038559003,39.84615727882413],[-83.93196726035116,39.846158510623624],[-83.9319641351123,39.846159745181865],[-83.93196100717846,39.846160978360736],[-83.93195788463454,39.846162214298346],[-83.93195476298894,39.84616344885653],[-83.93195163775005,39.84616468479411],[-83.93194851700275,39.84616592142138],[-83.93194539625547,39.846167158738275],[-83.93194227550818,39.846168399503696],[-83.9319391565575,39.846169642338126],[-83.9319360358102,39.846170882413794],[-83.93193291865617,39.84617212455847],[-83.93192980240043,39.84617336877229],[-83.93192668524641,39.84617461091691],[-83.93192356719406,39.84617585926885],[-83.93192045093834,39.846177107620754],[-83.93191733647926,39.84617835390352],[-83.93191422381679,39.84617960156567],[-83.93191110756106,39.84618085060722],[-83.93190799579693,39.846182103097185],[-83.9319048849311,39.84618335489748],[-83.93190177047201,39.84618460600803],[-83.9318986614028,39.84618585987735],[-83.93189555053698,39.84618711581572],[-83.93189244056946,39.84618837244377],[-83.93188933239858,39.84618962838209],[-83.93188622243107,39.84619088638952],[-83.93188311695513,39.84619214439692],[-83.93188000968256,39.84619340447333],[-83.93187690600325,39.84619466523947],[-83.93187379783238,39.846195927384954],[-83.93187069415308,39.846197190220124],[-83.93186759047376,39.84619845581405],[-83.93186448679445,39.846199718649174],[-83.9318613858101,39.846200984243055],[-83.93185828213078,39.84620225052662],[-83.93185518204474,39.84620351887929],[-83.93185208016206,39.846204788611246],[-83.93184898097434,39.846206057653525],[-83.93184588178661,39.846207331523686],[-83.93184278259888,39.84620860194529],[-83.93183968790272,39.84620987581536],[-83.93183659051162,39.84621114830604],[-83.9318334913239,39.84621242493489],[-83.93183039842437,39.8462137001843],[-83.93182730013496,39.84621497681305],[-83.9318242054388,39.84621625551091],[-83.93182111253928,39.84621753351903],[-83.9318180223347,39.84621881359621],[-83.93181492943516,39.846220094363076],[-83.93181183653564,39.84622137650932],[-83.93180874902603,39.84622266072462],[-83.9318056561265,39.8462239449399],[-83.93180256682024,39.84622522846544],[-83.9317994793106,39.846226517508526],[-83.93179639180096,39.84622780310315],[-83.93179330339304,39.8462290886977],[-83.9317902167817,39.84623037980983],[-83.93178712927208,39.846231669542526],[-83.93178404715233,39.84623296203398],[-83.9317809596427,39.84623425452546],[-83.93177787752298,39.84623554563744],[-83.93177479540323,39.846236838818534],[-83.93177171148686,39.84623813475838],[-83.93176863206206,39.846239433457036],[-83.93176554994231,39.84624072663805],[-83.93176247141584,39.84624202533661],[-83.93175939109274,39.846243325414505],[-83.93175631166794,39.846244625492425],[-83.9317532349381,39.846245927639394],[-83.93175015730992,39.846247230476045],[-83.9317470814784,39.846248529864184],[-83.93174400474855,39.846249836838936],[-83.9317409280187,39.846251141054935],[-83.93173785398379,39.84625244665027],[-83.93173478084721,39.846253755694065],[-83.93173170860892,39.84625506473779],[-83.93172863547234,39.84625637309183],[-83.93172556053914,39.84625768075619],[-83.93172249548739,39.84625899324833],[-83.93171942145248,39.846260303671365],[-83.9317163546041,39.846261619611994],[-83.93171328416246,39.84626293417318],[-83.93171021911071,39.84626424804464],[-83.9317071504657,39.846265564674844],[-83.93170408361732,39.84626688337415],[-83.93170101766725,39.84626819862494],[-83.93169805322681,39.846269475252676],[-83.93169509058302,39.846270749811325],[-83.93169213063415,39.846272026439074],[-83.93168916709202,39.84627330651523],[-83.9316862098381,39.84627458314292],[-83.93168324988926,39.8462758645984],[-83.93168028724544,39.84627714743332],[-83.93167732999154,39.84627842750938],[-83.93167437453425,39.84627971034425],[-83.93167141728033,39.84628099455841],[-83.93166846272136,39.84628227670352],[-83.9316655027725,39.84628356160739],[-83.93166254821354,39.84628485064938],[-83.93165959275625,39.846286138311974],[-83.93165664089221,39.84628742735392],[-83.93165368723156,39.84628871432676],[-83.93165073446924,39.84629000543778],[-83.93164778350352,39.84629129654878],[-83.93164483523276,39.84629258765969],[-83.93164188247043,39.84629388015005],[-83.93163893150471,39.846295175399106],[-83.93163598323395,39.84629647202756],[-83.93163303675982,39.84629776796628],[-83.93163008848904,39.84629906252562],[-83.93162714111659,39.84630035915394],[-83.93162419823572,39.84630165785142],[-83.93162124906667,39.84630295723853],[-83.93161830528747,39.84630425869469],[-83.93161536240659,39.84630555670233],[-83.93161241862742,39.84630686229663],[-83.93160947574655,39.84630816444241],[-83.9316065346623,39.84630946934696],[-83.93160359088311,39.84631077287212],[-83.9316006506972,39.84631208053539],[-83.93159770961294,39.846313387508985],[-83.93159477391859,39.8463146944825],[-83.93159183373268,39.84631600352511],[-83.9315888962417,39.84631731463677],[-83.93158595695408,39.84631862298963],[-83.9315830194631,39.84631993341153],[-83.93158008556539,39.84632124590252],[-83.93157714897272,39.84632256253164],[-83.93157421866827,39.846323875022584],[-83.93157128117728,39.84632519027224],[-83.93156834727958,39.846326504142546],[-83.93156541517848,39.846327822840635],[-83.93156248577233,39.846329140849036],[-83.93155955187461,39.846330457478],[-83.93155662516342,39.84633178031425],[-83.93155369216402,39.846333100391654],[-83.93155076545283,39.84633442184839],[-83.93154783514838,39.84633574537422],[-83.93154491023381,39.84633706821037],[-83.93154198531924,39.846338391736154],[-83.9315390559131,39.84633971733097],[-83.93153613189686,39.846341045684554],[-83.93153320967724,39.846342369899965],[-83.93153028116942,39.84634369825354],[-83.9315273598481,39.84634502729675],[-83.93152443762847,39.84634635978841],[-83.93152151540887,39.84634768814186],[-83.93151859318924,39.846349021323185],[-83.93151567456289,39.84635035450448],[-83.9315127550382,39.84635168561663],[-83.93150983641186,39.84635302155666],[-83.93150691868381,39.84635435818635],[-83.93150400005747,39.84635569481603],[-83.93150108053278,39.846357031445635],[-83.931498166398,39.84635836945467],[-83.93149525316154,39.84635970815334],[-83.93149233902676,39.84636104823134],[-83.93148942309536,39.84636238761966],[-83.93148650896056,39.8463637318358],[-83.93148359752072,39.84636507329314],[-83.93148068428425,39.84636641819894],[-83.93147777284443,39.846367761035644],[-83.93147486320122,39.84636910938987],[-83.93147195265969,39.846370453605886],[-83.93146904391482,39.84637180196005],[-83.93146613516991,39.84637315031415],[-83.93146323001828,39.84637449728891],[-83.93146032037508,39.84637584978115],[-83.93145741163019,39.84637720020429],[-83.9314545091735,39.846378552696514],[-83.9314516058185,39.84637990656808],[-83.93144870246353,39.8463812590602],[-83.93144579371862,39.84638261362142],[-83.93144289305857,39.84638397025169],[-83.93143998970356,39.84638532481286],[-83.93143708904353,39.846386682132774],[-83.93143419197672,39.84638803945266],[-83.93143129131667,39.8463893995313],[-83.93142839065662,39.84639076029956],[-83.93142549538648,39.84639212244727],[-83.93142259562472,39.846393483215486],[-83.93141970035457,39.8463948474322],[-83.93141680598272,39.84639620957977],[-83.93141390711929,39.84639757448614],[-83.93141101454408,39.84639894008214],[-83.93140811657896,39.84640030705748],[-83.9314052249021,39.846401675412245],[-83.93140233232687,39.84640304376694],[-83.93139944514155,39.84640441143189],[-83.93139655256631,39.84640578185565],[-83.93139366268605,39.84640715296904],[-83.93139077280577,39.8464085247721],[-83.9313878829255,39.84640989726484],[-83.93138499574019,39.846411273895754],[-83.93138210585991,39.84641264845751],[-83.93137921867459,39.846414023708945],[-83.93137633508255,39.84641539896035],[-83.93137344969387,39.8464167755911],[-83.93137056340684,39.846418155670335],[-83.93136767891646,39.846419535749504],[-83.93136479712102,39.846420915828645],[-83.93136191622392,39.84642229659752],[-83.93135903263186,39.8464236766766],[-83.93135615173475,39.84642505882477],[-83.9313532699393,39.846426443731644],[-83.93135039353378,39.84642783001795],[-83.93134751443328,39.84642921630418],[-83.93134463802774,39.846430600521316],[-83.93134175892725,39.84643198680748],[-83.93133888342003,39.84643337516274],[-83.93133600701448,39.84643476765611],[-83.93133313060895,39.84643615739073],[-83.93133025959331,39.846437548504625],[-83.93132738228945,39.846438938239196],[-83.9313245112738,39.846440332801514],[-83.93132164025815,39.846441725294746],[-83.93131876744587,39.846443121236476],[-83.93131600243143,39.846444465451036],[-83.93131323651868,39.84644580966557],[-83.93131047330085,39.846447157328555],[-83.93130770738809,39.84644850361211],[-83.93130494776354,39.84644985265445],[-83.93130218005416,39.84645120100707],[-83.93129942132792,39.84645254935966],[-83.9312966643983,39.846453903229765],[-83.9312939011805,39.84645525365137],[-83.93129113886098,39.84645660545236],[-83.93128838193138,39.846457956563555],[-83.9312856196119,39.84645931112327],[-83.93128286807216,39.84646066637265],[-83.93128010934592,39.84646202162197],[-83.93127735241634,39.84646337894036],[-83.93127459818167,39.84646473556903],[-83.93127184125207,39.8464660949565],[-83.93126908611907,39.84646745365417],[-83.93126633368105,39.846468813731235],[-83.93126358124302,39.846470172428866],[-83.93126083060162,39.84647153457499],[-83.9312580781636,39.84647289534163],[-83.93125532752218,39.84647426024648],[-83.93125257688078,39.846475622392475],[-83.9312498262394,39.84647698729721],[-83.93124707829294,39.84647835151227],[-83.9312443312448,39.846479719865435],[-83.93124158150172,39.84648108683921],[-83.93123883535189,39.84648245795109],[-83.93123608920206,39.8464838235454],[-83.93123334664551,39.84648519327787],[-83.93123060049568,39.846486563010316],[-83.93122785704081,39.84648793550149],[-83.93122511358592,39.846489306613236],[-83.93122237192769,39.84649067841466],[-83.93121962937111,39.846492053664534],[-83.93121688771286,39.84649343029379],[-83.93121414964789,39.84649480692297],[-83.93121141068458,39.84649618148305],[-83.93120867082297,39.84649755811222],[-83.93120593365629,39.84649893612073],[-83.93120319828625,39.84650031481891],[-83.93120046111959,39.84650169351707],[-83.93119772574954,39.84650307566363],[-83.93119499037951,39.846504456430786],[-83.93119225500946,39.84650583995675],[-83.93118951963942,39.84650722417234],[-83.93118678696433,39.846508609077546],[-83.93118405339091,39.846509990534315],[-83.93118132430908,39.84651137474981],[-83.931178591634,39.84651276241377],[-83.93117586075553,39.84651415076739],[-83.9311731316737,39.84651553843129],[-83.93117040079522,39.846516927474504],[-83.93116767351003,39.84651831582806],[-83.93116494532651,39.84651970831971],[-83.93116222073625,39.846521097362896],[-83.9311594970443,39.846522489854486],[-83.93115676706415,39.84652388165634],[-83.9311540415756,39.84652527828606],[-83.93115132237524,39.84652667284667],[-83.93114859868328,39.84652806740721],[-83.93114587588967,39.84652946472655],[-83.93114315579096,39.84653086066645],[-83.93114042940411,39.84653225936513],[-83.93113771110205,39.84653365737403],[-83.93113498920673,39.84653505814173],[-83.93113227359964,39.84653645821964],[-83.93112955350094,39.846537859676985],[-83.93112683519891,39.84653926113425],[-83.93112411779518,39.84654066259148],[-83.93112140398469,39.846542068186864],[-83.93111868747926,39.84654347033375],[-83.93111597187217,39.84654487730849],[-83.93111325896001,39.84654628290378],[-83.93111054514954,39.84654768987841],[-83.93110783583064,39.84654909685307],[-83.93110512202016,39.84655050727611],[-83.93110241090464,39.84655191494041],[-83.93109970158575,39.8465533253634],[-83.9310969895719,39.84655473923483],[-83.93109428204964,39.84655614896811],[-83.93109157273075,39.84655756352918],[-83.93108886790341,39.846558975331476],[-83.93108616127947,39.84656038851308],[-83.93108345555383,39.846561807212254],[-83.93108074892989,39.84656321901444],[-83.93107804589917,39.84656463909291],[-83.93107533927524,39.84656605572288],[-83.93107263624454,39.84656747235287],[-83.93106993321386,39.84656889243126],[-83.93106723197978,39.846570313199315],[-83.93106453164404,39.84657173465705],[-83.93106183041,39.846573157494106],[-83.93105913007425,39.846574578262086],[-83.93105643512838,39.8465760024785],[-83.93105373389434,39.84657742669483],[-83.93105103894848,39.84657885160089],[-83.93104834040936,39.84658027581721],[-83.93104564276858,39.84658170417164],[-83.93104294782272,39.84658313390543],[-83.93101962216805,39.84683104364102],[-83.93101491679259,39.84688109860813],[-83.93094100969923,39.847666144913525],[-83.93093191964687,39.847762736908926],[-83.93089225273887,39.84818442465892],[-83.93087321923463,39.848386512139285],[-83.93078815057385,39.849290605943395],[-83.93074347465982,39.84976512409549],[-83.9307360797284,39.84984368472904],[-83.93071742531322,39.85004181420345],[-83.93066845635045,39.850562044973245],[-83.9306396006669,39.85086869441133],[-83.93061381093341,39.85114249734551],[-83.9305879969454,39.85141687779936],[-83.93057279385752,39.851578422703575],[-83.93509730880464,39.85308172916926],[-83.93506706791892,39.854042290538835],[-83.93604444662614,39.85422088416857],[-83.93599702096903,39.854520653540064],[-83.93832123749354,39.85530788611022],[-83.93840841360196,39.85533740121674],[-83.9384200063607,39.85519154957383],[-83.9384689537639,39.85457467162214],[-83.93855778995898,39.8545793747813],[-83.93859944394039,39.85458158154209],[-83.93882583017177,39.85459357045849],[-83.9389584619319,39.85460059002501],[-83.93949162013786,39.854628802758114],[-83.94002477564887,39.8546570085835],[-83.94038019139609,39.85467581016197],[-83.94103050338983,39.85471020592067],[-83.94138852245474,39.854729139200295],[-83.94174122888306,39.85474777939],[-83.94192200135926,39.85475735946626],[-83.94201383343581,39.85476221639617],[-83.9453472649612,39.85493845382706],[-83.94534491856166,39.854940443349406],[-83.9453425640773,39.85494243011331],[-83.94534020959294,39.854944418256366],[-83.94533784971871,39.85494639812399],[-83.94533548445456,39.85494837868126],[-83.94533311649546,39.8549503592384],[-83.94533074224817,39.85495233083062],[-83.94532836800087,39.85495430449155],[-83.94532599195695,39.854956272635604],[-83.94532360692988,39.85495823940037],[-83.94532121830952,39.85496020202741],[-83.94531883058751,39.85496216465444],[-83.94531643747558,39.85496412452293],[-83.94531403807547,39.854966079564115],[-83.94531163957366,39.85496803115721],[-83.94530923568196,39.85496998275024],[-83.94530682729868,39.854971929515976],[-83.94530441622045,39.854973874212796],[-83.94530199795571,39.85497581753037],[-83.94529957609771,39.85497775739983],[-83.94529715603632,39.85497969244196],[-83.9452947269918,39.854981626794455],[-83.94529229884559,39.85498355838842],[-83.94528986261453,39.85498548929275],[-83.94528742458685,39.854987411921755],[-83.9452849829659,39.8549893366195],[-83.94528253595507,39.8549912564899],[-83.94528009074088,39.85499317429145],[-83.94527763564521,39.854995090024126],[-83.94527518144784,39.854997002998324],[-83.9452727218606,39.85499891252442],[-83.94527025598514,39.85500081722317],[-83.94526778921139,39.85500272192192],[-83.94526531884435,39.85500462386213],[-83.94526284668068,39.85500652028544],[-83.9452603682288,39.85500841601912],[-83.94525788438705,39.85501030968389],[-83.94525540054529,39.85501219990056],[-83.94525291221196,39.85501408735875],[-83.94525042208198,39.85501597067927],[-83.94524792386719,39.85501785193087],[-83.94524542475405,39.85501972973438],[-83.94524292204767,39.85502160684827],[-83.94524041664636,39.85502347982444],[-83.94523790495681,39.8550253493525],[-83.94523539506392,39.855027218880515],[-83.94523287528953,39.85502908082277],[-83.94523035641349,39.855030942075395],[-83.94522783214752,39.85503280125917],[-83.94522530788159,39.855034659753215],[-83.94522277193755,39.85503651342003],[-83.94522023958675,39.855038362259506],[-83.94521769915114,39.855040210409314],[-83.94521515691886,39.85504205580065],[-83.9452126137883,39.85504389498546],[-83.94521006526786,39.85504573417022],[-83.94520751405246,39.85504756852763],[-83.94520495744715,39.85504940426429],[-83.94520239814689,39.85505123310476],[-83.94519983705001,39.85505306125561],[-83.94519726966496,39.85505488526875],[-83.94519470138155,39.85505670721303],[-83.94519212770824,39.8550585270884],[-83.94518955313666,39.855060341446865],[-83.94518697317514,39.855062155115725],[-83.9451843896204,39.85506396464685],[-83.94518180516734,39.85506577072991],[-83.94517921442603,39.855067577502474],[-83.94517661649824,39.85506937599976],[-83.94517402306201,39.855071174496956],[-83.94517142243926,39.85507297092529],[-83.94516881463001,39.85507476252635],[-83.94516621041399,39.855076552748116],[-83.9451636017064,39.85507834159066],[-83.94516098671062,39.85508012284743],[-83.94515837171481,39.855081904793785],[-83.94515575132914,39.85508368191281],[-83.9451531273502,39.85508545696303],[-83.94515049708303,39.85508722787549],[-83.94514786771421,39.85508899809834],[-83.94514522037906,39.85509077038994],[-83.94396321353496,39.85588199403039],[-83.94386647755528,39.855946445364644],[-83.94346157272074,39.85621621942084],[-83.94217920699141,39.85700231609916],[-83.9419315315861,39.857144541493675],[-83.94102645827611,39.857668964876225],[-83.94102365553242,39.85767058953075],[-83.94102085099209,39.85767221487477],[-83.94101805273998,39.85767384021881],[-83.94101525089462,39.85767546763153],[-83.94101245264251,39.85767709711295],[-83.9410096543904,39.857678723836],[-83.94100685883323,39.85768035331734],[-83.94100406058112,39.85768198417783],[-83.94100126682059,39.857683612969495],[-83.94099847126341,39.85768525072568],[-83.94099567840122,39.857686881586055],[-83.94099288733563,39.85768851727344],[-83.9409900935751,39.85769015227118],[-83.94098730340782,39.85769178726895],[-83.94098451234223,39.857693424335345],[-83.94098172576821,39.85769506347049],[-83.94097893739757,39.85769670053686],[-83.94097614992523,39.85769834036151],[-83.9409733615546,39.85769998156526],[-83.94097057408229,39.857701624148156],[-83.94096779110154,39.85770326535184],[-83.94096500632416,39.857704908624235],[-83.94096222693666,39.85770655327575],[-83.94095944215928,39.85770819930635],[-83.94095666097516,39.85770984602655],[-83.940953882486,39.85771149136753],[-83.94095110130186,39.857713139466796],[-83.94094832550763,39.85771478963475],[-83.94094554701846,39.857716440492254],[-83.94094277032592,39.85771808928099],[-83.94093999273507,39.857719740828],[-83.94093722143242,39.85772139306452],[-83.94093444653649,39.857723048748966],[-83.94093167253891,39.857724701675],[-83.9409289030329,39.85772635460104],[-83.94092612813697,39.85772801235404],[-83.94092335863095,39.85772966941746],[-83.94092059002325,39.85773132786002],[-83.94091782321217,39.85773298561295],[-83.94091505460446,39.85773464474497],[-83.94091229138664,39.85773630732487],[-83.94090952367726,39.85773797059432],[-83.9409067577645,39.85773963110541],[-83.94090399634331,39.857741294374776],[-83.94090123492214,39.85774295902329],[-83.940898470806,39.85774462160299],[-83.94089571028313,39.85774629176805],[-83.9408929506586,39.85774795779558],[-83.94089019283065,39.857749624512664],[-83.94088743410441,39.85775129467761],[-83.94088467537817,39.85775296346333],[-83.94088191755024,39.85775463431774],[-83.94087916151896,39.857756307240884],[-83.94087641087756,39.85775797947439],[-83.9408736557446,39.85775965308706],[-83.94087090510318,39.85776132669962],[-83.94086815176685,39.85776300307051],[-83.94086539932881,39.857764675303855],[-83.940862653179,39.857766355122536],[-83.94085990253758,39.85776803218289],[-83.9408571518962,39.85776971062235],[-83.94085440394973,39.85777139182008],[-83.9408516622915,39.85777307232818],[-83.94084891703999,39.85777475352583],[-83.94084617358511,39.8577764340339],[-83.94084342923192,39.857778120058505],[-83.94084068757367,39.857779801945625],[-83.94083794322047,39.85778149003893],[-83.94083520335886,39.85778317606342],[-83.94083246349724,39.85778486139832],[-83.94082972363562,39.85778654811232],[-83.94082698826558,39.85778823896377],[-83.94082425020059,39.85778992843606],[-83.94082151303392,39.85779161652906],[-83.94081878125715,39.85779330738039],[-83.94081604409048,39.85779500030046],[-83.9408133123137,39.85779669528916],[-83.94081058323185,39.85779839027786],[-83.94080784876014,39.85780008457688],[-83.94080511878,39.8578017802551],[-83.94080238969815,39.85780347662282],[-83.94079966061632,39.857805173680084],[-83.94079693422944,39.857806871426845],[-83.94079420784254,39.85780857124234],[-83.94079148145565,39.85781027174738],[-83.94078875956035,39.857811974321116],[-83.94078603317347,39.85781367551567],[-83.9407833085832,39.85781537808932],[-83.94078058848451,39.85781708342124],[-83.94077787018247,39.85781878737393],[-83.94077514918548,39.85782049477454],[-83.94077242729017,39.85782219941674],[-83.94076971168307,39.85782390612768],[-83.94076699338102,39.857825614907284],[-83.9407642768756,39.857827322997274],[-83.94076156486176,39.857829034535115],[-83.94075884925465,39.857830745383325],[-83.94075613724081,39.85783245554195],[-83.9407534216337,39.857834169837986],[-83.9407507114165,39.85783588344444],[-83.94074799850432,39.85783759774038],[-83.94074529188038,39.85783931272587],[-83.94074258525644,39.857841029780054],[-83.94073987144596,39.857842745455066],[-83.94073717021189,39.857844467336186],[-83.94073446179132,39.857846183700694],[-83.94073175696401,39.857847904202615],[-83.9407290539333,39.85784962470448],[-83.94072634820766,39.857851345206306],[-83.94072364787192,39.85785306984559],[-83.94072094843449,39.85785479310564],[-83.94071824809876,39.85785651705524],[-83.94071554866133,39.85785824169439],[-83.94071285281714,39.8578599697814],[-83.94071015427804,39.85786169648919],[-83.94070745753557,39.857863423196925],[-83.94070475989477,39.857865149904626],[-83.94070206854218,39.85786688143932],[-83.94069937359632,39.8578686109053],[-83.94069668134541,39.85787034450863],[-83.94069399089112,39.85787207742243],[-83.94069129774192,39.85787380757776],[-83.94068860908426,39.85787553980188],[-83.94068592042663,39.85787727685294],[-83.94068323626057,39.85787901459359],[-83.94068054400964,39.85788074957584],[-83.94067785984357,39.857882488695545],[-83.94067517657582,39.85788422712561],[-83.94067249240976,39.85788596279736],[-83.940669809142,39.85788770398566],[-83.94066712767088,39.8578894451739],[-83.94066444530145,39.85789118981001],[-83.94066176742358,39.85789293375653],[-83.94065908505414,39.85789467701336],[-83.94065640987122,39.857896420959804],[-83.94065372840011,39.85789816559573],[-83.94065105591214,39.8578999116108],[-83.94064837983089,39.85790165900495],[-83.94064570734294,39.857903407088656],[-83.94064303665158,39.85790515517231],[-83.9406403632653,39.857906908083],[-83.94063768628575,39.857908655476976],[-83.94063502188263,39.85791040838753],[-83.94063235029296,39.85791216060851],[-83.94062968049994,39.85791391420857],[-83.94062701430019,39.857915667808626],[-83.94062434989705,39.85791742416691],[-83.94062168100234,39.85791917983555],[-83.94061901659921,39.8579209355042],[-83.9406163539927,39.85792269599984],[-83.94061368779295,39.857924454426715],[-83.9406110278814,39.857926213543074],[-83.94060836796984,39.857927973348986],[-83.94060570805829,39.85792973522363],[-83.94060305173998,39.85793149778776],[-83.94060039182843,39.85793325966226],[-83.94059773461181,39.857935022915896],[-83.94059508188678,39.85793678685908],[-83.94059242467016,39.85793855218139],[-83.94058977104683,39.85794031957233],[-83.94058711832177,39.857942087652866],[-83.94058446649505,39.85794385642289],[-83.9405818173633,39.85794562312416],[-83.94057916823151,39.857947394652406],[-83.94057651909975,39.85794916618066],[-83.94057386906965,39.85795093770882],[-83.94057122173452,39.85795270854734],[-83.94056857709433,39.85795448283377],[-83.94056592975917,39.85795625918887],[-83.94056328781393,39.857958032785554],[-83.940560646767,39.85795980983016],[-83.94055800392343,39.857961585495545],[-83.94055536197817,39.857963363919175],[-83.94055272272786,39.857965145101076],[-83.9405500798843,39.85796692007673],[-83.9405474460239,39.85796870263771],[-83.94054480677359,39.857970485888195],[-83.94054217111653,39.85797226569079],[-83.94053953815444,39.85797404825165],[-83.94053690249739,39.85797583150199],[-83.94053426594205,39.85797761751065],[-83.94053163477659,39.857979402140074],[-83.94052900450941,39.85798118883818],[-83.94052637424227,39.85798297760502],[-83.94052374667007,39.857984764992615],[-83.94052111730123,39.857986551001],[-83.94051848883072,39.85798834390513],[-83.94051586215681,39.857990134050944],[-83.94051323548294,39.85799192626539],[-83.94051061419893,39.85799371847985],[-83.94050798842336,39.8579955100046],[-83.94050536534273,39.85799730428767],[-83.94050274675368,39.857999097881105],[-83.94050012277471,39.858000895612],[-83.94049750418566,39.85800269265324],[-83.94049488918989,39.85800448831525],[-83.94049227060083,39.85800628742511],[-83.9404896538084,39.858008087914115],[-83.94048704240586,39.85800988771348],[-83.94048442381681,39.85801168751279],[-83.94048180882102,39.858013491449555],[-83.94047919831681,39.858015291938365],[-83.9404765878126,39.858017097943744],[-83.94047397371513,39.85801889981159],[-83.94047136410923,39.85802070650646],[-83.94046875809659,39.8580225125117],[-83.94046614759236,39.85802432058561],[-83.94046354427468,39.858026128659475],[-83.94046093736372,39.858027936733336],[-83.9404583331477,39.8580297448071],[-83.94045573162666,39.85803155701831],[-83.94045313010558,39.85803336853987],[-83.94045052588957,39.858035179371804],[-83.9404479243685,39.85803699296204],[-83.94044532644071,39.85803880586259],[-83.94044272671627,39.85804062152146],[-83.94044013417837,39.85804243649068],[-83.94043753175899,39.858044252839036],[-83.94043493832277,39.85804607125606],[-83.94043234308991,39.85804789036258],[-83.94042975234863,39.8580497094691],[-83.94042715621745,39.858051529265104],[-83.94042456547616,39.858053349061116],[-83.94042197832816,39.858055170236206],[-83.94041938758689,39.85805699279038],[-83.94041679864223,39.85805881672368],[-83.94041420969758,39.85806063858821],[-83.94041162704114,39.85806246252142],[-83.94040903719817,39.85806429059206],[-83.94040645364342,39.858066114525165],[-83.94040386829202,39.858067941906114],[-83.94040128833053,39.858069771355744],[-83.94039870836903,39.85807159942619],[-83.94039612750922,39.858073433702735],[-83.94039354754773,39.85807526177308],[-83.94039097028119,39.858077091912094],[-83.9403883903197,39.85807892549896],[-83.94038581484976,39.85808075701701],[-83.94038324027817,39.85808259267254],[-83.94038066660488,39.85808442832797],[-83.94037809293157,39.85808626467294],[-83.94037551925828,39.85808810101787],[-83.9403729509749,39.85808993805232],[-83.94037037999655,39.85809177715546],[-83.94036781081485,39.858093618327246],[-83.94036524073482,39.858095455361564],[-83.94036267694298,39.85809729584367],[-83.94036010955791,39.85809914046327],[-83.94035754217283,39.858100980945274],[-83.94035498107596,39.858102825564714],[-83.94035241369086,39.858104668804984],[-83.94034985528896,39.8581065148035],[-83.94034729419208,39.85810836011239],[-83.9403447330952,39.85811020886912],[-83.94034217648989,39.85811205624662],[-83.94033961718965,39.858113902244945],[-83.94033705878773,39.85811575238064],[-83.94033450308075,39.85811760389548],[-83.94033194557711,39.85811945472067],[-83.94032939526002,39.85812130692499],[-83.94032683865474,39.85812315843967],[-83.94032428833764,39.85812501409179],[-83.94032173712223,39.85812686767508],[-83.94031918950009,39.85812872125833],[-83.94031664187796,39.85813057759988],[-83.94031409335749,39.85813243325174],[-83.94031154483702,39.85813429304109],[-83.94030900170645,39.85813615007203],[-83.94030645318598,39.85813800986122],[-83.94030391275037,39.85813986965036],[-83.94030136782317,39.858141733576936],[-83.94029882648924,39.858143592676434],[-83.94029628695192,39.858145456602855],[-83.9402937474146,39.85814731983974],[-83.94029120877563,39.858149184455634],[-83.94028867103493,39.858151047692374],[-83.94028613419256,39.85815291782483],[-83.9402835964519,39.858154781061465],[-83.9402810632028,39.85815665050423],[-83.94027852995369,39.85815851994695],[-83.9402759967046,39.85816038801049],[-83.94027346615043,39.858162259521826],[-83.94027093739292,39.85816412896439],[-83.94026840414381,39.85816600047568],[-83.94026587808123,39.85816787336604],[-83.94026335112034,39.858169747635465],[-83.94026082415945,39.85817162259443],[-83.94025829809686,39.85817349686381],[-83.94025577562755,39.858175371133086],[-83.94025325405654,39.85817725091897],[-83.9402507297906,39.85817912656732],[-83.94024821091453,39.8581810063531],[-83.94024568934353,39.85818288407006],[-83.94024317046748,39.85818476454527],[-83.94024065248973,39.85818664502048],[-83.940238134512,39.858188526185174],[-83.94023561922921,39.85819041010812],[-83.94023310484474,39.8581922947206],[-83.94023059315519,39.8581941786435],[-83.94022807787239,39.85819606256629],[-83.94022556618286,39.85819794993692],[-83.94022305808659,39.8581998373075],[-83.94022054639706,39.85820172191973],[-83.94021803830077,39.85820361204855],[-83.94021552930619,39.858205499418965],[-83.94021302390486,39.858207390237226],[-83.94021051670691,39.85820928174496],[-83.94020801310221,39.85821117601101],[-83.94020551309079,39.85821306682911],[-83.94020301218103,39.858214958336745],[-83.94020050677969,39.85821685329222],[-83.94019814960039,39.85821864067373],[-83.9401957933194,39.858220429434375],[-83.94019343434346,39.85822221819492],[-83.9401910789608,39.85822400764505],[-83.9401887235781,39.858225798474265],[-83.94018637089039,39.85822759068256],[-83.94018401640602,39.85822938151167],[-83.94018166551491,39.858231172340744],[-83.94017931552214,39.85823296730725],[-83.94017696463104,39.85823475813623],[-83.9401746164349,39.858236557240055],[-83.94017226734042,39.85823834944807],[-83.94016991914427,39.85824014648309],[-83.94016757723632,39.85824194558678],[-83.94016523083681,39.85824374262171],[-83.9401628853356,39.85824553827747],[-83.94016054163102,39.858247337381016],[-83.94015819792645,39.858249135794935],[-83.9401558560185,39.85825094110462],[-83.94015351860214,39.85825274020802],[-83.94015117489755,39.858254542759276],[-83.94014884107445,39.858256346000054],[-83.94014649916649,39.858258149930386],[-83.94014416175013,39.85825995317102],[-83.94014182792702,39.85826175710125],[-83.9401394923073,39.858263562410556],[-83.94013715938249,39.85826537116771],[-83.94013482555938,39.85826717578738],[-83.94013249263458,39.85826898316525],[-83.94013015881148,39.858270793301436],[-83.9401278321749,39.85827260205839],[-83.94012550284337,39.85827441219442],[-83.94012317351184,39.85827622233045],[-83.94012084597694,39.85827803453514],[-83.94011852203529,39.8582798467398],[-83.94011619270375,39.85828165894439],[-83.9401138678638,39.85828347252807],[-83.94011154751543,39.858285285422156],[-83.94010922447211,39.85828710176409],[-83.94010690232709,39.85828891879551],[-83.94010458018208,39.85829073237899],[-83.94010199123744,39.858292583199514],[-83.94009940229279,39.85829443333045],[-83.94009682053466,39.858296284840456],[-83.94009423608158,39.858298143246195],[-83.94009165881505,39.85829999958311],[-83.94008908334511,39.85830185729915],[-83.94008650967183,39.858303721221326],[-83.94008394138842,39.85830558514345],[-83.9400813722067,39.85830745113422],[-83.94007880482164,39.858309323331135],[-83.94007624462307,39.85831119345927],[-83.94007368622115,39.85831306703527],[-83.94007113051417,39.85831494336944],[-83.94006857750213,39.85831682315149],[-83.94006602449008,39.8583187029335],[-83.94006347686796,39.85832058685288],[-83.94006093553402,39.85832247008261],[-83.94005839420008,39.85832435813935],[-83.94005585286614,39.85832624895433],[-83.94005331782039,39.858328141148434],[-83.94005078367297,39.85833003541119],[-83.94004825401714,39.85833193174261],[-83.94004572705626,39.858333831521854],[-83.94004320368862,39.85833573199064],[-83.94004068032098,39.85833763590725],[-83.94003816234326,39.85833954258205],[-83.94003564885706,39.85834144994644],[-83.94003313357427,39.85834336006907],[-83.94003062278306,39.85834527019159],[-83.94002811378846,39.85834718996817],[-83.94002560928546,39.85834910698635],[-83.94002310927402,39.858351025383655],[-83.94002061465248,39.85835294447049],[-83.94001811553935,39.85835487045297],[-83.94001562271444,39.85835679574588],[-83.9400131334828,39.85835872379702],[-83.94001064694608,39.85836065460635],[-83.94000816310432,39.85836258817397],[-83.94000568195752,39.85836452449983],[-83.94000320350564,39.858366461515224],[-83.94000072954535,39.85836840128885],[-83.93999825648336,39.85837034175202],[-83.93999578881129,39.85837228497338],[-83.93999332293583,39.85837423233218],[-83.93999085706037,39.85837618175965],[-83.93998839747313,39.85837813118701],[-83.93998594058083,39.858380083372666],[-83.9399834872818,39.85838204107484],[-83.93998103398275,39.858383998776965],[-83.93997858427696,39.85838595509986],[-83.93997613726614,39.858387918318506],[-83.93997369923845,39.85838988153706],[-83.93997125671919,39.85839184889301],[-83.93996882048815,39.85839381555932],[-83.93996638695205,39.85839578705258],[-83.9399639579075,39.85839775992494],[-83.93996153065962,39.85839973486596],[-83.93995910790329,39.85840170980697],[-83.9399566869436,39.85840369026447],[-83.93995426418728,39.85840567279066],[-83.9399518495158,39.85840765669591],[-83.93994943933588,39.85840964266987],[-83.93994703005428,39.85841163071247],[-83.93994462346765,39.858413621513314],[-83.93994221867763,39.858415615072396],[-83.93993981658257,39.858417607252285],[-83.93993741808076,39.85841960425912],[-83.93993502676547,39.858421601955484],[-83.93993263365356,39.858423603789205],[-83.93993024682985,39.85842560700203],[-83.93992785910781,39.858427612973095],[-83.93992547677567,39.85842961963368],[-83.93992310073175,39.85843162767334],[-83.9399207228912,39.85843363916086],[-83.93991834774559,39.858435653406566],[-83.93991597798987,39.8584376704105],[-83.93991361092911,39.858439686724836],[-83.93991124566496,39.85844170717653],[-83.9399088857907,39.85844372969693],[-83.93990652681475,39.85844575428596],[-83.93990417502535,39.85844778232281],[-83.93990182233763,39.85844981173873],[-83.93989947324314,39.85845183908588],[-83.93989712414869,39.8584538740183],[-83.93989478403736,39.858455907571496],[-83.93989244841762,39.8584579493995],[-83.93989010740799,39.85845998777957],[-83.93988777448321,39.85846202753875],[-83.93988544425336,39.85846407074575],[-83.93988311671846,39.85846611602138],[-83.93988079457345,39.858468164055246],[-83.9398784697335,39.8584702148474],[-83.93987615567332,39.858472266329024],[-83.93987383981651,39.858474318500164],[-83.93987152665466,39.85847637480865],[-83.93986922067933,39.858478432496256],[-83.93986691650062,39.85848049363167],[-83.9398646114236,39.85848255476702],[-83.93986231532973,39.85848461866059],[-83.93986001923588,39.85848668669158],[-83.93985772493863,39.85848875334332],[-83.93985543692962,39.858490824822],[-83.93985315071723,39.85849289492148],[-83.9398508636065,39.8584949705375],[-83.93984858458062,39.85849704891173],[-83.93984631004632,39.85849912728596],[-83.93984403461371,39.85850120566007],[-83.93984176187604,39.85850329024027],[-83.93983949812151,39.858505374130836],[-83.93983723167206,39.85850746215879],[-83.93983495983271,39.858509543980574],[-83.93949580628708,39.8588816767035],[-83.93908867183401,39.85936399648577],[-83.93897250259978,39.859471077522926],[-83.93875601400619,39.85976809054456],[-83.9385902811245,39.8599954548551],[-83.93842454464952,39.86022284737364],[-83.93836173264823,39.860309006658944],[-83.93829733601876,39.860456247909944],[-83.93821365166184,39.86064770912568],[-83.93821548242839,39.860629347048736],[-83.93817659256311,39.86071455286402],[-83.9380812238193,39.86092339965013],[-83.93807470205032,39.860983580703504],[-83.9380449785942,39.86125715917934],[-83.93803009889983,39.86139393525165],[-83.93800031166333,39.861668036142945],[-83.93796920929324,39.86195412288042],[-83.9379519032493,39.86211325166902],[-83.93790570918244,39.86253798380652],[-83.937890219532,39.86270227789808],[-83.93760361473554,39.86573650982093],[-83.93771014684341,39.865743275890416],[-83.93764783250877,39.866427966543554],[-83.93764728363813,39.866434150612235],[-83.9375228849376,39.867801000209965],[-83.93751663984973,39.86786944139789],[-83.93747802037736,39.868293915892],[-83.93745556878346,39.868540388952255],[-83.93742191160472,39.86891008309285],[-83.93741192233875,39.86901978093086],[-83.93740556765644,39.86908989906544],[-83.93740199685317,39.86912917798598],[-83.93738381764678,39.86932892304918],[-83.9373541974969,39.86965425232699],[-83.93732381557568,39.86998785631526],[-83.93729445773388,39.87031052048361],[-83.93726657941735,39.87061672041094],[-83.93725914496007,39.87069846519102],[-83.93720744781379,39.87126617246885],[-83.9371815996898,39.87155013431191],[-83.93715494308205,39.871843057001094],[-83.93714756791358,39.87192427979374],[-83.93713423781305,39.87207064673242],[-83.93723909096965,39.87279268132397],[-83.93724243000757,39.87281638942935],[-83.93728948196552,39.87314801179584],[-83.93728984578321,39.87315059093904],[-83.93729021049921,39.87315317146102],[-83.93729057162197,39.873155746467454],[-83.93729093184639,39.873158325610405],[-83.93729129207082,39.87316090475321],[-83.9372916496003,39.87316348389594],[-83.93729200353653,39.87316606303855],[-83.93729235926938,39.87316864218107],[-83.9372927132056,39.87317122063406],[-83.93729306444688,39.87317380322352],[-83.93729341568817,39.87317638374457],[-83.93729376333619,39.87317896288676],[-83.9372941127808,39.8731815420288],[-83.93729445773388,39.87318412117074],[-83.93729480178862,39.87318670031257],[-83.9372951458434,39.87318928428028],[-83.93729548540657,39.873191860664235],[-83.93729582676637,39.87319444325291],[-83.93729616543125,39.873197023773244],[-83.9372965040961,39.8731996029146],[-83.93729683647277,39.87320218688182],[-83.93729717154437,39.87320476671242],[-83.93729750212438,39.87320734723231],[-83.93729783450102,39.87320992706272],[-83.93729816508106,39.87321250965073],[-83.93729849296614,39.87321508948094],[-83.93729882085121,39.8732176713793],[-83.93729914514303,39.87322025465647],[-83.93729946943486,39.87322283655464],[-83.93729979372667,39.8732254198316],[-83.93730011352693,39.873227998971885],[-83.93730043512377,39.87323058018033],[-83.9373007531274,39.87323316276757],[-83.93730106843607,39.87323574604414],[-83.9373013828464,39.87323832725229],[-83.93730169456181,39.873240911218055],[-83.93730200987048,39.87324349242607],[-83.93730231889093,39.87324607501281],[-83.9373026288097,39.873248658288844],[-83.93730293513522,39.87325123949657],[-83.93730324685063,39.87325382415128],[-83.93730354958286,39.87325640535875],[-83.93730385051849,39.87325899139214],[-83.9373041559457,39.873261574667744],[-83.93730445418636,39.873264155185495],[-83.93730475332536,39.873266740529154],[-83.93730505246434,39.87326932311502],[-83.93730534890838,39.87327190639022],[-83.93730564265749,39.87327449242303],[-83.93730593640659,39.87327707431916],[-83.93730622835905,39.873279658972905],[-83.93730651581996,39.87328224362654],[-83.93730680417916,39.87328482690126],[-83.93730709343666,39.873287411554706],[-83.93730737910093,39.873289998276356],[-83.93730766207025,39.87329257948248],[-83.9373079423446,39.873295166203945],[-83.93730822621224,39.873297748099304],[-83.93730850828325,39.87330033413113],[-83.93730878586267,39.873302920162814],[-83.93730906344209,39.873305502747314],[-83.93730933652994,39.87330808877885],[-83.93730961231273,39.87331067481029],[-83.93730988180731,39.87331325877332],[-83.9373101575901,39.873315845494005],[-83.93731042259311,39.873318431525156],[-83.93731069118938,39.87332101341964],[-83.93731095888735,39.87332360220828],[-83.93731122568698,39.87332618686027],[-83.93731148889334,39.87332877220159],[-83.93731175120142,39.87333135892163],[-83.93731201350948,39.87333394357338],[-83.93731227132596,39.8733365289144],[-83.93731253093908,39.87333911563415],[-83.93731278516232,39.87334170442212],[-83.93731304028385,39.87334429045229],[-83.93731329271046,39.873346877171755],[-83.93731354693367,39.87334946251229],[-83.9373137948687,39.873352047852734],[-83.9373140428037,39.873354634571946],[-83.93731429253536,39.873357219912194],[-83.93731453867375,39.873359808699476],[-83.93731478121887,39.87336239610779],[-83.93731502825558,39.87336498420543],[-83.93731526630913,39.87336757092417],[-83.93731550795593,39.873370157642746],[-83.93731574780612,39.87337274642954],[-83.93731598675798,39.873375331769104],[-83.93731622031997,39.87337791710857],[-83.93731645567857,39.87338050589507],[-83.9373166874439,39.87338309330259],[-83.9373169219042,39.87338571173411],[-83.93731715366955,39.87338832809727],[-83.93731738363826,39.873390945149765],[-83.93731761540359,39.873393564270415],[-83.93731784177905,39.873396181322654],[-83.93731807084944,39.873398799753666],[-83.93731829452994,39.87340141611633],[-83.93731851641382,39.87340403592601],[-83.93731874099265,39.87340665297784],[-83.9373189619782,39.873409272787335],[-83.93731917757387,39.87341188914959],[-83.93731939586448,39.87341450758],[-83.93731961505341,39.87341712738913],[-83.93731982615752,39.87341974375109],[-83.93732003905822,39.873422363560074],[-83.937320249264,39.87342498199009],[-83.93732046216473,39.87342760042001],[-83.93732066877723,39.87343021884981],[-83.93732087718641,39.8734328386584],[-83.9373210837989,39.8734354550197],[-83.93732128951311,39.873438074138654],[-83.9373214880408,39.87344069394693],[-83.93732168746678,39.873443313755125],[-83.93732188779109,39.87344593218433],[-83.9373220881154,39.87344855199227],[-83.93732228125319,39.87345117248959],[-83.93732247978085,39.87345378747138],[-83.93732267112202,39.873456407279065],[-83.9373228642598,39.87345902639721],[-83.93732305380433,39.87346164827289],[-83.93732324424717,39.873464268080276],[-83.93732342930012,39.87346688719813],[-83.93732361614971,39.873469507005304],[-83.93732380210096,39.87347212750177],[-83.93732398356065,39.87347474799813],[-83.93732416771529,39.873477367805016],[-83.9373243446834,39.87347998692237],[-83.93732452434645,39.87348260672904],[-83.93732469861962,39.873485225846146],[-83.93732487289277,39.873487845652626],[-83.93732504986089,39.873490464769574],[-83.93732522233742,39.873493088712365],[-83.93732539391564,39.87349570851854],[-83.93732555920566,39.87349832832463],[-83.93732572988554,39.873500948130555],[-83.93732589607389,39.87350356862587],[-83.93732606226222,39.87350618912104],[-83.93732622395895,39.87350881099497],[-83.9373263847574,39.87351143217937],[-83.93732654645414,39.87351405267428],[-83.937326702761,39.87351667247962],[-83.93732686086449,39.873519293663705],[-83.93732701806967,39.87352191346889],[-83.93732717168159,39.87352453603165],[-83.93732732709012,39.8735271551472],[-83.93732747531214,39.87352977770971],[-83.93732762802576,39.87353239682506],[-83.93732777355282,39.87353501938743],[-83.93732791997823,39.873537641260256],[-83.9373280655053,39.87354026037531],[-83.93732821103238,39.87354288431619],[-83.9373283538645,39.87354550480985],[-83.93732849220505,39.87354812461402],[-83.93732863144393,39.87355074855461],[-83.93732876978449,39.87355336904802],[-83.93732890453178,39.87355598885185],[-83.93732904107569,39.87355861141331],[-83.937329175823,39.87356123535349],[-83.93732930787533,39.8735638558465],[-83.93732943633442,39.87356647564993],[-83.93732956479352,39.87356910027929],[-83.93732969055763,39.873571720082516],[-83.93732981452516,39.87357434264338],[-83.93732993849265,39.873576962446464],[-83.93733006246018,39.87357958707537],[-83.93733018463104,39.87358220756763],[-83.937330304107,39.873584832196336],[-83.93733041998965,39.873587451999015],[-83.93733053946559,39.873590073869835],[-83.93733065444995,39.873592697119385],[-83.93733076584103,39.87359531692176],[-83.93733087992707,39.873597940860535],[-83.93733098592828,39.873600562041524],[-83.9373310982177,39.87360318666954],[-83.93733120691384,39.87360580647152],[-83.93733131381336,39.873608429031066],[-83.93733141711964,39.873611052969345],[-83.93733151773094,39.8736136734604],[-83.93733162013886,39.87361629739852],[-83.93733172344514,39.87361891857881],[-83.93733181956486,39.87362154320612],[-83.93733191837956,39.873624166454455],[-83.93733201090602,39.873626786255635],[-83.93733210792408,39.873629410882636],[-83.93733219775561,39.873632032062424],[-83.9373322920787,39.873634653931546],[-83.93733238280856,39.87363727855824],[-83.9373324681485,39.87363989973774],[-83.93733255348845,39.87364252298543],[-83.93733263882842,39.87364514761182],[-83.93733272147341,39.873647767412194],[-83.93733280501674,39.873650390659535],[-83.9373328849668,39.87365301528563],[-83.9373329622219,39.87365563577514],[-83.93733303768039,39.87365826040104],[-83.93733311313888,39.87366088364797],[-83.93733319129231,39.87366350413717],[-83.9373332613609,39.873666129452154],[-83.93733333232781,39.87366875200941],[-83.93733339970146,39.8736713731877],[-83.93733347515995,39.87367399781299],[-83.93733353804201,39.873676621059374],[-83.93733360272071,39.87367924568447],[-83.93733366919602,39.873681866862356],[-83.93733373117979,39.87368449010844],[-83.9373337904686,39.87368711473324],[-83.93733384885908,39.87368973797906],[-83.93733390724958,39.87369236122484],[-83.93733396384346,39.87369498653872],[-83.93733401774237,39.87369760702663],[-83.93733407164127,39.87370023027206],[-83.93733412374357,39.873702854896244],[-83.93733417404924,39.873705478830956],[-83.93733422435488,39.87370809931841],[-83.93733427376223,39.873710724631735],[-83.93733431508473,39.87371334994496],[-83.93733435820387,39.87371596836386],[-83.93733440222131,39.873718593676884],[-83.93733444623875,39.8737212189898],[-83.93733448217138,39.87372384085547],[-83.93733452259556,39.87372646478937],[-83.93733455852818,39.873729090101996],[-83.93733459446078,39.87373171058855],[-83.93733462769846,39.873734333832715],[-83.93733466183443,39.873736959144985],[-83.93733469058051,39.8737395830784],[-83.93733472112324,39.87374220425397],[-83.9373347480727,39.873744829565986],[-83.93733477412383,39.87374745487786],[-83.93733479658172,39.873750073984894],[-83.93733481724297,39.87375269929661],[-83.93733484419243,39.87375532116112],[-83.93733486215874,39.87375794716207],[-83.93733488281998,39.873760571094614],[-83.93733489719304,39.8737631922694],[-83.93733491515934,39.87376581758061],[-83.93733492683744,39.87376844082343],[-83.93733494031216,39.87377106199797],[-83.93733495019362,39.87377368799825],[-83.93733496007509,39.873776311930264],[-83.93733496995657,39.87377893586211],[-83.93733497534647,39.873781641145385],[-83.93733497624477,39.8737843464286],[-83.93733498253299,39.87378705240109],[-83.93733498163465,39.87378976113116],[-83.93733497893972,39.873792465035194],[-83.93733497983803,39.873795171007366],[-83.93733497624477,39.87379787491119],[-83.93733496905824,39.873800584330255],[-83.937334965465,39.873803288233866],[-83.93733495648183,39.873805995584476],[-83.93733494390543,39.873808701556115],[-83.93733493671891,39.873811406838264],[-83.93733492234585,39.87381411280969],[-83.93733491066774,39.87381681878101],[-83.93733489359977,39.873819523373406],[-83.93733487653179,39.87382223141281],[-83.9373348540739,39.873824936004944],[-83.93733483341263,39.87382764197588],[-83.9373348136497,39.87383034794667],[-83.93733479119183,39.873833051849104],[-83.93733476334405,39.87383575988792],[-83.93733473369964,39.87383846585844],[-83.93733470585187,39.873841171828786],[-83.93733467530915,39.87384387642018],[-83.93733464386811,39.87384658032208],[-83.93733460973213,39.873849289739226],[-83.93733457649446,39.873851994330344],[-83.9373345378669,39.87385469892136],[-83.93733450283263,39.87385740626994],[-83.93733446151012,39.87386011086069],[-83.93733441839098,39.87386281545138],[-83.93733437527185,39.87386552211021],[-83.93733432855946,39.87386822945836],[-83.93733428544033,39.87387093404873],[-83.93733424052455,39.87387363932838],[-83.93733418842227,39.87387634322911],[-83.93733413631999,39.87387905264508],[-83.93733408601433,39.87388175585616],[-83.9373340321154,39.87388446251424],[-83.93733397192828,39.87388716848279],[-83.937333919826,39.87388987307241],[-83.93733385694392,39.873892579730175],[-83.93733379855344,39.873895284319595],[-83.93733373656968,39.87389798959827],[-83.93733367189098,39.873900695566334],[-83.93733360541565,39.87390340015538],[-83.93733354073694,39.8739061054338],[-83.93733347156667,39.87390881071205],[-83.93733340419303,39.87391151530083],[-83.93733332963286,39.8739142212683],[-83.93733325776763,39.87391692654629],[-83.93733318230916,39.87391963113469],[-83.93733310505404,39.87392233641246],[-83.93733302779891,39.87392504306895],[-83.93733294874717,39.87392774903589],[-83.93733286700049,39.87393045293449],[-83.9373327852538,39.87393315959065],[-83.93733269991385,39.873935862799605],[-83.93733261367558,39.87393856600845],[-83.93733253013227,39.873941273353715],[-83.93733243940241,39.87394397656235],[-83.93733235046919,39.87394660531375],[-83.93733225704442,39.87394923544384],[-83.93733216541627,39.87395186350561],[-83.93733207109315,39.87395449363551],[-83.93733197587171,39.8739571237653],[-83.93733188154863,39.87395975251619],[-83.93733178183562,39.87396238126698],[-83.93733168212263,39.87396501001767],[-83.9373315797147,39.87396763876821],[-83.93733147640845,39.873970264071595],[-83.93733137400048,39.873972892821975],[-83.93733126889761,39.87397552295107],[-83.93733116379471,39.87397815170125],[-83.93733105420026,39.87398078045129],[-83.93733094280915,39.87398340920127],[-83.93733082962143,39.873986039329964],[-83.93733071733202,39.87398866670088],[-83.9373306050426,39.873991295450566],[-83.9373304873633,39.87399392213186],[-83.93733036788737,39.87399655157076],[-83.93733025110637,39.873999181009516],[-83.93733013163045,39.874001809758795],[-83.9373300058663,39.8740044357503],[-83.93732988279712,39.8740070624311],[-83.93732975343973,39.87400969462716],[-83.9373296294722,39.87401231855008],[-83.93732950460638,39.874014949367094],[-83.93732937255403,39.874017576736904],[-83.93732924229832,39.87402020410663],[-83.93732910844933,39.87402283147623],[-83.93732897190542,39.87402546022461],[-83.93732883805644,39.87402808621522],[-83.9373287006142,39.87403071496333],[-83.93732856227365,39.874033342332545],[-83.93732841944151,39.87403597176994],[-83.93732827930432,39.87403859776009],[-83.93732813737053,39.874041225129055],[-83.93732799004681,39.8740438545661],[-83.93732784541804,39.87404647986657],[-83.93732769899266,39.87404910792461],[-83.93732756514369,39.87405173736135],[-83.93743419965948,39.8740577049553],[-83.93821498206677,39.87410149739937],[-83.9381832921985,39.87437496083174],[-83.93815952457271,39.874580072857626],[-83.9381516014319,39.87464845350793],[-83.93812786884041,39.87485353851835],[-83.93810410121463,39.87505864911299],[-83.93919466495271,39.87511980292933],[-83.93912858937198,39.87580662537908],[-83.93912571476307,39.87583639570833],[-83.93911861807233,39.875910310975385],[-83.93908576668238,39.87625149476901],[-83.9389346053729,39.8762430007332],[-83.93894168589398,39.87625098530613],[-83.93899199604145,39.87630764045046],[-83.93902067206194,39.8763399061688],[-83.93967569482105,39.87637861770321],[-83.94044567049546,39.876424095610616],[-83.94044595256646,39.87642389913356],[-83.94066380929422,39.87643698036882],[-83.94003897531857,39.87678755654413],[-83.93998113369574,39.87681997714927],[-83.94004693708692,39.876895110884526],[-83.94036545633048,39.87725882921987],[-83.94043173582877,39.87733450708778],[-83.94103195596564,39.878019835538296],[-83.9401316059974,39.87850973210198],[-83.9398297046883,39.878174282050175],[-83.93906537672206,39.87853892080669],[-83.9385485525829,39.87878544874085],[-83.93847435713035,39.87882342471674],[-83.93847329981324,39.878823958977804],[-83.93945262427137,39.880048871450064],[-83.93854949401734,39.87999247445866],[-83.93849990611534,39.880450000098264],[-83.93752389733892,39.88038353405206],[-83.93750551601158,39.88057183343869],[-83.93744689554939,39.88056846113089],[-83.93677179903696,39.88052935075869],[-83.93666518967399,39.88052318933064],[-83.93665942787976,39.88058245496623],[-83.93655595363713,39.88057109307513],[-83.93652778426645,39.88083089539074],[-83.93647967858466,39.88127462096556],[-83.93641932796724,39.88183117336955],[-83.93637690862121,39.8822225802419],[-83.93635244929266,39.88244799032737],[-83.93631328813618,39.882774478182384],[-83.93629954570895,39.882889164573974],[-83.93620757169857,39.88365580978105],[-83.93619425237787,39.88376670137385],[-83.93640748637517,39.88377919115117],[-83.93814533208953,39.88388093529168],[-83.93834422448333,39.883892579944124],[-83.93941029206192,39.883954967343904],[-83.93921364904959,39.88559533316506],[-83.93814755541986,39.88553294519001],[-83.9362280784399,39.885420547570064],[-83.93600420749131,39.88540744943734],[-83.93597897022173,39.88564379514599]]]}},{"type":"Feature","properties":{"name":"Pike","kind":"township"},"geometry":{"type":"MultiPolygon","coordinates":[[[[-83.92501376465617,39.9941139126946],[-83.92473967698488,39.99686881937383],[-83.92460179996182,39.99825486237443],[-83.9244651841734,39.99962773627062],[-83.92418897198647,40.00240347990486],[-83.92401061238515,40.004195864277435],[-83.92400611272387,40.0042410281749],[-83.92400157533338,40.00428618791383],[-83.92327275777032,40.01152136883587],[-83.9229033238131,40.01518831790119],[-83.92272056336516,40.01700224361557],[-83.92253782807008,40.01881581634897],[-83.92240576674016,40.020039176033265],[-83.92227783227065,40.021224267333906],[-83.92204066535756,40.02342115118985],[-83.92180065347993,40.02564392738006],[-83.92175092094918,40.02610482787551],[-83.92174809664593,40.02613088844208],[-83.92173920691788,40.02621294769103],[-83.9217303513258,40.02629503298087],[-83.92172726112123,40.02632370468278],[-83.9216425832276,40.02710802696531],[-83.92125814740513,40.030668002742935],[-83.92125487574086,40.030698408027085],[-83.92113851247053,40.03177596614919],[-83.92098542876634,40.03319365864685],[-83.9209422503439,40.033593310196736],[-83.92122451897247,40.03360425326509],[-83.92134177965977,40.033611453954386],[-83.92145903765211,40.033618656706395],[-83.93023534800925,40.03415682778571],[-83.93951313478891,40.034725045266164],[-83.93958433795328,40.03472941554304],[-83.93965559950813,40.03473329197983],[-83.94917580295542,40.03524926534289],[-83.95855826682187,40.035757035670755],[-83.95872232165063,40.03576759873242],[-83.96083641145039,40.035903911464885],[-83.96554902463484,40.03620763291524],[-83.96800910326122,40.03636610238227],[-83.97263980176987,40.036664250070274],[-83.97746010319398,40.03697440847527],[-83.9786157390946,40.03704286285197],[-83.97869023368615,40.037047279061326],[-83.97876476241372,40.0370516925193],[-83.98687866316517,40.03753198879796],[-83.98694986632954,40.03753619382995],[-83.98702110722316,40.03754039817391],[-83.99634930116834,40.03809188508204],[-83.99645612792361,40.038098183637175],[-83.99656309930764,40.03810294434858],[-84.00356980581017,40.038414761969925],[-84.0060998640955,40.03852725362719],[-84.00783603624849,40.038604403173615],[-84.00929097463212,40.03866906979774],[-84.01090637458336,40.03874079895645],[-84.01574351402913,40.03895552655843],[-84.01759292331526,40.03907263009992],[-84.01865964935895,40.03914016628087],[-84.01873528660755,40.03914495305425],[-84.01881251297591,40.039149852619026],[-84.02361226992944,40.039453583683816],[-84.02733207314674,40.03968885417859],[-84.02951454540087,40.039826835802145],[-84.02958672683057,40.03983130410005],[-84.03606427622344,40.040195445667514],[-84.03606917024511,40.04014067782604],[-84.03638427409393,40.03661133089721],[-84.03681684703922,40.03179960614301],[-84.03743283799922,40.02593402274774],[-84.03743858452208,40.02587929366878],[-84.0375238490156,40.02465489953243],[-84.03761111046398,40.02367559541224],[-84.03777200412125,40.02171927708491],[-84.03784715268634,40.02091559548639],[-84.03798666913482,40.019423645360526],[-84.03802725052779,40.01898966768887],[-84.03806565799775,40.01857896446071],[-84.03809000144363,40.01831861294131],[-84.03813528911036,40.01783422003502],[-84.0381514551922,40.01766129932851],[-84.03816240026563,40.01754423057338],[-84.0381767679203,40.017375580076575],[-84.0381971740503,40.017136262984636],[-84.03827079098784,40.01627192073342],[-84.03830989555047,40.01581281826542],[-84.03872037712627,40.01099407252245],[-84.03896725392929,40.00819849578205],[-84.03897493272832,40.00811163830232],[-84.03898260973075,40.00802477933595],[-84.03909973477244,40.00669842005269],[-84.03937035404842,40.00363372315362],[-84.03997391681646,39.99679766555183],[-84.0400223611631,39.99624880609304],[-84.04044659774254,39.99157438552565],[-84.04045196517637,39.99151525928815],[-84.04045733171188,39.99145613231122],[-84.04077580693797,39.98794659773875],[-84.04102239358515,39.98522899692618],[-84.0410836802471,39.98455364427286],[-84.04132069624323,39.98194120950671],[-84.0413640642102,39.98146322500849],[-84.04138945599003,39.981188139837215],[-84.04146329481142,39.980435333076336],[-84.04153716417557,39.97968252765842],[-84.0416110056919,39.978929713946854],[-84.04178485485221,39.97715752021114],[-84.04172548699172,39.97715460079329],[-84.04173354667644,39.977072459846696],[-84.04173487438644,39.97705878379109],[-84.0418930811827,39.97605422951476],[-84.0419417051924,39.974946847044464],[-84.04197224431881,39.97463494935254],[-84.04204060162034,39.97393690932088],[-84.04241935649696,39.97006882886896],[-84.04269044559183,39.96730014720424],[-84.0428810141962,39.96523263937376],[-84.04313617166949,39.962464152920845],[-84.04334912718906,39.9601536625421],[-84.04368969827621,39.95645792098706],[-84.04402493157394,39.95281970919748],[-84.04330172398984,39.9527851760383],[-84.04283068338746,39.95276268967294],[-84.04274168819057,39.952758425016604],[-84.04265266784088,39.95275418859366],[-84.04234759098723,39.95273679184949],[-84.0420985860753,39.952722593078484],[-84.04176233947794,39.952707856487805],[-84.04160057894642,39.95269419208459],[-84.0413515749328,39.952679991927525],[-84.04110257181753,39.95266579039023],[-84.04085355522751,39.95265158953867],[-84.04041380923466,39.95262650562981],[-84.04000957005175,39.95260344902923],[-84.03952833357091,39.95257599484817],[-84.03943941023925,39.95257092861812],[-84.03935046894128,39.95256583690853],[-84.03907728407685,39.95255025740415],[-84.03903888738667,39.95254806894626],[-84.03882828365651,39.952536062037616],[-84.03857928143955,39.95252183774575],[-84.03833026125626,39.9525076430619],[-84.03808125634433,39.952493433913936],[-84.03783224155096,39.95247921994265],[-84.03758324741882,39.95246501560916],[-84.03733423801533,39.952450794745666],[-84.03708523669665,39.952436595915344],[-84.036836235378,39.95242239777066],[-84.03658723585598,39.95240817138928],[-84.03633822375753,39.95239396428652],[-84.03609689315309,39.952380189639925],[-84.03584787656307,39.952365988040434],[-84.03559884919326,39.95235176164727],[-84.03534626988481,39.95233734518947],[-84.03414845538666,39.95226898421253],[-84.03405333098459,39.95226352888368],[-84.0313854783212,39.95211117270768],[-84.02675986966695,39.951846873240946],[-84.02446732414612,39.951715825286186],[-84.02411817145307,39.951695869995234],[-84.02404687127064,39.95169177880867],[-84.02404631162022,39.95175530132171],[-84.02404628916234,39.95175798975424],[-84.0240462693994,39.95176067612079],[-84.02404625322973,39.95176336455311],[-84.02404624155163,39.951766050230795],[-84.02404622987353,39.951768738662906],[-84.024046222687,39.95177142502897],[-84.02404621639882,39.95177411346087],[-84.0240462155005,39.951776801204076],[-84.02404621639882,39.95177948756983],[-84.02404622089038,39.951782176001416],[-84.02404622448364,39.951784861678355],[-84.02404623436512,39.95178755010973],[-84.02404624873816,39.95179023785236],[-84.02404626311119,39.951792925594916],[-84.02404628017919,39.95179561196004],[-84.02404629994213,39.95179829970239],[-84.02404632419665,39.95180098744459],[-84.02404634934946,39.9518036731208],[-84.02404637989218,39.95180636086279],[-84.02404640953658,39.95180904860466],[-84.02404644546921,39.9518117363465],[-84.02404648319845,39.95181442408817],[-84.02404652362264,39.951817109763844],[-84.02404656674176,39.9518197975053],[-84.02404661255585,39.951822484558015],[-84.02404666106487,39.951825172299316],[-84.02404671226884,39.951827857974564],[-84.0240467688627,39.95183054502695],[-84.02404682545658,39.951833232767896],[-84.02404688384706,39.95183591982013],[-84.02404694852576,39.951838607560845],[-84.0240470150011,39.95184129254693],[-84.02404708147644,39.951843980287435],[-84.02404715334166,39.95184666733925],[-84.02404722880014,39.951849354390895],[-84.02404730605525,39.9518520414425],[-84.02404738510698,39.951854726428046],[-84.024047467752,39.95185741347938],[-84.02404755309195,39.951860100530666],[-84.02404764382179,39.95186278758179],[-84.02404773365333,39.95186547256692],[-84.02404782617978,39.95186815961789],[-84.02404792499448,39.9518708466687],[-84.02404802560578,39.95187353165357],[-84.02404812621711,39.95187621801552],[-84.02404823221829,39.95187890506606],[-84.02404834091445,39.95188159211644],[-84.02404845230555,39.95188427641225],[-84.02404856639158,39.95188696346242],[-84.02404868227426,39.951889647757966],[-84.02404872269845,39.95189053127546],[-84.0240488017502,39.95189233411933],[-84.02404892571771,39.95189502116924],[-84.02404905058353,39.95189770546446],[-84.02404917994093,39.95190039182552],[-84.02404930929833,39.95190307612053],[-84.02404944404562,39.95190576316996],[-84.02404957879291,39.95190844746482],[-84.02404971893009,39.9519111338254],[-84.02404986176222,39.95191381812003],[-84.02405000639101,39.95191650241452],[-84.02405015461302,39.95191918808619],[-84.02405030463167,39.95192187238051],[-84.02405045824356,39.951924556674676],[-84.02405061634705,39.95192724303468],[-84.02405077445054,39.95192992663999],[-84.024050935249,39.951932610933895],[-84.02405110143734,39.95193529522764],[-84.02405126762565,39.95193798089857],[-84.02405143920386,39.95194066450346],[-84.02405161347704,39.95194334879694],[-84.02405178954683,39.95194603240163],[-84.02405196651495,39.9519487166949],[-84.02405214797463,39.951951400299365],[-84.02405233572253,39.95195408390378],[-84.0240525225721,39.9519567675081],[-84.02405271211661,39.951959449046356],[-84.0240529043561,39.95196213265046],[-84.02405310198546,39.9519648162544],[-84.02405329961482,39.95196749985829],[-84.02405350173575,39.95197018139614],[-84.02405370475502,39.951972864999824],[-84.02405391316415,39.95197554860334],[-84.02405412336992,39.951978230140874],[-84.02405433627065,39.9519809130556],[-84.02405455276464,39.95198359459297],[-84.02405477105526,39.95198627819607],[-84.02405499204082,39.95198895904459],[-84.02405521572132,39.951991640581596],[-84.02405544209678,39.95199432142986],[-84.02405567296381,39.95199700503259],[-84.02405590472914,39.951999685880686],[-84.02405614188437,39.952002366728635],[-84.0240563781413,39.952005048265114],[-84.02405661978811,39.9520077291129],[-84.02405686502819,39.95201040996052],[-84.02405711206488,39.952013090808094],[-84.02405736179654,39.95201576958963],[-84.02405761422314,39.952018450436995],[-84.02405786934467,39.9520211312842],[-84.02405812716117,39.95202381213135],[-84.02405829873938,39.952025590869575],[-84.02405838677427,39.95202649091247],[-84.0240586526756,39.95202916969348],[-84.0240589176786,39.95203185054032],[-84.02405918896983,39.95203452863248],[-84.02405945936272,39.95203720947905],[-84.02405973514551,39.9520398882597],[-84.02406001362324,39.95204256635154],[-84.024060292101,39.95204524513191],[-84.02406057596863,39.9520479232236],[-84.0240608625312,39.95205060200377],[-84.0240611508904,39.95205328009519],[-84.02406144284288,39.95205595818656],[-84.02406173928692,39.95205863696642],[-84.02406203662927,39.952061312991646],[-84.02406233576826,39.952063991082646],[-84.02406264029713,39.95206666710772],[-84.02406294482603,39.95206934519851],[-84.0240632547448,39.95207202191196],[-84.02406356735851,39.952074699313904],[-84.02406387997225,39.95207737602715],[-84.02406419797585,39.95208005136305],[-84.0240645177761,39.952082727387435],[-84.02406484116959,39.952085403411715],[-84.02406516635973,39.9520880794359],[-84.02406549514312,39.95209075545998],[-84.02406582841809,39.95209342872942],[-84.02406616169306,39.952096104753295],[-84.02406649766297,39.95209878077705],[-84.02406683902278,39.952101454046186],[-84.02406718038259,39.95210412800385],[-84.02406752623396,39.952106803338665],[-84.02406787567863,39.95210947729612],[-84.0240682269199,39.95211215056484],[-84.02406857905949,39.952114823833455],[-84.02406893569065,39.952117497790596],[-84.02406929771172,39.952120171059],[-84.02406965973279,39.95212284226142],[-84.02407002444879,39.952125515529616],[-84.02407039185974,39.9521281887977],[-84.02407076196563,39.952130859999755],[-84.02407113746143,39.95213353120175],[-84.0240715120589,39.952136204469525],[-84.02407189294459,39.95213887567133],[-84.02407227293195,39.952141546872966],[-84.0240726592075,39.952144218074544],[-84.02407304727971,39.95214688858738],[-84.02407343804686,39.95214955772283],[-84.02407383150894,39.9521522289241],[-84.024074227666,39.952154900125265],[-84.02407462651799,39.95215756857176],[-84.0240750271666,39.952160237706835],[-84.02407541883206,39.95216280148118],[-84.02407580690426,39.95216536594408],[-84.0240762030613,39.95216792834095],[-84.02407646626769,39.95216963821231],[-84.02407660011666,39.95217049280366],[-84.02407700166358,39.95217305451174],[-84.02407740321053,39.95217561690838],[-84.02407780475745,39.95217818068215],[-84.02407793860644,39.95217903527339],[-84.02407821169427,39.95218074307854],[-84.02407861773278,39.952183304786246],[-84.0240790354494,39.95218586511662],[-84.02407946035252,39.952188430955886],[-84.02423714882087,39.95315970783624],[-84.02425265823425,39.95325518855004],[-84.02428931758267,39.95328065785557],[-84.02443244885184,39.95338002565509],[-84.02517792746848,39.95389759183242],[-84.02564594793486,39.95422248181929],[-84.02568166854381,39.95424727799236],[-84.02572456399695,39.95427716780481],[-84.02642024899738,39.954761822893644],[-84.02726394671224,39.955349618524025],[-84.02863134516973,39.95630217045604],[-84.02929328495651,39.95676575082732],[-84.02929040944929,39.95676727673153],[-84.02928754831508,39.956768793684155],[-84.02928469616408,39.956770314768214],[-84.029281846708,39.95677184204951],[-84.02927899904854,39.9567733734623],[-84.02927616037223,39.95677491038367],[-84.02927332349256,39.956776453502336],[-84.02927049290112,39.95677800075248],[-84.02926766410629,39.95677955213407],[-84.02926484159966,39.95678110902429],[-84.02926202627955,39.95678267211174],[-84.02925921095947,39.95678423864214],[-84.02925640462252,39.95678580999253],[-84.0292536000822,39.9567873868516],[-84.02925080093178,39.95678896990785],[-84.02924800806954,39.956790556407036],[-84.02924521969891,39.95679214772626],[-84.0292424340232,39.95679374661985],[-84.0292396537374,39.956795346890615],[-84.02923687884149,39.956796954047185],[-84.02923410933548,39.95679856464665],[-84.02923130389684,39.956800206232344],[-84.0292285038481,39.95680185126092],[-84.02922570918925,39.956803500420996],[-84.0292229199203,39.95680515577829],[-84.02922013604123,39.95680681733281],[-84.0292173539588,39.95680848233017],[-84.02921458085952,39.95681015145905],[-84.02921181045518,39.95681182678512],[-84.02920904454241,39.9568135083084],[-84.02920628491786,39.95681519327457],[-84.0292035297849,39.95681688237223],[-84.02920078094013,39.95681857697852],[-84.02919803658692,39.95682027847055],[-84.02919529852194,39.95682198340554],[-84.02919256494852,39.95682369247195],[-84.02918983676501,39.95682540704699],[-84.02918711217475,39.95682712781924],[-84.02918439477102,39.95682885272298],[-84.02918168275718,39.95683058175814],[-84.02917897343829,39.95683231630199],[-84.02917627220423,39.95683405497731],[-84.0291735736651,39.95683579984979],[-84.02917088321082,39.956837548165154],[-84.02916819814645,39.95683930336633],[-84.02916551577701,39.956841061321796],[-84.0291628405941,39.956842826163026],[-84.02916016900443,39.956844592381444],[-84.02915750549963,39.95684636686276],[-84.02915484648638,39.95684814547556],[-84.02915219106642,39.95684992821984],[-84.02914954283294,39.956851714406994],[-84.02914689998939,39.95685350679131],[-84.02914426073906,39.9568553046843],[-84.02914162867529,39.9568571073973],[-84.02913900200141,39.95685891355318],[-84.02913664751705,39.956860539988625],[-84.02913638071739,39.95686072384054],[-84.02913376572161,39.95686253963652],[-84.02913115521739,39.9568643616297],[-84.02912854920474,39.95686618568857],[-84.02912595217528,39.95686801594464],[-84.02912335784073,39.956869851709335],[-84.02912076889608,39.95687168953977],[-84.02911818803626,39.956873535633136],[-84.02911561166803,39.95687538379219],[-84.029113041588,39.956877237459864],[-84.02911047330461,39.956879095259],[-84.02910791310605,39.95688095650101],[-84.02910536189063,39.956882824628835],[-84.02910281247185,39.956884696199474],[-84.02910026844297,39.95688657396737],[-84.02909773249894,39.956888453112356],[-84.02909520194477,39.956890340520275],[-84.02909267678051,39.956892229993926],[-84.02909015700615,39.95689412566474],[-84.02908764262165,39.956896022712684],[-84.02908513362708,39.956897928023565],[-84.02908263181902,39.95689983540018],[-84.0290801336042,39.95690174897399],[-84.02907764257591,39.95690366599063],[-84.02907515963247,39.956905587138735],[-84.02907268028228,39.95690751448404],[-84.02907020811861,39.95690944320647],[-84.02906773864991,39.95691138019185],[-84.02906527726603,39.9569133192429],[-84.02906282127203,39.95691526242541],[-84.0290603733629,39.95691721111653],[-84.0290579281487,39.95691916393911],[-84.02905549012101,39.95692112089311],[-84.02905305838154,39.956923083355704],[-84.02905063382858,39.956925047884035],[-84.02904821556385,39.95692701860955],[-84.02904629047418,39.956928592022436],[-84.02904579909573,39.95692899346648],[-84.02904339161077,39.95693097383206],[-84.02904099131233,39.95693295626332],[-84.02903859370883,39.95693494489177],[-84.02903620419018,39.95693693696303],[-84.02903382185804,39.95693893110003],[-84.02903144311918,39.95694093349999],[-84.02902907246514,39.956942937965586],[-84.029026707201,39.95694494587409],[-84.02902434912338,39.956946959979746],[-84.0290219937407,39.95694897821685],[-84.02901964734117,39.95695100058541],[-84.02901730812818,39.95695302639683],[-84.02901497161012,39.956955056339666],[-84.02901264317691,39.95695709041396],[-84.02901032282853,39.95695912999684],[-84.02900800517509,39.956961171645396],[-84.02900569740312,39.956963219491136],[-84.02900339322441,39.956965271468334],[-84.02900109623225,39.95696732688839],[-84.02899880552826,39.9569693864399],[-84.02899651931587,39.956971450122815],[-84.02899424118831,39.95697351724859],[-84.02899196845064,39.95697558850576],[-84.0289897037978,39.95697766389439],[-84.02898744183993,39.956979745480254],[-84.02898519066181,39.95698182844314],[-84.0289829439753,39.95698391553753],[-84.02898070357699,39.956986008829055],[-84.02897846767024,39.95698810625202],[-84.02897624074664,39.956990205052065],[-84.02897401831464,39.956992310049344],[-84.02897180396747,39.95699441711229],[-84.02896959501018,39.95699652968382],[-84.02896739413772,39.95699864638675],[-84.02896519775686,39.9570007651554],[-84.0289636724175,39.95700224698509],[-84.02896301035913,39.957002890121224],[-84.02896082565636,39.957005018529905],[-84.02895865083508,39.95700715106998],[-84.02895648140365,39.957009285675774],[-84.02895431736215,39.95701142579014],[-84.02895216140546,39.95701357072451],[-84.02895001083868,39.95701571703599],[-84.02894786566176,39.95701786885607],[-84.02894572856971,39.957020023430395],[-84.02894359866417,39.957022183513295],[-84.02894147504684,39.95702434566192],[-84.02893935861603,39.957026513319065],[-84.02893724757512,39.95702868373053],[-84.02893514192408,39.95703085758483],[-84.02893304435788,39.95703303557053],[-84.02893095487656,39.95703521699913],[-84.02892886988677,39.95703740324767],[-84.0289267911852,39.957039592939104],[-84.02892471967016,39.957041786073326],[-84.02892265713825,39.95704398402759],[-84.02892059909796,39.95704618335892],[-84.02891854914247,39.957048388887415],[-84.02891650457688,39.957050595793035],[-84.02891446719782,39.95705280751864],[-84.02891243610696,39.957055022687136],[-84.02891041220262,39.957057241986966],[-84.0289083945865,39.957059464729696],[-84.02890638415688,39.95706169022667],[-84.0289043791172,39.95706392123218],[-84.02890238485725,39.95706615361484],[-84.02890039329226,39.95706839081748],[-84.02889840981213,39.957070631462926],[-84.02889643351848,39.95707287623984],[-84.02889446351307,39.95707512514816],[-84.02889250069417,39.957077375433535],[-84.02889054596011,39.957079629850334],[-84.02888938264182,39.95708097740492],[-84.02888859661596,39.957081888398584],[-84.02888665535662,39.95708415107826],[-84.02888471858888,39.957086415134995],[-84.02888279080427,39.957088683323114],[-84.02888087020618,39.957090957708445],[-84.02887895589633,39.957093232093655],[-84.02887704877297,39.95709551198748],[-84.02887514703951,39.957097793946964],[-84.02887325249259,39.95710008003787],[-84.0288713669288,39.95710237026016],[-84.0288694867549,39.95710466392529],[-84.02886761376755,39.95710695965612],[-84.02886574617008,39.95710925951833],[-84.02886388935237,39.95711156282338],[-84.02886203522964,39.95711386819408],[-84.02886019188668,39.95711617769621],[-84.02885835393359,39.95711849132976],[-84.02885652316704,39.95712080634038],[-84.0288546986887,39.957123126171005],[-84.02885288409183,39.95712544875583],[-84.02885107488486,39.957127776160675],[-84.02884927106777,39.957130104942635],[-84.0288474744372,39.95713243854455],[-84.02884568678977,39.95713477283498],[-84.02884390632887,39.957137111945386],[-84.0288421321562,39.95713945449862],[-84.02884036517004,39.957141799806095],[-84.0288386062687,39.95714414786781],[-84.02883685275727,39.95714650074954],[-84.02883510643237,39.95714885500833],[-84.0288333690906,39.95715121339853],[-84.02883163893537,39.95715357592017],[-84.02882991417002,39.95715594050739],[-84.02882819748952,39.95715830647176],[-84.02882648889384,39.95716067656752],[-84.02882478478973,39.957163050794655],[-84.02882394486495,39.95716422964522],[-84.02882309236374,39.95716542846465],[-84.02882140173439,39.957167806823115],[-84.0288197218848,39.95717019069012],[-84.0288180474251,39.95717257593425],[-84.02881638374521,39.95717496393265],[-84.02881472545519,39.95717735537379],[-84.02881307165676,39.95717975094639],[-84.0288114295364,39.95718214858463],[-84.02880979190766,39.9571845496657],[-84.02880816236373,39.957186953501],[-84.02880654090464,39.95718935871336],[-84.02880492393713,39.95719176943426],[-84.02880331595277,39.95719418084372],[-84.02880171784987,39.95719659569596],[-84.02880012513688,39.95719901467962],[-84.02879853781376,39.957201435728905],[-84.02879696127044,39.957203858155296],[-84.0287953892187,39.95720628540165],[-84.0287938261501,39.957208715402224],[-84.02879227026804,39.95721114815704],[-84.0287907224708,39.95721358297754],[-84.02878918006344,39.957216021240804],[-84.02878764574096,39.95721846156977],[-84.02878611860498,39.957220906030145],[-84.02878460045214,39.957223351867555],[-84.02878308948583,39.95722579977062],[-84.02878158660437,39.957228251805084],[-84.02878008911279,39.9572307059052],[-84.02877859880773,39.95723316413671],[-84.02877711748582,39.95723562374533],[-84.02877564335044,39.957238085419526],[-84.0287741772999,39.95724055122518],[-84.02877271933419,39.95724301840788],[-84.02877126675838,39.95724548834482],[-84.02876982136908,39.95724796172457],[-84.0287683876579,39.95725043648136],[-84.02876781902431,39.95725141770794],[-84.02876695843827,39.95725291399243],[-84.02876553460855,39.95725539494626],[-84.0287641215586,39.95725787796578],[-84.0287627156952,39.957260363050935],[-84.02876131611998,39.95726285226745],[-84.02875992642623,39.9572653428611],[-84.02875854212238,39.957267835520334],[-84.02875716590337,39.957270332310976],[-84.02875579687087,39.95727282910152],[-84.02875443682153,39.957275331400666],[-84.0287530839587,39.95727783369966],[-84.02875173648577,39.95728033806434],[-84.02875039979264,39.95728284656038],[-84.02874906848939,39.9572853564335],[-84.02874774706761,39.95728787043803],[-84.02874643193402,39.957290384442416],[-84.028745123987,39.9572929025782],[-84.02874382412476,39.957295422091086],[-84.02874253144907,39.95729794435818],[-84.02874124775653,39.95730047006804],[-84.02873997125052,39.95730299508927],[-84.02873870282933,39.95730552493045],[-84.02873743979805,39.957308056148705],[-84.02873618754653,39.95731058943259],[-84.02873494068491,39.95731312684788],[-84.02873370370476,39.95731566426308],[-84.02873247211451,39.95731820512103],[-84.02873125130404,39.95732074597893],[-84.02873003588347,39.95732329096819],[-84.0287288276494,39.95732583802313],[-84.02872762750019,39.95732838852082],[-84.0287264354358,39.957330939018476],[-84.02872525145627,39.95733349158175],[-84.02872407556157,39.957336048276375],[-84.02872290775167,39.957338607036675],[-84.02872174712833,39.95734116510829],[-84.02872140397191,39.957341927365384],[-84.02872059458983,39.957343727311255],[-84.02871945013615,39.95734629157989],[-84.028718312869,39.95734885722562],[-84.02871718189007,39.957351425625504],[-84.02871606079259,39.95735399540247],[-84.02871494777996,39.957356567245114],[-84.02871384285216,39.957359140464796],[-84.02871274241593,39.95736171643868],[-84.02871165365781,39.95736429585539],[-84.02871057208621,39.957366875271994],[-84.02870949590451,39.957369456754215],[-84.02870843050256,39.95737203961352],[-84.02870736959223,39.957374627292765],[-84.02870632035996,39.95737721428332],[-84.02870527561929,39.95737980333954],[-84.02870424165839,39.9573823937728],[-84.02870321488402,39.95738498902603],[-84.02870219439787,39.95738758359059],[-84.02870118379317,39.95739018022077],[-84.02870017857838,39.95739277891656],[-84.02869918414335,39.95739537898949],[-84.0286981941999,39.95739798181658],[-84.02869721593456,39.95740058602068],[-84.02869624485574,39.95740319229053],[-84.02869527916681,39.95740579993735],[-84.02869432335933,39.95740840827265],[-84.0286933738401,39.95741102005081],[-84.0286924342023,39.95741363389454],[-84.02869150264935,39.957416247738216],[-84.02869057918124,39.95741886295893],[-84.02868966379796,39.957421480933846],[-84.02868875290628,39.95742410028584],[-84.02868785279435,39.957426721703456],[-84.02868696076729,39.957429344498095],[-84.02868607682504,39.957431967981286],[-84.02868520006932,39.957434594907205],[-84.02868502849111,39.9574351134066],[-84.02868433139844,39.95743722183304],[-84.0286834708124,39.95743985082453],[-84.0286826183112,39.95744248188165],[-84.02868177389483,39.95744511225007],[-84.02868093666498,39.957447746749885],[-84.02868011021492,39.95745038124954],[-84.02867928915475,39.957453017814856],[-84.02867847617942,39.95745565644585],[-84.02867767308555,39.957458296453865],[-84.02867687538159,39.957460936461786],[-84.02867608845739,39.95746357853532],[-84.02867530692309,39.957466222674455],[-84.02867453527027,39.95746886819068],[-84.02867376990565,39.957471514395394],[-84.0286730144225,39.95747416197718],[-84.02867226612585,39.957476811624524],[-84.02867152681239,39.957479462649005],[-84.02867079468544,39.957482114361916],[-84.02867007064332,39.95748476745185],[-84.02866935468602,39.95748742260745],[-84.02866864681357,39.957490077762955],[-84.02866794882262,39.95749273498407],[-84.02866725622151,39.957495393582256],[-84.02866657170529,39.95749805286893],[-84.0286658979688,39.957500713532625],[-84.02866523141888,39.9575033755734],[-84.02866457025884,39.9575060383026],[-84.02866391987857,39.957508703097474],[-84.02866327758312,39.95751136926937],[-84.02866264247422,39.95751403544116],[-84.02866201545014,39.95751670367861],[-84.02866139651093,39.95751937329309],[-84.02866078565653,39.95752204359604],[-84.02866018558191,39.95752471321031],[-84.0286595899989,39.95752738695595],[-84.02865900519565,39.95753005863573],[-84.02865894770346,39.95753032511512],[-84.02865842578228,39.95753273444688],[-84.02865785625039,39.957535409569395],[-84.02865729480334,39.95753808469174],[-84.02865674144113,39.95754076256829],[-84.02865619616372,39.95754344113338],[-84.0286556589712,39.9575461203869],[-84.02865512896518,39.95754880170603],[-84.02865460973895,39.95755148233646],[-84.0286540959026,39.95755416503256],[-84.02865359194773,39.957556847728554],[-84.0286530960777,39.95755953249016],[-84.02865260559754,39.95756221656311],[-84.02865212589718,39.957564902701634],[-84.02865165428166,39.95756758952868],[-84.0286511925476,39.95757027704417],[-84.02865073620345,39.95757296524813],[-84.02865028794412,39.95757565345199],[-84.02864984956626,39.957578343032914],[-84.02864941927322,39.95758103467941],[-84.0286489943701,39.957583726325836],[-84.02864858024675,39.957586417972166],[-84.02864817330993,39.95758911168409],[-84.02864777535628,39.95759180470739],[-84.02864738728407,39.95759450048482],[-84.02864700370343,39.957597195573605],[-84.02864663180091,39.9575998906623],[-84.02864626438996,39.95760258712801],[-84.02864590775879,39.95760528428219],[-84.02864555921248,39.95760798281345],[-84.02864521785266,39.95761067927884],[-84.02864488457769,39.957613379875596],[-84.02864456208249,39.957616078406524],[-84.0286442449772,39.95761877900302],[-84.02864393775337,39.957621480976634],[-84.02864363591944,39.95762418088437],[-84.0286433448653,39.957626882857774],[-84.02937011786274,39.95768728198794],[-84.02952866871378,39.95770045168497],[-84.0293976736841,39.959247217229034],[-84.02441227987708,39.958966815068806],[-84.02364736800591,39.95892379089813],[-84.02069058660445,39.9587480555673],[-84.02122971501377,39.95760219739371],[-84.02031697817608,39.95735604461363],[-84.02056964282447,39.956842484625284],[-84.01933307680159,39.95650243405843],[-84.01922220493259,39.95647196680466],[-84.01947171290108,39.955957542190234],[-84.02007205520881,39.95472706485244],[-84.01994944146074,39.95472066357563],[-84.01918446940246,39.95468071342487],[-84.01862865119344,39.954651694875686],[-84.01871665465026,39.95375677222541],[-84.01877362221232,39.953177163694285],[-84.01882966361133,39.95260731291442],[-84.0189483283654,39.951400152532386],[-84.01503045022122,39.951175873469616],[-84.01484578444659,39.951165300071324],[-84.01452388124935,39.95443724534262],[-84.01427046021949,39.95701700055361],[-84.00479672482523,39.95647416890874],[-84.00528666777782,39.95154530989873],[-84.00527637128805,39.95154465293855],[-84.00536612645965,39.95062213274892],[-83.98625022784354,39.94960363582346],[-83.98611662590292,39.949594314160905],[-83.98410113608705,39.949453675763905],[-83.98394526311391,39.94944279633496],[-83.98384481709209,39.94943579336448],[-83.9812059566562,39.94925161202285],[-83.97948375510249,39.94913137384185],[-83.97854519529363,39.949065840752326],[-83.97426250682102,39.94876669544979],[-83.9738016261645,39.94873449206679],[-83.9675026896979,39.94829419491954],[-83.9674530784397,39.94829072953078],[-83.96744435130671,39.948290120057585],[-83.96744425698363,39.94829011317086],[-83.96273558021674,39.9479473129054],[-83.9621479517652,39.947904532479654],[-83.95802535205935,39.94764812621165],[-83.95240031465092,39.94729805853],[-83.9523283793596,39.947293595193],[-83.95225640633903,39.94728910430855],[-83.95170267401812,39.94725463929125],[-83.94859694655263,39.94706121822056],[-83.94859670760077,39.947061201003464],[-83.94359151043332,39.9467776153611],[-83.9433031620069,39.94676126940856],[-83.94281726506635,39.94673372817426],[-83.93415605494826,39.946242430249214],[-83.93274288283547,39.94616219909014],[-83.93123805741085,39.94607674892488],[-83.93084416771833,39.94605438707365],[-83.92988379501776,39.945999848781206],[-83.92983044047978,39.94599681784177],[-83.92977708863674,39.94599378965695],[-83.92977184337379,39.94604579976273],[-83.92974020381116,39.94635950071458],[-83.92971808189898,39.9465784685713],[-83.929676523139,39.946990399569216],[-83.92963506678694,39.94740097414339],[-83.92962816323397,39.94746942056083],[-83.92959026510879,39.94784492012937],[-83.92954818802087,39.948261844627254],[-83.92949084496303,39.948829791641096],[-83.92944252009232,39.94930881283726],[-83.9293931190399,39.9497877638795],[-83.92935355004828,39.9501453678198],[-83.92928169919857,39.950794809340096],[-83.92915269573388,39.95213648198808],[-83.9291469554992,39.95220798669726],[-83.92911406009183,39.95261900579679],[-83.92908116917603,39.95303002311505],[-83.92906036868561,39.95329000793783],[-83.92899835348997,39.953974660760025],[-83.92896117132204,39.95438545577422],[-83.9288823755969,39.9552480900042],[-83.92871201459485,39.95700519756137],[-83.92870283650758,39.95710016679913],[-83.92863380187632,39.95781494586389],[-83.92856105271136,39.958567769735524],[-83.92849968789598,39.95920289116703],[-83.92836171744811,39.96063088237869],[-83.92828505342514,39.96135401920342],[-83.92828209976447,39.96139886027474],[-83.9282699284907,39.96151832776176],[-83.92822632696176,39.96194696348094],[-83.9281911004262,39.962293543150075],[-83.92817059098995,39.962495091900195],[-83.9281148514249,39.963043194581076],[-83.92799529194879,39.964218511053716],[-83.92797136891446,39.96445376208953],[-83.92782727105804,39.965881413684066],[-83.92772437353382,39.96690099490736],[-83.92771577845319,39.9669862366091],[-83.92770598771492,39.967077644241584],[-83.92762729260107,39.96781293673455],[-83.92724753340798,39.9714541716639],[-83.9270822029715,39.97311014282053],[-83.92704560021694,39.9734892989152],[-83.92689637477687,39.97507396652368],[-83.92684878472807,39.975528207507395],[-83.92680191512812,39.97597568615633],[-83.92676045069123,39.9763719775306],[-83.92671724621765,39.976784243297665],[-83.92670735846131,39.976878688050334],[-83.92661348810738,39.97778173514749],[-83.92653958999718,39.97852667902981],[-83.92652389014094,39.97868500779691],[-83.9261664397096,39.98230168288831],[-83.9261348181133,39.982645855539104],[-83.92610238893155,39.98299931603347],[-83.92604327170102,39.9836434098125],[-83.92603241915405,39.98376145835678],[-83.92600990288146,39.984006849091905],[-83.92600285829302,39.984079112028596],[-83.9259756797641,39.98435116113916],[-83.92597168136277,39.98439110221273],[-83.9259405044325,39.98470311919261],[-83.92590932840058,39.9850151636561],[-83.92587811643602,39.985327180539],[-83.92587127846008,39.98539562547468],[-83.92586443778919,39.98546404418656],[-83.9258357150563,39.9857651860578],[-83.92580349967359,39.9861101885456],[-83.92580095744133,39.986137591405665],[-83.92575856414645,39.98659171273107],[-83.92573047203088,39.98689243597435],[-83.92569223883407,39.98730227678886],[-83.92566666289962,39.98757609087792],[-83.92563009697596,39.98794552610098],[-83.92559478510046,39.98829446410295],[-83.92556366386577,39.98860236188874],[-83.92553654013408,39.98887023657558],[-83.92548933276757,39.98933675451426],[-83.92547122991797,39.98951577471293],[-83.92546306513034,39.9895978807416],[-83.92546063428921,39.98962207080955],[-83.9253166846548,39.991069113665105],[-83.92524679123413,39.99177153891411],[-83.92501376465617,39.9941139126946]],[[-83.95035338649507,39.99178949902317],[-83.95030592221039,39.99228737261902],[-83.95019922121928,39.993406678195214],[-83.95017181182332,39.993694202482615],[-83.94534964459837,39.99341064300675],[-83.94548510335669,39.99200392567787],[-83.94408492627281,39.991914577534956],[-83.94402623843698,39.991910825299954],[-83.9439674598713,39.99190778744843],[-83.94324715923547,39.99187046673704],[-83.94261658682177,39.9918377757399],[-83.94138449440902,39.99177389748631],[-83.94122234041538,39.991765510686676],[-83.9411002081643,39.991759185830524],[-83.94100233491747,39.9917540991041],[-83.94096260063583,39.99178132833035],[-83.94073324816736,39.99194044262408],[-83.9404744597037,39.99204855049707],[-83.94035264096463,39.99212109880114],[-83.94008202797687,39.99228219990351],[-83.9398926873695,39.99239494519125],[-83.93988466271907,39.99248141661271],[-83.93981032533267,39.99328263267694],[-83.93954903056934,39.993268403786395],[-83.93937163845357,39.99325871712767],[-83.93925889539383,39.99325257685205],[-83.93919021110553,39.993248836390244],[-83.93848143046489,39.99320272305164],[-83.93841780908151,39.99319858754996],[-83.93835404576433,39.9931947018712],[-83.93769096781209,39.99315436884279],[-83.93733775293732,39.99313291225381],[-83.93532653910222,39.993010584723365],[-83.93455538663478,39.99296367288833],[-83.93455163527015,39.99296344439915],[-83.93458231004216,39.99266515872886],[-83.9346156492173,39.99229543175848],[-83.93464902612168,39.991925731004166],[-83.93467925892257,39.991590552148324],[-83.93469546273366,39.99141085465724],[-83.93379814368119,39.99136018395231],[-83.93389554261755,39.990071780692844],[-83.93394143395216,39.98946787627211],[-83.93482438804492,39.98951726753817],[-83.93697397836638,39.98963744364934],[-83.93769356035,39.989677638350834],[-83.93812015590538,39.98970148839345],[-83.93844112305808,39.98971943665826],[-83.93846118154006,39.989543728875525],[-83.93846979548533,39.98946845165376],[-83.93850151948958,39.989190658757614],[-83.93852837462501,39.98895534557354],[-83.93853744221947,39.98887608198095],[-83.93859348182185,39.98838510954575],[-83.93863550501084,39.988017029839185],[-83.93866411814926,39.987766538953835],[-83.93867894753797,39.987636387149685],[-83.93869375357049,39.98750692199638],[-83.93871362879615,39.98733275232799],[-83.93872546948992,39.98722893804131],[-83.93879480685344,39.9866218038363],[-83.93926665593958,39.98664817131208],[-83.93975230135183,39.98667529795463],[-83.93982343265097,39.98590393405826],[-83.9412384391236,39.9859761247827],[-83.9413199360828,39.9859802868767],[-83.94136404426158,39.985982537587255],[-83.94140143483864,39.98598444828219],[-83.94465305768941,39.986150273131464],[-83.94478466806505,39.984938006511456],[-83.94491621106704,39.9837262346154],[-83.94627375770082,39.983656280599384],[-83.9462718874084,39.98340720886456],[-83.94769990328295,39.98349766324555],[-83.94879320508602,39.98356689400491],[-83.949234917491,39.98468094686611],[-83.94899597910015,39.98473700574548],[-83.94909488091798,39.98498644775629],[-83.94933380763075,39.98493038013374],[-83.9500704899441,39.98678831886251],[-83.94921855018652,39.98672074944184],[-83.94943828529155,39.98857951288721],[-83.94944213816581,39.98863409086482],[-83.94966474877803,39.98864793322822],[-83.94988768008884,39.98866179141895],[-83.95011047665234,39.98867564134766],[-83.95033060521945,39.988689326090324],[-83.95069115214358,39.98871173731971],[-83.95260905976673,39.98883407117279],[-83.95321675209014,39.989399043110346],[-83.95328200391575,39.98950784532571],[-83.95321610530316,39.990202213479805],[-83.9527061173433,39.99016953957873],[-83.95179349908324,39.99011106664997],[-83.95170281595195,39.99093465150735],[-83.951693786985,39.99101668838302],[-83.9509325878509,39.990969130297174],[-83.95046056538992,39.990939658458906],[-83.9504594936998,39.990939588946596],[-83.95044703766007,39.990938808481566],[-83.95043458162033,39.99093803008129],[-83.95042673124307,39.99102016124172],[-83.95035338649507,39.99178949902317]]],[[[-83.94442137139785,39.98828457438818],[-83.94440843206449,39.98840377670647],[-83.94440756698687,39.988411885859335],[-83.94440337365114,39.988450540943134],[-83.94427330837777,39.98964839858503],[-83.94488390854775,39.98968432473278],[-83.94543796875374,39.9897169224699],[-83.9455046686636,39.989165961978536],[-83.94557099756923,39.988617944190324],[-83.94558276639776,39.988520721995485],[-83.94565672918667,39.98790962656964],[-83.94442137139785,39.98828457438818]]]]}},{"type":"Feature","properties":{"name":"Pleasant","kind":"township"},"geometry":{"type":"Polygon","coordinates":[[[-83.66972286997562,40.018676694230805],[-83.67325215219923,40.01891096937417],[-83.67325506813064,40.018878517661484],[-83.67338477138294,40.017447263519934],[-83.67344700037762,40.01676036179908],[-83.67406760149164,40.00990950174745],[-83.67409880267641,40.009565196754224],[-83.67457244390154,40.00433487622924],[-83.67522443035499,39.997016949482315],[-83.67587250554365,39.98974123500468],[-83.6761995875285,39.986951125025335],[-83.67671152213755,39.98258394005242],[-83.67672218513998,39.982492933112695],[-83.6767124177579,39.982495749053655],[-83.67676087557928,39.98198978778923],[-83.67679633927004,39.98161905175844],[-83.67680195823216,39.981560330593474],[-83.67686451062033,39.98090696448712],[-83.6768694163201,39.98085571328988],[-83.67694246911563,39.98009239933434],[-83.67694952448387,39.98001867356587],[-83.677014153777,39.97934284813475],[-83.67704298520603,39.97904134685428],[-83.67713611804312,39.97826658365093],[-83.67716599780609,39.978018013365606],[-83.677177599548,39.977921506448624],[-83.67720375669242,39.97767230504552],[-83.67723290432846,39.97739461149585],[-83.6772416638008,39.97730922513528],[-83.67727276437425,39.97700722337802],[-83.67733355247121,39.97641655267158],[-83.67748199458032,39.9752856445525],[-83.67757659526458,39.97460376253405],[-83.67757709652452,39.974600280579914],[-83.67782385295328,39.972886576568925],[-83.67790927644859,39.97229310276521],[-83.67791141533728,39.97227827125822],[-83.67853178468597,39.968252800480194],[-83.67854473300248,39.96816972972716],[-83.67855290677325,39.96811730959286],[-83.67855292024797,39.96811722284553],[-83.6785863169153,39.96790694500027],[-83.67861168893218,39.96774813618189],[-83.67897614442609,39.9654670097744],[-83.67897638786954,39.96546547924482],[-83.67928046399996,39.96348037143828],[-83.67948426838174,39.9621043095644],[-83.67952487223256,39.96182544697718],[-83.67981289007896,39.95984734142577],[-83.67982596505793,39.95975658582749],[-83.67982598212592,39.95975647359305],[-83.67991757075902,39.95912743661002],[-83.67997608162672,39.958714637434454],[-83.67998418263397,39.958658403658276],[-83.68014262029727,39.957558633208656],[-83.6802664198215,39.956685479678264],[-83.68033606261224,39.956194260803386],[-83.68045192192768,39.95537683471377],[-83.6805466914952,39.95470823080144],[-83.68062747878534,39.95413832667135],[-83.68077063251239,39.95312831152007],[-83.6808514135143,39.95255848718965],[-83.68099771763305,39.95152639371233],[-83.68124625092945,39.949589925348725],[-83.68131529723883,39.9490519834846],[-83.68159765120734,39.94702245846114],[-83.68167946617018,39.94643433989659],[-83.68169446623877,39.94632648767629],[-83.68174400293682,39.945971431222084],[-83.68174400563176,39.94597141882559],[-83.68174437394102,39.945968775619406],[-83.68174474404692,39.945966117950576],[-83.68174511235618,39.94596346234769],[-83.68174548066546,39.94596080467865],[-83.68174584627978,39.945958149764266],[-83.68174621458904,39.94595549416108],[-83.68174658020335,39.94595283649172],[-83.68174694581766,39.945950178822216],[-83.68174730873704,39.94594752390742],[-83.68174767165642,39.94594486623776],[-83.6817480345758,39.94594220856799],[-83.68174839749518,39.945939553652885],[-83.68174876041456,39.94593689598286],[-83.68174912063898,39.94593423831279],[-83.68174948086342,39.94593158339737],[-83.68174983839289,39.945928925727095],[-83.68175019861732,39.9459262680567],[-83.68175055614681,39.94592361107486],[-83.68175091098135,39.94592095340427],[-83.68175126940913,39.94591829642223],[-83.68175162424367,39.94591563875142],[-83.68175197907821,39.945912981769226],[-83.68175233391275,39.945910324098165],[-83.68175268695066,39.94590766711577],[-83.68175303909025,39.94590500944455],[-83.68175339122985,39.94590235246188],[-83.68175374426775,39.94589969479047],[-83.6817540937124,39.94589703574153],[-83.68175444405537,39.94589437806991],[-83.68175479349999,39.94589172108688],[-83.6817551402497,39.945889063414995],[-83.68175549059266,39.9458864043657],[-83.68175583734235,39.94588374669361],[-83.68175618229543,39.9458810876441],[-83.6817565272485,39.945878430660514],[-83.68175687130325,39.94587577092209],[-83.68175721625632,39.9458731139383],[-83.68175756031108,39.945870456954445],[-83.6817579025692,39.94586779721566],[-83.68175824482732,39.94586513816549],[-83.68175858618713,39.94586248118134],[-83.68175892575032,39.94585982213095],[-83.68175926531347,39.94585716239175],[-83.68175960487667,39.94585450540729],[-83.68175994354152,39.945851846356604],[-83.68176028040976,39.945849187305804],[-83.68176061727797,39.94584652756625],[-83.68176095414623,39.945843870581314],[-83.68176128831949,39.945841211530265],[-83.68176162518775,39.94583855247905],[-83.68176195936103,39.94583589342774],[-83.68176229083936,39.94583323368767],[-83.68176262411433,39.945830574636155],[-83.68176295559269,39.94582791558453],[-83.68176328527437,39.94582525653281],[-83.68176361675273,39.94582259748097],[-83.68176394553612,39.94581993842909],[-83.68176427701445,39.94581727937706],[-83.6817646031029,39.945814618258844],[-83.68176493188629,39.94581195920661],[-83.68176525797475,39.94580930015426],[-83.6817655840632,39.94580664110181],[-83.681765908355,39.945803982049306],[-83.68176623444346,39.94580132093059],[-83.68176655783697,39.945798661877824],[-83.68176688123047,39.94579600282496],[-83.68176720282734,39.94579334170594],[-83.68176752352589,39.94579068265286],[-83.68176784422445,39.945788021533616],[-83.68176816582132,39.94578536248034],[-83.68176848382494,39.94578270136089],[-83.6817688045235,39.94578004230741],[-83.68176912073048,39.94577738118775],[-83.68176933363118,39.94577560710791],[-83.68176933812278,39.945775556833155],[-83.68176943873408,39.9457747207567],[-83.68176975494106,39.94577206170291],[-83.68177007024973,39.94576940058294],[-83.6817703864567,39.945766741528935],[-83.68177070176537,39.94576408040877],[-83.6817710152774,39.945761419288495],[-83.68177132878944,39.94575875885681],[-83.6817716387082,39.94575609773633],[-83.68177195222023,39.94575343868182],[-83.68177226213902,39.94575077756112],[-83.6817725729561,39.945748117128986],[-83.68177288107825,39.94574545600808],[-83.6817731892004,39.94574279488708],[-83.68177349642421,39.94574013376598],[-83.68177380454635,39.94573747333348],[-83.68177411266849,39.945734812212166],[-83.6817744180957,39.94573215109075],[-83.68177472352289,39.94572949065789],[-83.68177502625514,39.94572682953626],[-83.68177533078403,39.94572416703717],[-83.68177563351628,39.94572150591529],[-83.68177593624854,39.945718844793355],[-83.68177623628583,39.94571618436003],[-83.68177653632313,39.94571352323789],[-83.68177683636046,39.945710860738224],[-83.68177713639774,39.94570819961588],[-83.68177743374012,39.945705539182136],[-83.68177773198079,39.94570287805958],[-83.68177802932314,39.945700215559505],[-83.6817783266655,39.94569755443675],[-83.68177862131292,39.94569489193646],[-83.68177891596032,39.9456922308135],[-83.68177921060774,39.94568956831306],[-83.68177950345853,39.94568690718983],[-83.68177979810595,39.94568424468919],[-83.68178008736346,39.945681581499684],[-83.68178037931592,39.9456789210649],[-83.68178066947176,39.94567625856389],[-83.68178095872928,39.94567359537413],[-83.68178124888513,39.94567093493904],[-83.68178153814264,39.94566827243772],[-83.68178182470521,39.94566560924765],[-83.6817821121661,39.94566294881219],[-83.6817823987287,39.94566028631061],[-83.68178268349463,39.94565762312018],[-83.68178296736225,39.94565496061839],[-83.6817832521282,39.94565229811646],[-83.68178353599582,39.94564963561441],[-83.68178381806685,39.94564697242361],[-83.68178409923952,39.945644309921356],[-83.68178438131052,39.94564164741906],[-83.68178466068656,39.9456389849166],[-83.68178494185925,39.945636321725374],[-83.68178521854036,39.945633659222715],[-83.68178549791641,39.94563099671995],[-83.68178577459751,39.94562833421713],[-83.68178605307526,39.945625671714154],[-83.68178632706142,39.945623009211076],[-83.68178660374254,39.94562034601923],[-83.68178687772868,39.945617681449875],[-83.68178715171486,39.945615018946484],[-83.68178742570102,39.94561235644304],[-83.68178769699223,39.94560969393945],[-83.68178796738513,39.94560702936967],[-83.68178823867635,39.945604366865865],[-83.68178850996756,39.945601704362005],[-83.68178877856383,39.94559903979192],[-83.68178904716011,39.94559637728781],[-83.68178931575638,39.94559371271752],[-83.68178958525095,39.94559105021324],[-83.68178985115227,39.945588385642736],[-83.6817901170536,39.94558572313821],[-83.68179038025998,39.94558305856749],[-83.68179064616132,39.94558039606276],[-83.68179073329789,39.945579507642904],[-83.68179090936769,39.94557773149184],[-83.68179117257405,39.945575066920824],[-83.68179143398382,39.94557240510454],[-83.68179169719019,39.9455697405333],[-83.68179195770162,39.945567075961975],[-83.68179221641641,39.945564413456616],[-83.68179247692785,39.945561748885076],[-83.68179273474435,39.94555908431344],[-83.68179299345914,39.9455564204304],[-83.68179324858068,39.94555375792462],[-83.68179350729548,39.94555109335267],[-83.68179376241702,39.945548428780604],[-83.68179401753856,39.945545764208454],[-83.68179427086348,39.94554310032489],[-83.68179452598503,39.94554043575253],[-83.68179477661498,39.94553777118005],[-83.68179502993989,39.94553510660747],[-83.6817952823665,39.9455324427235],[-83.68179553299645,39.945529778150714],[-83.68179578003316,39.945527113577825],[-83.68179603066312,39.94552444969354],[-83.68179627859814,39.94552178512045],[-83.68179652653316,39.945519120547246],[-83.68179677356987,39.94551645666265],[-83.68179702150488,39.94551379208925],[-83.68179726674495,39.945511126138314],[-83.68179751198502,39.9455084615647],[-83.68179775363184,39.94550579699098],[-83.6817979988719,39.945503133105866],[-83.68179824141703,39.94550046646586],[-83.68179848396217,39.94549780258054],[-83.68179872381235,39.945495138006414],[-83.68179896366252,39.945492472054745],[-83.68179920351271,39.94548980748041],[-83.68179944336288,39.945487143594676],[-83.68179968321306,39.94548447695405],[-83.68179992036829,39.9454818130681],[-83.68180015752354,39.94547914642722],[-83.68180039198381,39.94547648254107],[-83.68180062644412,39.94547381658873],[-83.6818008609044,39.94547115201367],[-83.681801096263,39.94546848606107],[-83.6818013307233,39.94546581941972],[-83.68180156248863,39.94546315553304],[-83.68180179425399,39.94546048958014],[-83.68180202601933,39.94545782500456],[-83.68180225598805,39.94545515905149],[-83.68180248505844,39.94545249309827],[-83.68180271412884,39.9454498264563],[-83.6818029414026,39.94544716256901],[-83.68180317047299,39.94544449661547],[-83.68180339684845,39.94544182997319],[-83.68180362142728,39.94543916401945],[-83.68180384780271,39.94543650013174],[-83.68180407238154,39.945433834177855],[-83.68180429606205,39.9454311675351],[-83.68180451794592,39.94542850158099],[-83.68180474162642,39.94542583562674],[-83.68180496351029,39.94542316967244],[-83.68180518180093,39.94542050371797],[-83.68180540368479,39.94541783707474],[-83.68180562287372,39.945415171120125],[-83.68180584116435,39.94541250516535],[-83.68180606035327,39.94540983921053],[-83.68180627684725,39.94540717325554],[-83.68180649244293,39.94540450730051],[-83.68180670893692,39.94540184134532],[-83.68180692543089,39.94539917539008],[-83.68180713922992,39.94539650943468],[-83.68180735302896,39.94539384279052],[-83.68180756592969,39.945391175457544],[-83.68180777703377,39.945388508813124],[-83.68180798813788,39.945385842857355],[-83.68180813815653,39.9453838662897],[-83.68180819115712,39.94538317552408],[-83.68174805523707,39.94537927679582],[-83.68173709668889,39.94537856399174],[-83.68075119296964,39.945314503880425],[-83.67659326701524,39.9450442849216],[-83.67330056869811,39.94483018612072],[-83.67232434073276,39.94476359656833],[-83.67056365804723,39.94464347584368],[-83.66570538214116,39.944311884661914],[-83.66544543754569,39.94429413728312],[-83.66394914881124,39.944191971135055],[-83.66210921315808,39.944066319043245],[-83.66207032149619,39.94406366405535],[-83.66203815731744,39.94406145810809],[-83.6620116956441,39.94405966056752],[-83.66195306350383,39.94405565639078],[-83.66190507729799,39.944052628120055],[-83.65926782394811,39.94388611365763],[-83.6592498675239,39.943884980722096],[-83.65532274302049,39.94363691215062],[-83.65251439384667,39.94345945431124],[-83.65247912059874,39.94345722148451],[-83.65247910263243,39.94345722148451],[-83.64718108702172,39.94312221675553],[-83.64716105728581,39.943120950883944],[-83.64412495284813,39.94292886458225],[-83.64334901864842,39.94287975370434],[-83.64222271723338,39.94280728673688],[-83.64220125198968,39.94280589344525],[-83.64220123312505,39.94280589413398],[-83.63949108148988,39.94263002647667],[-83.6383684793372,39.94255716391483],[-83.63565736919962,39.94238116200461],[-83.63565734853837,39.94238116200461],[-83.63540531001574,39.942364795717246],[-83.63540529384605,39.942364795717246],[-83.63502774810182,39.94234028037099],[-83.63474843043893,39.94232212612986],[-83.63474841337096,39.94232212406364],[-83.63474839450635,39.94232212268621],[-83.63456412578705,39.94231014841912],[-83.63408628493796,39.942279106640605],[-83.62955250027544,39.94198454617757],[-83.62523115370286,39.94170362349842],[-83.62523040450792,39.941703575975616],[-83.62388720486754,39.94161783854803],[-83.61980882383324,39.94135734859551],[-83.61953545481418,39.941339886966254],[-83.61910041240017,39.94131209491418],[-83.61802163545696,39.94124316710505],[-83.61160681182713,39.94083307971145],[-83.61157121967726,39.94083081029546],[-83.61150009466633,39.9408262666421],[-83.61142893192614,39.94082147710632],[-83.61139340535328,39.94081909266944],[-83.61101829134853,39.94079388733492],[-83.61061109221674,39.94076651863987],[-83.60934294681836,39.94068130624078],[-83.60638293327848,39.94048233731034],[-83.60460757122293,39.940389189471155],[-83.59770845773859,39.93996327214706],[-83.59768690715494,39.939961940785366],[-83.596994665397,39.939919182916434],[-83.59676545576067,39.939905023499016],[-83.59676299437679,39.93990487128422],[-83.59658230274896,39.93989370932479],[-83.59653834369054,39.93989099287579],[-83.59541835114376,39.939820672349],[-83.5951118504604,39.939802862505985],[-83.59506917958609,39.93980022594906],[-83.59248252564122,39.9396403710642],[-83.59214717735914,39.93961964015352],[-83.59163494450941,39.93958797313979],[-83.59098998557644,39.93954810093444],[-83.59081192511408,39.939537097331254],[-83.59074935386128,39.939533227197764],[-83.5902618148004,39.93950308574461],[-83.59013615845846,39.939443333832045],[-83.59013786435918,39.939495423303285],[-83.58900975194054,39.9394256568214],[-83.58776068945373,39.93934841170949],[-83.58757919113879,39.93933718491585],[-83.58625559722948,39.939253390273706],[-83.58406048567932,39.93911438433742],[-83.58320824678275,39.939060403232446],[-83.5792704161578,39.93881090588827],[-83.57780197160388,39.93871783498196],[-83.57299622917559,39.938413107412224],[-83.56998393009295,39.93822199765899],[-83.56989773853805,39.93821651985801],[-83.56938387255113,39.93818390857729],[-83.56859010589473,39.938133531085],[-83.56858909708666,39.9381336633293],[-83.56573153281168,39.93795267295781],[-83.56151443123626,39.93771719162624],[-83.56075758713465,39.93767491243238],[-83.55597438882674,39.937407598881556],[-83.55541580739991,39.93737638750543],[-83.55220297110817,39.93719671414851],[-83.55112044010536,39.9371361378157],[-83.54988410764446,39.93706696403718],[-83.54836525502668,39.9369819639981],[-83.54707260358735,39.93690961132181],[-83.54410616709319,39.93674349481445],[-83.53680464249756,39.93633433029679],[-83.53646663160896,39.93729709577855],[-83.53601323212216,39.938588490683955],[-83.53546039182831,39.94016304567171],[-83.53534259394846,39.94049854770203],[-83.53523611753614,39.94080180446676],[-83.53523611663783,39.940801818241695],[-83.53505074658402,39.94132971978199],[-83.53460601494136,39.94259631602387],[-83.53422562333431,39.94367958505039],[-83.53403027838756,39.94423589232185],[-83.53347666194932,39.9458124240759],[-83.53329444138889,39.946331306440385],[-83.53327421851522,39.946388886409814],[-83.53325399204827,39.94644644567013],[-83.53325399025164,39.94644645737788],[-83.53291771041661,39.94740401328477],[-83.53213953851352,39.94961977449975],[-83.53072498928341,39.953647125309175],[-83.5307249838935,39.953647139770105],[-83.52996146351272,39.95582072411566],[-83.52932707954729,39.957626597098596],[-83.52930369909537,39.95769312937231],[-83.52928035457609,39.957759634726855],[-83.52709728314568,39.96397326889465],[-83.52636020916684,39.96607092942449],[-83.52636020377696,39.966070941817335],[-83.5262963721878,39.96627355622931],[-83.52428156329493,39.97266776591323],[-83.52390223439485,39.97387143786396],[-83.52187285303145,39.98031041182772],[-83.5218212825476,39.980474034662585],[-83.52177195964863,39.980630494192106],[-83.52177195156379,39.98063051071235],[-83.52089339382603,39.98341764236716],[-83.51963112251129,39.987421654266846],[-83.519590474643,39.98755062471215],[-83.51948738398099,39.98787763296076],[-83.51818194592188,39.99201799998011],[-83.51489355143329,40.002445299325345],[-83.5125136869719,40.009989790202624],[-83.5124303808057,40.010253850415005],[-83.51248737172395,40.01025678630755],[-83.51474149360514,40.010372896732385],[-83.51741893398757,40.010510765650636],[-83.5272040012048,40.01101405247307],[-83.53008839905563,40.0111622599159],[-83.53454539482937,40.01139112607097],[-83.53464786565381,40.011396400544186],[-83.53475033647827,40.011401646119474],[-83.539095531525,40.01162459989888],[-83.541420453227,40.01174382271367],[-83.54331264028696,40.01183000199006],[-83.54403407100342,40.01186284716758],[-83.55239413170231,40.01224326332304],[-83.55332199437275,40.012285448249905],[-83.55352463992782,40.01229466366422],[-83.55360432498509,40.01229828474237],[-83.55533461047801,40.012376923256625],[-83.55657993866818,40.012433504318885],[-83.55710175205043,40.0124572129376],[-83.55948141888246,40.01256527869749],[-83.56063265842809,40.01261754364012],[-83.56207386426595,40.01268753404423],[-83.56217272655792,40.01269232405008],[-83.56227158884988,40.01269713951242],[-83.5624217934536,40.01270442634719],[-83.56366563942355,40.01276481946115],[-83.56587503957662,40.012872031589595],[-83.57295976027001,40.013215543131984],[-83.57796634443625,40.0134580553489],[-83.57868050418881,40.013492625968674],[-83.57985264124291,40.01354935609279],[-83.58074688715877,40.013592522006135],[-83.58248663999649,40.01367648148697],[-83.58265313644618,40.013684500261476],[-83.58282314261372,40.01369270617412],[-83.58333672652964,40.01371747939671],[-83.58639031936929,40.013864745964185],[-83.5888894082352,40.01398520878523],[-83.59095978241996,40.01408497475625],[-83.5913939453833,40.01410589499599],[-83.59146529856632,40.01410932127199],[-83.59153659425716,40.01411299110238],[-83.59897822369776,40.014494450801365],[-83.60820074252787,40.014979846435914],[-83.61161506914121,40.01515937526505],[-83.61299241194891,40.01523176141627],[-83.61545280947722,40.01536103021983],[-83.61625988197963,40.015403425809794],[-83.6241157353775,40.01581578969438],[-83.63226739321867,40.01624310514618],[-83.6323515536827,40.01624751238245],[-83.63432058083544,40.0163506475471],[-83.6354075477191,40.01640756930702],[-83.63617529197836,40.01644774687563],[-83.63640078348773,40.01645956643356],[-83.63660473249826,40.01647317061843],[-83.6366049184495,40.016473185066076],[-83.63698943601868,40.016498822762145],[-83.63698963274973,40.0164988344579],[-83.6375785871146,40.01653809901968],[-83.63812658099751,40.01657462814102],[-83.64528929522048,40.017051912861],[-83.65147580034272,40.01746377419558],[-83.65444979795663,40.01766166876916],[-83.6634757600127,40.0182617643238],[-83.66390838775521,40.018290516453845],[-83.66390840841648,40.01829051576586],[-83.66972286997562,40.018676694230805]],[[-83.62310031391631,40.003401910628654],[-83.62297110114416,40.0034138535541],[-83.62297106700818,40.00341385630656],[-83.61768365870434,40.00389397105089],[-83.61763771436914,40.003898141686555],[-83.61728039778679,40.00397558431074],[-83.61727976177956,40.00397572262076],[-83.6172630144877,40.00392419490789],[-83.61724800453763,40.00387801308569],[-83.61701345621358,40.003156345287366],[-83.61703205044165,40.003147107995794],[-83.61706343398441,40.00305356314531],[-83.61706488835686,40.00304922662141],[-83.61730251700402,40.00234062376685],[-83.61757130731009,40.00153912104715],[-83.61765779171573,40.00128125338377],[-83.61774897520866,40.00100928408642],[-83.61781934832969,40.00079953134829],[-83.61782158154149,40.000792868075045],[-83.61787284749643,40.00063994842467],[-83.61793358977933,40.000458765642236],[-83.61805689343353,40.00009114462139],[-83.61831620292007,39.99897279297168],[-83.6183805618203,39.998695221782505],[-83.61838112865723,39.998692776740796],[-83.61892282445166,39.99636298038893],[-83.61894205199201,39.99628024454325],[-83.61900404383145,39.9962530239925],[-83.61988435328401,39.99586635116023],[-83.62065520481585,39.995527716260824],[-83.62211760280958,39.99488531464147],[-83.62306313085007,39.99449225647038],[-83.623136395648,39.99446270150303],[-83.6232096981752,39.994433146522894],[-83.6233985330311,39.99435699585023],[-83.6240417438425,39.99409755397068],[-83.62409577481189,39.99423806612808],[-83.62412882203458,39.9943239695102],[-83.62429451988199,39.99473647037246],[-83.62462009808704,39.99554685425898],[-83.62472220239887,39.995800994309455],[-83.62494967828668,39.9963671803885],[-83.62506245099081,39.99664790397346],[-83.62511336031461,39.99676728094647],[-83.6255219599199,39.99779674254804],[-83.62556251077015,39.99789891049711],[-83.6257214820327,39.99845548341067],[-83.6257554652999,39.99853702334429],[-83.62578278576265,39.99860254480031],[-83.62623557888666,39.99968850429852],[-83.62687718171372,40.00127211011324],[-83.62612009596532,40.00181896871187],[-83.62413468803337,40.00325304432384],[-83.62407985397013,40.00329266194013],[-83.62405039102542,40.00331394606043],[-83.62401588583704,40.00331713134945],[-83.62330612423612,40.00338283813853],[-83.62329066243345,40.00333831706158],[-83.62310031391631,40.003401910628654]]]}},{"type":"Feature","properties":{"name":"Springfield","kind":"township"},"geometry":{"type":"MultiPolygon","coordinates":[[[[-83.78845928267215,39.90097643994381],[-83.7887565262165,39.90099298910253],[-83.78875664209919,39.90099299392658],[-83.78912097093065,39.9010133120208],[-83.78948547852686,39.901033601164904],[-83.78984980735832,39.90105391855797],[-83.79021427722529,39.90107420631173],[-83.79041006234651,39.90108511892796],[-83.79054298066922,39.90109251759117],[-83.79051544191586,39.9010183689739],[-83.79022238002915,39.90100034504862],[-83.78985811946966,39.90097796984873],[-83.78949403677657,39.90095556225162],[-83.78912977801369,39.900933157403806],[-83.78876566298128,39.90091077666876],[-83.78846704052295,39.90089243364007],[-83.78846692464028,39.90089242674857],[-83.78845928267215,39.90097643994381]]],[[[-83.78972098265838,39.90215600095781],[-83.79044621235018,39.902191863507674],[-83.79043186984836,39.902304560276995],[-83.79068073192815,39.9023319863868],[-83.7906585480322,39.90220449257869],[-83.79060907241963,39.90192035721327],[-83.78966661482075,39.90186863333696],[-83.78966649714144,39.901868625067316],[-83.78972098265838,39.90215600095781]]],[[[-83.78612959271263,39.903091274821605],[-83.78612271341419,39.90315194812426],[-83.78610968694426,39.90326679682496],[-83.7860989107541,39.90336185787617],[-83.78609550883412,39.903391860190254],[-83.78601366782017,39.90411381512132],[-83.785994663062,39.90428130771598],[-83.7861849918162,39.9042910724482],[-83.78618511039382,39.9042910779611],[-83.78636291303968,39.90430021973386],[-83.78654071568556,39.90430936081634],[-83.786718440178,39.90431850189754],[-83.78697842160437,39.90433186723797],[-83.78697853658875,39.90433187206178],[-83.787274058961,39.904347049765434],[-83.78741632335593,39.904354355735336],[-83.78742980886497,39.90435505862995],[-83.78760765193505,39.90436419832687],[-83.78778533959655,39.90437333250962],[-83.7879220110805,39.90282563450123],[-83.7878343373054,39.90282129782008],[-83.78774425155378,39.902816880510684],[-83.78756642285676,39.902808098264764],[-83.7875529014151,39.90280745048452],[-83.7875085506912,39.90280524665328],[-83.78741064420672,39.902800418622576],[-83.78720134572865,39.90279011615797],[-83.78711503649448,39.90278584769825],[-83.78702344336979,39.9027813352869],[-83.78685503440684,39.90277302577843],[-83.78684554370587,39.90277255372557],[-83.78667717157384,39.902764269713806],[-83.78666764404194,39.90276379903911],[-83.7865881844618,39.902759864805034],[-83.78616963062484,39.90273923229693],[-83.78616951474217,39.90273922816214],[-83.78612959271263,39.903091274821605]]],[[[-83.78796888696866,39.90438276921141],[-83.78815240110309,39.90439219626432],[-83.78815251698578,39.9043922017772],[-83.78833039419182,39.90440133802359],[-83.78850816539666,39.904410477025195],[-83.78869389028502,39.904420020534154],[-83.78887951007049,39.904429539233796],[-83.78906523585715,39.90443908274008],[-83.789250853846,39.904448627623296],[-83.78943657873437,39.90445817043785],[-83.78962305641093,39.90446773323529],[-83.78981142593949,39.9044774124912],[-83.78998922948367,39.90448654734798],[-83.79016707075711,39.904495682892666],[-83.7903448743013,39.90450481705794],[-83.79087836308727,39.904532219546354],[-83.79092103845316,39.904534412296236],[-83.79106539951596,39.90454182436919],[-83.79102461779868,39.90430756636645],[-83.790941335887,39.90430329455574],[-83.79089862458851,39.90430110179846],[-83.7903651744301,39.90427375365749],[-83.79018733405498,39.90426464564776],[-83.79000953140908,39.90425553832593],[-83.78983172876323,39.90424640343834],[-83.789643325997,39.90423675240342],[-83.78945688784631,39.90422718888467],[-83.7892710892961,39.904217674291615],[-83.78908550723986,39.90420815762987],[-83.78889974552057,39.90419864096685],[-83.78871416526098,39.904189121546004],[-83.78852840264338,39.90417960556947],[-83.78835066916778,39.904170465847926],[-83.78817279465669,39.9041613564462],[-83.78823871303224,39.90341501468782],[-83.78823882801659,39.90341501882258],[-83.79001959703186,39.9035106612862],[-83.79000122378936,39.90377895963609],[-83.79094165658556,39.90383089845324],[-83.79089409079127,39.90355761796639],[-83.79077777513166,39.90288946699793],[-83.79070579402624,39.902476021866875],[-83.79069418150458,39.902409242256866],[-83.79041928894279,39.90238530801085],[-83.78937372002068,39.902343135864285],[-83.78924737197596,39.902338050754544],[-83.78922280844283,39.90263545633764],[-83.78922264854272,39.90263600419571],[-83.78916994169005,39.90281496542434],[-83.78829558447455,39.902774448828346],[-83.78829546769357,39.90277444607184],[-83.78828915882532,39.90284372548084],[-83.78806852181177,39.902832843466356],[-83.78806840413247,39.90283283795335],[-83.78796888696866,39.90438276921141]]],[[[-83.76776210930582,39.935542947305585],[-83.76776222788344,39.93554291906488],[-83.76812604287856,39.93545593683443],[-83.76814256648989,39.93511636474186],[-83.76778338590331,39.9351075129354],[-83.76778326912233,39.93510751086901],[-83.76776210930582,39.935542947305585]]],[[[-83.76819538832692,39.935616920790515],[-83.76802784264497,39.93565639096227],[-83.76802780850899,39.93565639922783],[-83.7680311017328,39.9356567140083],[-83.76803435992235,39.93565703774309],[-83.76803761811189,39.93565735734507],[-83.76804087809806,39.935657677635916],[-83.76804413538926,39.9356579972379],[-83.76804739537543,39.935658314773555],[-83.7680506553616,39.93565863162034],[-83.76805391534776,39.93565894708957],[-83.7680571735373,39.935659261869986],[-83.76806043262516,39.93565957527283],[-83.76806369350963,39.93565988867563],[-83.76806695529243,39.93566019932328],[-83.76807021438029,39.935660510659694],[-83.76807347436646,39.93566082130735],[-83.76807673614924,39.935661128510965],[-83.76807999613541,39.935661437092236],[-83.7680832579182,39.93566174222946],[-83.768086519701,39.93566204943311],[-83.76808977968717,39.93566235319273],[-83.76809304146997,39.93566265833],[-83.76809402153195,39.935662747873636],[-83.76809412843147,39.93566275889443],[-83.76809630325276,39.93566295864567],[-83.76809956503557,39.93566326102771],[-83.76810282681836,39.935663559965754],[-83.76810608949947,39.935663860281416],[-83.76810935128226,39.9356641592195],[-83.76811261306506,39.93566445471354],[-83.7681158775428,39.935664751585215],[-83.7681191393256,39.9356650470793],[-83.76812240470164,39.935665342573344],[-83.76812566648447,39.935665635312255],[-83.76812893006388,39.9356659280511],[-83.76813219184668,39.93566621872358],[-83.7681354554261,39.93566650732968],[-83.76813872080217,39.93566679800216],[-83.76814198168664,39.93566708591945],[-83.76814524616438,39.935667372459164],[-83.76814851154045,39.93566765899883],[-83.76815177511988,39.93566794416093],[-83.76815503959763,39.93566822725666],[-83.76815830587198,39.935668512418765],[-83.76816041242132,39.935668692194874],[-83.7681604806933,39.93566869977162],[-83.76816157034973,39.93566879207048],[-83.76816483392916,39.935669073099774],[-83.76816809840689,39.93566935412907],[-83.76817136468128,39.93566963309199],[-83.76817463005735,39.93566991067733],[-83.76817789633171,39.93567018688506],[-83.76818116350441,39.93567046378155],[-83.76818442708381,39.935670738611705],[-83.76818769425651,39.93567101137543],[-83.76819095963256,39.93567128413917],[-83.76819422680525,39.935671556902896],[-83.768197491283,39.9356718276002],[-83.76820075755738,39.935672096231166],[-83.76820402383174,39.93567236486209],[-83.76820729369938,39.93567263280426],[-83.76821055997375,39.935672900746376],[-83.76821382624813,39.935673165244545],[-83.76821709342082,39.935673429742714],[-83.76822035879687,39.93567369286326],[-83.7682236286645,39.93567395460625],[-83.76822689493888,39.935674217037985],[-83.76823041094491,39.93567449531207],[-83.76823392245934,39.935674775652586],[-83.76823743577042,39.935675051860294],[-83.76824095087814,39.93567533013437],[-83.76824446598584,39.935675604964466],[-83.7682479792969,39.93567587841699],[-83.76825149440461,39.93567614980313],[-83.76825500951233,39.93567642325559],[-83.76825852462004,39.93567669326412],[-83.76826203972774,39.93567696327265],[-83.76826555393713,39.93567723052598],[-83.76826906904483,39.935677497090516],[-83.76827258415254,39.93567776296628],[-83.76827609926025,39.935678026775626],[-83.76827961436796,39.93567829058492],[-83.76828312947568,39.93567855232787],[-83.76828664638,39.93567881407084],[-83.76829016148771,39.93567907512499],[-83.76829367839204,39.93567933273515],[-83.76829719349976,39.93567959034531],[-83.76830071220071,39.93567984657785],[-83.76830423000338,39.935680100744015],[-83.76830774511107,39.935680354221425],[-83.7683112611171,39.935680606321206],[-83.76831477891976,39.93568085842094],[-83.7683182958241,39.935681108454354],[-83.76832181272843,39.93568135848776],[-83.7683253314294,39.93568160645474],[-83.76832884833372,39.93568185166653],[-83.76833236793303,39.93568209756714],[-83.76833588483736,39.93568234140131],[-83.7683394017417,39.93568258523554],[-83.76834292223928,39.935682827692155],[-83.76834643914363,39.935683067393576],[-83.76834995874292,39.935683307783805],[-83.76835347744388,39.93568354472999],[-83.76835699614485,39.93568378236504],[-83.76836051484581,39.93568401862247],[-83.76836403354677,39.93568425419109],[-83.76836755224775,39.93568448769333],[-83.76837107184704,39.935684720506806],[-83.76837459234461,39.93568495125381],[-83.76837811194393,39.9356851806233],[-83.7683816315432,39.93568540861517],[-83.76838515024417,39.935685637295805],[-83.76838866984346,39.93568586459886],[-83.76839218944274,39.93568608776917],[-83.76839571263528,39.93568631369461],[-83.76839923133625,39.93568653479849],[-83.76840275003721,39.935686757279996],[-83.76840627322976,39.93568697907268],[-83.76840979193072,39.935687196732566],[-83.76841331422496,39.93568741577007],[-83.76841683651918,39.93568763136353],[-83.76842035522014,39.935687847645845],[-83.76842387751438,39.935688063239354],[-83.7684273989103,39.935688276766484],[-83.76843092120453,39.93568848822719],[-83.76843443990549,39.93568869968789],[-83.76843796219971,39.935688909082224],[-83.76844148449396,39.93568911709894],[-83.76844500499155,39.93568932373808],[-83.76844853087904,39.935689531754846],[-83.76845205227495,39.93568973494999],[-83.76845557456917,39.93568993952271],[-83.7684590959651,39.93569014271787],[-83.76846261736101,39.93569034384663],[-83.76846614235018,39.9356905442866],[-83.76846966284778,39.935690742660135],[-83.76847318783695,39.93569094034492],[-83.76847670923287,39.935691138718504],[-83.76848023332373,39.935691333648045],[-83.76848375471964,39.93569152720002],[-83.7684872788105,39.935691720752054],[-83.7684908037997,39.935691913615216],[-83.76849432789054,39.935692103723206],[-83.76849784928646,39.935692292453616],[-83.76850137337732,39.93569248187279],[-83.76850489656985,39.93569266922564],[-83.76850842066072,39.93569285451206],[-83.76851194475158,39.935693041176044],[-83.76851546884244,39.935693223018475],[-83.7685189929333,39.935693404860906],[-83.76852251971911,39.93569358670333],[-83.76852604380996,39.935693767168196],[-83.76852956790081,39.93569394556663],[-83.7685330937883,39.93569412258744],[-83.76853661787918,39.93569429960831],[-83.76854014197004,39.935694475251566],[-83.76854366785753,39.93569464882843],[-83.76854719284668,39.93569482102768],[-83.76855071873418,39.93569499322694],[-83.76855424282505,39.93569516404863],[-83.76855776871254,39.93569533418151],[-83.7685612928034,39.93569550155917],[-83.76856481869088,39.935695668248044],[-83.76856834457837,39.93569583287056],[-83.76857187136417,39.93569599818188],[-83.76857539725167,39.93569616211558],[-83.76857892313916,39.93569632467167],[-83.76858244902665,39.93569648378375],[-83.76858597491415,39.93569664565108],[-83.76858950259826,39.935696802007996],[-83.76859302848575,39.935696961808944],[-83.76859655437323,39.93569711678828],[-83.76860008026074,39.93569727245638],[-83.76860360614823,39.93569742536935],[-83.76860713203573,39.9356975775935],[-83.76861066151646,39.935697729817605],[-83.76861418740395,39.93569788066419],[-83.76861771329143,39.93569803013311],[-83.76862124187387,39.9356981768469],[-83.76862476776137,39.93569832356069],[-83.7686282963438,39.93569846820805],[-83.7686318222313,39.935698614233026],[-83.76863535081374,39.93569875681401],[-83.7686388767012,39.93569889801738],[-83.76864240438535,39.93569903922081],[-83.76864593296779,39.935699178357794],[-83.76864945885526,39.93569931680598],[-83.7686529865394,39.935699453876595],[-83.76865651602013,39.935699588880794],[-83.76866004370426,39.93569972388503],[-83.76866357138839,39.93569985751166],[-83.76866710086912,39.935699989760664],[-83.76867062855325,39.93570012132091],[-83.76867415623737,39.935700252192305],[-83.76867768571812,39.93570038030856],[-83.76868121340225,39.93570050842481],[-83.76868474108637,39.93570063516345],[-83.7686882696688,39.93570075983572],[-83.76869179825123,39.935700883130366],[-83.76869532683367,39.935701005736256],[-83.76869885721274,39.935701129030896],[-83.76870238399854,39.935701247503985],[-83.76870591258098,39.935701365977074],[-83.76870944116341,39.935701485827785],[-83.76871297154248,39.935701602234445],[-83.76871649922661,39.935701717263534],[-83.76872003050399,39.93570183229264],[-83.76872355818811,39.93570194594417],[-83.76872708946549,39.93570205752927],[-83.76873061625129,39.93570216773681],[-83.76873414752868,39.935702280010716],[-83.7687376752128,39.93570238677421],[-83.76874120469355,39.93570249491537],[-83.76874473597094,39.93570260030129],[-83.76874826275674,39.93570270362084],[-83.76875179403412,39.93570280900677],[-83.7687553253115,39.93570291163752],[-83.7687588520973,39.9357030128907],[-83.76876238337468,39.93570311345506],[-83.76876591285544,39.935703211953005],[-83.7687694432345,39.935703309073375],[-83.76877297271525,39.93570340619375],[-83.76877650309433,39.93570350193656],[-83.76878003257508,39.93570359561295],[-83.76878356385247,39.93570368997809],[-83.76878709423151,39.93570378021053],[-83.76879062371228,39.93570387113173],[-83.76879415409134,39.935703959986505],[-83.76879768357209,39.93570404815252],[-83.76880121395115,39.93570413562973],[-83.76880474522854,39.935704221729374],[-83.76880827650594,39.93570430576259],[-83.768811806885,39.93570438979586],[-83.76881533816237,39.9357044717627],[-83.76881886674481,39.93570455304073],[-83.76882239981882,39.935704632941146],[-83.76882593019789,39.93570471146405],[-83.76882946057695,39.935704785165285],[-83.76883750499033,39.93546561928787],[-83.76883750588864,39.935465593113506],[-83.76819538832692,39.935616920790515]]],[[[-83.85695083384317,39.939737879061944],[-83.85692240665601,39.93981308432881],[-83.85689248646884,39.93988454750783],[-83.85687156380757,39.93993082148979],[-83.85684396935866,39.93998803698506],[-83.8568194094188,39.9400358647247],[-83.85679016925629,39.94008955647278],[-83.85675597668164,39.940148515756036],[-83.85672273542286,39.940202446412556],[-83.85643816081895,39.94065078028366],[-83.85592152802096,39.9414647217108],[-83.85581909851899,39.94162610339688],[-83.85589963428085,39.941656353424015],[-83.85589961272129,39.94165638923839],[-83.855889092551,39.941672957495086],[-83.85587007162317,39.94170172878405],[-83.85579399958998,39.94181676629612],[-83.85568197787741,39.94198616676811],[-83.85577879290884,39.94199106159862],[-83.85636960498972,39.942020927839884],[-83.85673147872552,39.94203921990759],[-83.85673161526945,39.94203922679493],[-83.85696011613501,39.94205077547236],[-83.85722108211493,39.942063964709774],[-83.857221196201,39.94206397021968],[-83.85860527727161,39.94213391514819],[-83.85860538057787,39.94213391859186],[-83.86111275101237,39.942260588044554],[-83.86278561978563,39.942345544335495],[-83.86325424391988,39.942369338579695],[-83.86379170775099,39.94239721973721],[-83.8672521682441,39.94257666249024],[-83.87113332595439,39.94277778379733],[-83.87315613524318,39.94286729742748],[-83.87632214505412,39.94302946026123],[-83.87866363707985,39.943149340012035],[-83.87901454508096,39.94316729017199],[-83.87910134210036,39.943171732427814],[-83.87918814181467,39.9431761767495],[-83.8804996947059,39.94324330504931],[-83.88113474342467,39.94327577686342],[-83.8811919930577,39.94327872045588],[-83.88195321734464,39.94331766346977],[-83.88381934248156,39.94341312210827],[-83.88511936998769,39.943479594515395],[-83.89053799251015,39.94375650501993],[-83.89213503179529,39.943838100590035],[-83.89295354973274,39.94387989180949],[-83.8930247133712,39.94388352064704],[-83.89306263305599,39.9434727823983],[-83.89307198182316,39.9433714752348],[-83.89310052129973,39.94306204788228],[-83.89312276897606,39.9428209062818],[-83.89314497083829,39.94258009648699],[-83.89317345641595,39.942271631156174],[-83.89322270655141,39.94173754307812],[-83.89327161442876,39.94120757501577],[-83.89334211511057,39.940443543518775],[-83.89335623123694,39.94029034346996],[-83.89338366039583,39.9399931723336],[-83.89339411768405,39.939879604313745],[-83.89342156930081,39.93958243277114],[-83.89343800847053,39.939403865844405],[-83.89347480795614,39.93900508381691],[-83.89348230799044,39.93892367258233],[-83.89352660840866,39.93844348146074],[-83.8935578958317,39.93810417628269],[-83.89357131666203,39.93795880924814],[-83.89357661312894,39.93790147703077],[-83.89360893810614,39.93755103919634],[-83.89363601063386,39.937257717472185],[-83.89364488419223,39.93716124462411],[-83.89365997678733,39.93699792863434],[-83.89367512058638,39.9368336231587],[-83.89368657410625,39.93670941709339],[-83.89369153999314,39.93665563039565],[-83.89370628943179,39.93649561043234],[-83.8937102743584,39.936452375821624],[-83.89374361443186,39.93609091952137],[-83.89377698684466,39.9357294613121],[-83.8937820784957,39.9356739428967],[-83.8938103260198,39.93536800601536],[-83.89381999458719,39.9352631209275],[-83.89384366699156,39.93500654743197],[-83.89385786935621,39.93485229993628],[-83.89389952603256,39.934400720975844],[-83.89394118450555,39.93394913834708],[-83.89398304779442,39.933495248638515],[-83.89402470357247,39.93304361939482],[-83.89402851781915,39.93300252209125],[-83.89407321349613,39.932517711464875],[-83.89411413624889,39.932073962226156],[-83.89412718248175,39.93193265890805],[-83.89416141817556,39.931561475067994],[-83.89428661547838,39.93020417253199],[-83.89435834505551,39.92942614867735],[-83.89436341514697,39.92937134363063],[-83.8943682723377,39.92931654060661],[-83.89443641673853,39.92854660225233],[-83.89463023185434,39.926356541065374],[-83.89467081684055,39.925898050853654],[-83.8947936928967,39.92450961305129],[-83.89485869229571,39.92377526383168],[-83.89486874624038,39.92366153456088],[-83.89487865465796,39.92354931796793],[-83.89494333425672,39.92281860011479],[-83.89518720080524,39.92006274302524],[-83.89552704066372,39.91622199994684],[-83.89553861096459,39.916091423934276],[-83.89566668018138,39.91464366826882],[-83.89568847331017,39.91439719005407],[-83.89569429708817,39.914326779946265],[-83.89571820664777,39.91403832650058],[-83.89574114333193,39.91376177186682],[-83.89578912863944,39.91318271889419],[-83.89591819229126,39.91162504692479],[-83.89592284556444,39.911569119652874],[-83.89592746110836,39.91151319233525],[-83.89601923659106,39.910405489644674],[-83.89604750926799,39.9100645426579],[-83.89624419719607,39.90769064106817],[-83.89619129630732,39.90762685163303],[-83.8961375051881,39.90756199061884],[-83.89602129732631,39.9074218653432],[-83.89611158250395,39.9073658037139],[-83.89612474911107,39.90735763119976],[-83.8961608209613,39.90733560261708],[-83.89558210110243,39.90737889765069],[-83.8949269058668,39.90742790652074],[-83.8927513407589,39.90781013067856],[-83.89194248150743,39.907871209803226],[-83.89161932965193,39.90786664742415],[-83.8910140448135,39.90803529193621],[-83.89100722210891,39.90803719171698],[-83.89000233698769,39.90831716176826],[-83.88939308339232,39.908486900104805],[-83.88885745661597,39.90863612236296],[-83.88810557301137,39.90884558740179],[-83.88741097676906,39.90903908891608],[-83.8867307886056,39.9092249729774],[-83.8867684163379,39.90888476017259],[-83.88621244182205,39.908999515886386],[-83.88578814415716,39.909102730954544],[-83.88537728708556,39.909234314609236],[-83.88498307579616,39.909393246875645],[-83.88460829776132,39.90957844849572],[-83.88438246040056,39.90971191305543],[-83.88426101805562,39.90978651324409],[-83.88421250633532,39.90982025570464],[-83.88420355103025,39.90989989002311],[-83.88387226762484,39.910072472990876],[-83.88373105785207,39.910229682057576],[-83.88312273401303,39.910906916803306],[-83.88312464472963,39.910943123429995],[-83.88258019649719,39.911505142276],[-83.88191873461413,39.91246961642462],[-83.88156701633261,39.91285393809939],[-83.88144422561643,39.91288990460465],[-83.88097215554474,39.913028181754285],[-83.87994311203059,39.91335926028947],[-83.87994567672074,39.91454868970585],[-83.88005287987009,39.9147606494758],[-83.88013045837803,39.914726200459654],[-83.88030855117975,39.91496401048867],[-83.88018378327162,39.915019414789796],[-83.88041364149157,39.91547387484967],[-83.88063878804786,39.915394874002736],[-83.88059312578366,39.91564459794555],[-83.88037182401678,39.91620674563992],[-83.87986266699858,39.91690682181308],[-83.87934513678363,39.91720366532737],[-83.87871219820748,39.917524654926844],[-83.878163122753,39.91768761088184],[-83.87758517724191,39.917851176193324],[-83.87712929032004,39.918326573921775],[-83.87667153220745,39.91868997115224],[-83.8758957776708,39.91914660464874],[-83.87561807787377,39.91929400411541],[-83.87537813606474,39.91942146680847],[-83.87500380539092,39.919604867933124],[-83.87480801757474,39.91976558327141],[-83.87459731862316,39.91998330722951],[-83.87423647345838,39.92023601069582],[-83.8738548709223,39.92053892596003],[-83.87336791756299,39.920942187628455],[-83.87268771502649,39.921364461014726],[-83.87196534646884,39.92183691601802],[-83.87145534772924,39.922157524276564],[-83.87087654792032,39.92228042917653],[-83.87029743909095,39.92236984285383],[-83.86995371761209,39.92240708232838],[-83.86995228659585,39.92240664210159],[-83.86994756055914,39.922407153977154],[-83.86968781898294,39.92232727171771],[-83.86948675536111,39.922271351118255],[-83.86933108720383,39.92240556323599],[-83.86933102252513,39.922405518455456],[-83.86933097042285,39.922405564613825],[-83.86927962721279,39.92237025827933],[-83.86923995760984,39.92240456153059],[-83.86900486670335,39.922560814303715],[-83.86844869186318,39.922949197057676],[-83.86779156974127,39.923394911691766],[-83.86720536332282,39.92361890360303],[-83.86628861460908,39.92371570141856],[-83.86595530280776,39.92381994766352],[-83.86566235500709,39.92397940203908],[-83.86555794292329,39.92402686412988],[-83.86541731525881,39.92414917596461],[-83.86541719937614,39.92414918009806],[-83.86446789841145,39.92419354747493],[-83.86446445157569,39.92423022931635],[-83.86441405069837,39.924234229141796],[-83.86247743206614,39.92438790396858],[-83.86247732247168,39.92439837679051],[-83.86192751938182,39.92444498365326],[-83.86087407942118,39.924534253966364],[-83.86027761514052,39.92467251793866],[-83.85863829484988,39.92503789033651],[-83.85863818705204,39.92503788826982],[-83.85803210001805,39.92501733687338],[-83.85803198413538,39.92501733618447],[-83.85795091657089,39.924250404802976],[-83.85630199418819,39.92320450610711],[-83.85617901482578,39.923124360231256],[-83.85594389876647,39.92284717678586],[-83.85571406929262,39.92204018712463],[-83.85560762072808,39.92158256225025],[-83.8556000344555,39.92127571636532],[-83.85465993852752,39.92161789241482],[-83.85472289695421,39.92190461915399],[-83.85472278376648,39.92190466049012],[-83.85472278017322,39.92190462053184],[-83.85398139967091,39.92217447341134],[-83.85134415799915,39.923134297952956],[-83.85113570393747,39.92321015320668],[-83.85113560781774,39.92321018903065],[-83.851002375983,39.92294898831331],[-83.85095307194862,39.922896394355725],[-83.85016190052508,39.922052379885834],[-83.85002386180525,39.92190513516689],[-83.84829891050848,39.92090794220493],[-83.84769051570254,39.92034063151673],[-83.84756355680342,39.91924691216162],[-83.84828158290497,39.918727310461534],[-83.84814031204678,39.91868228433383],[-83.84786192054695,39.91859354378693],[-83.84707222595372,39.91834185944919],[-83.84707211276599,39.91834182293369],[-83.84704547502288,39.91866557685159],[-83.84700356502161,39.91917463305958],[-83.8466777891872,39.9231330675356],[-83.84667282419862,39.92319335933599],[-83.8490080370005,39.92330464095658],[-83.84886202663085,39.923500156669924],[-83.84890397975127,39.923591182202365],[-83.8488391833715,39.92361476940244],[-83.84886218653098,39.92366466500489],[-83.8488622871423,39.9236646278033],[-83.84886230241365,39.92366466362707],[-83.84726331198772,39.924252130528096],[-83.84685382574523,39.924402576390285],[-83.84656466254683,39.924508811849385],[-83.84655825755887,39.9245866386153],[-83.8465337263651,39.92488481838349],[-83.84653360688915,39.92488486247348],[-83.8465005551749,39.92528638662566],[-83.84649862469536,39.92530999115322],[-83.84645725727651,39.92581253404934],[-83.84644472308337,39.92596444796238],[-83.84644484166098,39.925964430740024],[-83.84738557718944,39.92581217651205],[-83.84738569397044,39.92581216617859],[-83.84736343731097,39.92624183234436],[-83.84792495353382,39.926207002635024],[-83.84792507121311,39.926207003323924],[-83.84868068462278,39.92621036718611],[-83.84868080050545,39.926210363741646],[-83.85208035342563,39.92600869085079],[-83.8520804693083,39.92600868533965],[-83.85297825728135,39.92639986127587],[-83.85306309956668,39.92693342908105],[-83.85307260553903,39.926993143005014],[-83.85325931947249,39.92816721142001],[-83.8532149750368,39.929616999182876],[-83.85391212968105,39.9293670616724],[-83.85438404434419,39.929226398230085],[-83.8544301000705,39.929212659561735],[-83.85466587728986,39.92914237008317],[-83.85507155826879,39.929021440075445],[-83.85576066131313,39.92886008170714],[-83.85580772494919,39.92885050371573],[-83.85794866898604,39.92841474846504],[-83.85794878307209,39.92841473675425],[-83.85804199585922,39.92869469928348],[-83.85808357078889,39.92881950887443],[-83.85810850981781,39.928910007930114],[-83.85813351622036,39.92902074432261],[-83.85814987633833,39.92911349569526],[-83.85816202425592,39.92920552157025],[-83.8581700102788,39.92929533469845],[-83.85817338255437,39.92935950555846],[-83.8581748072824,39.92942114410819],[-83.85817339692741,39.929518898123064],[-83.85816834210732,39.9296062089067],[-83.85816000574147,39.929690756571624],[-83.85814413071378,39.92980055554526],[-83.85812217049835,39.92991153986271],[-83.85810462280757,39.92998383242936],[-83.85806528647959,39.930117490745175],[-83.85802764617087,39.93022327991503],[-83.85797362598127,39.930352354149996],[-83.85792978460215,39.930446177635424],[-83.85788378726633,39.93054406795625],[-83.85760409051441,39.93113945469368],[-83.857252965121,39.93188683001612],[-83.85722144233937,39.93195855909641],[-83.8571930385084,39.93203344227206],[-83.85715972089282,39.932141947304025],[-83.8571371085005,39.932241007591536],[-83.85712214885606,39.932336490637056],[-83.85711488238373,39.93241359556519],[-83.85711177331454,39.93250595039683],[-83.85711267252813,39.932557211665895],[-83.85711664667494,39.93262389851188],[-83.8571278055474,39.93271878174378],[-83.85715108089641,39.93283778683975],[-83.85722604890013,39.933150611548506],[-83.85720884975571,39.93315457365639],[-83.85748840996371,39.934320972563754],[-83.85749982575435,39.93436866650205],[-83.85756342018824,39.93463401642248],[-83.8576284627064,39.934905348963504],[-83.85762834772204,39.93490535034114],[-83.85676733857335,39.93492458797353],[-83.85676722897888,39.9349245927952],[-83.85675951065396,39.935226623397504],[-83.85675416298308,39.93543628469395],[-83.85675080957212,39.935567693079385],[-83.85676187861306,39.935995912159825],[-83.85760391713957,39.93607770571371],[-83.85760403481888,39.93607771673438],[-83.85750748029888,39.93672198400834],[-83.85750814864544,39.93672207561698],[-83.85750949072848,39.93671340448032],[-83.85750960481452,39.936713414812154],[-83.85784098433969,39.93676836964596],[-83.8578414793114,39.936768472963905],[-83.85784346099491,39.936768874526265],[-83.85793627762502,39.93678897261746],[-83.85793736907809,39.93678922402436],[-83.85794029219603,39.93678990110101],[-83.85803226530807,39.936812512565524],[-83.85803540941156,39.93681333704213],[-83.85803602026596,39.93681349752923],[-83.85812605571194,39.936838327564246],[-83.85812916208619,39.936839231250886],[-83.858130930869,39.93683974715122],[-83.85821923256647,39.9368668150401],[-83.8582216921537,39.93686760507677],[-83.85822473295094,39.9368685865958],[-83.8582277737482,39.9368695701811],[-83.85823081185049,39.93687055858792],[-83.85823384725782,39.93687154837232],[-83.85823688266517,39.936872540222986],[-83.8582399171742,39.93687353414008],[-83.85824294719166,39.93687453150105],[-83.85824597810742,39.93687553161713],[-83.85824900812489,39.936876535177134],[-83.8582520363457,39.93687754149226],[-83.85825506007495,39.93687854918491],[-83.85825808649913,39.936879558943936],[-83.85826110933007,39.936880573524476],[-83.85826413126269,39.936881589482496],[-83.85826715139866,39.93688260750693],[-83.85827016973802,39.93688363035278],[-83.85827318717907,39.93688465319867],[-83.85827620282346,39.93688568086601],[-83.85827921487463,39.93688671059968],[-83.85828222692577,39.93688774308852],[-83.85828523897692,39.93688877695489],[-83.85828824653649,39.93688981495391],[-83.85829125409605,39.93689085364178],[-83.85829426165563,39.93689189646229],[-83.85829726741858,39.936892942726736],[-83.85830026958826,39.936893991057495],[-83.85830327085961,39.93689504214337],[-83.85830627213097,39.93689609460682],[-83.85830926801245,39.9368971505142],[-83.85831226569057,39.93689820986543],[-83.85831526157205,39.93689926990545],[-83.85831825655518,39.93690033545578],[-83.85832124614845,39.93690140238362],[-83.85832423753835,39.936902471377785],[-83.85832722443666,39.93690354174954],[-83.85833021223331,39.9369046169428],[-83.85833319913162,39.93690569351357],[-83.85833618153838,39.93690677421701],[-83.85833916753838,39.93690785492048],[-83.85834214635184,39.93690893975661],[-83.85834512606365,39.93691003010299],[-83.8583481030805,39.93691111838303],[-83.85835108009735,39.93691221148456],[-83.85835405262263,39.936913306652364],[-83.85835702604622,39.93691440664172],[-83.85835999587654,39.93691550663102],[-83.85836296570687,39.936916610064216],[-83.85836593463888,39.93691771625254],[-83.85836889907932,39.93691882450718],[-83.85837186351976,39.93691993620579],[-83.85837482796019,39.93692104928187],[-83.85837778701075,39.93692216511312],[-83.85838074965456,39.936923285077064],[-83.85838370601014,39.93692440641854],[-83.85838666326407,39.93692553120393],[-83.85838961692474,39.9369266573669],[-83.85839256878874,39.936927786973726],[-83.85839552155109,39.93692892140205],[-83.85839846982184,39.936930054452766],[-83.85840141629598,39.93693119163619],[-83.85840436277012,39.936932332263524],[-83.85840730654928,39.936933473579586],[-83.85841025032848,39.93693461971714],[-83.85841319320936,39.936935767921035],[-83.85841613249698,39.936936918191286],[-83.85841906819132,39.93693806983906],[-83.85842200478398,39.93693922493075],[-83.85842493868171,39.936940383466336],[-83.85842786988447,39.93694154613459],[-83.85843080198556,39.936942707425274],[-83.85843373049339,39.93694387422621],[-83.85843665720458,39.93694504171592],[-83.85843958301744,39.93694621402713],[-83.8584425070337,39.93694738633828],[-83.85844542835501,39.93694856278213],[-83.85844834967631,39.936949743358625],[-83.85845126560773,39.93695092393516],[-83.8584541851324,39.93695210795555],[-83.85845709747055,39.936953294731104],[-83.85846001160533,39.93695448288417],[-83.85846292214686,39.936955675169955],[-83.85846582999342,39.93695686883325],[-83.85846873963662,39.93695806387411],[-83.85847164568658,39.93695926580276],[-83.85847454814326,39.936960465665116],[-83.85847745239658,39.93696167103765],[-83.85848035305662,39.93696287778777],[-83.85848325192005,39.936964087981785],[-83.85848614898684,39.93696529886452],[-83.8584890433587,39.93696651388002],[-83.8584919359339,39.93696773302811],[-83.85849482940743,39.93696895217624],[-83.85849771749106,39.93697017270193],[-83.85850060557472,39.93697140011541],[-83.85850349006508,39.936972626840074],[-83.8585063763521,39.936973856319895],[-83.85850925994416,39.93697508993237],[-83.85851213994296,39.93697632423361],[-83.85851501814513,39.93697756197871],[-83.85851789634731,39.93697880041263],[-83.85852076826126,39.93698004435675],[-83.8585236446668,39.93698128967848],[-83.85852651478413,39.936982536377684],[-83.85852938490146,39.93698378789843],[-83.85853225322217,39.93698504079664],[-83.8585351179496,39.93698629507247],[-83.85853798088041,39.936987554858504],[-83.85854084381124,39.93698881395576],[-83.8585437040471,39.93699007787446],[-83.85854656158801,39.93699134385947],[-83.85854941912893,39.936992611222045],[-83.85855132535397,39.93699346049272],[-83.85869037647512,39.937059504514146],[-83.8586921973602,39.93706042679503],[-83.85869508005393,39.937061885638094],[-83.8586979627477,39.93706334379234],[-83.85870084723807,39.93706480194655],[-83.8587037299318,39.937066261478265],[-83.85870661352386,39.937067718254866],[-83.85870949891256,39.93706917434261],[-83.85871238609788,39.93707063180795],[-83.85871527058826,39.93707208514049],[-83.8587181586719,39.937073539850594],[-83.85872104585722,39.93707499456072],[-83.85872393304254,39.93707644720437],[-83.85872682022787,39.93707789984805],[-83.85872971100646,39.937079353180486],[-83.85873259729345,39.937080803068966],[-83.85873548807206,39.937082255712504],[-83.85873838154556,39.93708370422339],[-83.85874127052755,39.93708515480053],[-83.85874416310274,39.9370866033113],[-83.85874705388133,39.937088051822045],[-83.8587499446599,39.9370895003328],[-83.85875283813344,39.93709094677716],[-83.85875573340361,39.93709239322142],[-83.85875862597884,39.93709383966571],[-83.85876045584705,39.93709475230316],[-83.85876055645838,39.937094801895554],[-83.85876152304562,39.9370952819773],[-83.85876441562083,39.93709672842148],[-83.85876731089098,39.937098172799345],[-83.85877020795778,39.93709961511079],[-83.85877310232962,39.937101057422204],[-83.85877600209136,39.93710250042244],[-83.85877890095479,39.937103942045006],[-83.85878179802158,39.93710538297879],[-83.85878469688498,39.937106822534965],[-83.85878759664674,39.93710826071352],[-83.85879049730679,39.93710970095842],[-83.85879339706854,39.93711113913697],[-83.85879629772857,39.937112575249095],[-83.85879919928695,39.93711401342758],[-83.85880209994698,39.93711545022845],[-83.858805003302,39.93711688496295],[-83.85880790575868,39.93711832107495],[-83.85881081091031,39.937119754431805],[-83.85881371336698,39.937121189855006],[-83.85881661941693,39.93712262114546],[-83.85881952456856,39.93712405381343],[-83.85882242972019,39.93712548648137],[-83.85882533487182,39.93712691914932],[-83.85882824541335,39.93712834630695],[-83.85882921110228,39.93712882501088],[-83.85883115056497,39.93712977897481],[-83.85883405751323,39.93713120682116],[-83.85883696715642,39.93713263673387],[-83.85883987410469,39.93713406526897],[-83.85884278464623,39.937135491737656],[-83.85884569608605,39.9371369188951],[-83.85884860572926,39.93713834536378],[-83.85885151627078,39.93713977183236],[-83.85885442591399,39.937141195545856],[-83.85885734004876,39.937142619948055],[-83.85886025148861,39.937144043661434],[-83.85886316562339,39.93714546806358],[-83.85886607885985,39.93714688971057],[-83.85886899029968,39.937148312046325],[-83.85887190623109,39.93714973231572],[-83.8588748221625,39.93715115396262],[-83.85887773809392,39.937152572165566],[-83.85888065312702,39.93715399174608],[-83.85888357175338,39.937155410637764],[-83.85888648678646,39.93715682746304],[-83.85888940451451,39.93715824566592],[-83.85889232224255,39.93715966249114],[-83.8588952399706,39.93716107793879],[-83.85889816129192,39.93716249407521],[-83.8589011050711,39.93716391916576],[-83.85890404885026,39.9371653470114],[-83.85890699442608,39.937166771413104],[-83.85890993910358,39.93716819581477],[-83.85891288288278,39.937169620216466],[-83.85891583025523,39.93717104186296],[-83.85891877762768,39.93717246488695],[-83.85892172500012,39.937173887910966],[-83.85892467327088,39.93717530886857],[-83.85892762064334,39.937176728448605],[-83.85893057071073,39.937178148028615],[-83.8589335198798,39.937179567608545],[-83.8589364699472,39.9371809871885],[-83.85893942091292,39.93718240539083],[-83.85894237098029,39.937183822904395],[-83.85894532374265,39.93718524041787],[-83.85894827560665,39.93718665586499],[-83.85895122747067,39.937188071312086],[-83.8589541793347,39.93718948400402],[-83.85895713479199,39.93719089876232],[-83.85896008845265,39.93719231352053],[-83.85896304301161,39.937193725523585],[-83.85896599757058,39.9371951382154],[-83.85896895572282,39.937196549529666],[-83.85897190938347,39.9371979594663],[-83.8589748675357,39.93719937146925],[-83.8589778238913,39.93720078071704],[-83.85898078114522,39.937202188587264],[-83.85898374109408,39.9372035971462],[-83.85898670104295,39.937205005016374],[-83.85898965739854,39.93720641288646],[-83.85899262094067,39.93720781800144],[-83.85899558088951,39.93720922311635],[-83.85899853904175,39.93721062892007],[-83.85900150258387,39.93721203403492],[-83.85900446432936,39.93721343708341],[-83.85900742697318,39.937214840820666],[-83.85901038871866,39.937216241802766],[-83.8590133531591,39.93721764553997],[-83.85901631670122,39.93721904652202],[-83.85901928114166,39.93722044543765],[-83.85902224468379,39.93722184504211],[-83.85902521271748,39.937223245335275],[-83.85902817715791,39.93722464356208],[-83.85903114519162,39.93722604178881],[-83.8590341132253,39.93722743863803],[-83.8590370803607,39.937228834798375],[-83.85904004749608,39.93723023164748],[-83.85904301822472,39.9372316257415],[-83.85904598715675,39.93723302121297],[-83.85904696991365,39.93723348338543],[-83.85904895519045,39.93723441668445],[-83.85905192771573,39.93723580940079],[-83.85905489754605,39.93723720142825],[-83.85905786737638,39.93723859483334],[-83.85906083990164,39.93723998548321],[-83.85906381242692,39.93724137613306],[-83.8590667849522,39.937242764716544],[-83.8590697592741,39.937244154677586],[-83.8590727326977,39.937245543949814],[-83.8590757070196,39.937246933221964],[-83.85907868223983,39.93724831973902],[-83.85908165835836,39.937249706944776],[-83.85908463268026,39.93725109208419],[-83.85908760969711,39.937252478601145],[-83.85909058581564,39.937253862362965],[-83.85909356283251,39.937255247502286],[-83.85909653984936,39.937256630575256],[-83.85909952135778,39.9372580129594],[-83.85910249837465,39.93725939603226],[-83.85910547808643,39.937260777038816],[-83.85910845869655,39.937262158045286],[-83.85911143930666,39.93726353905179],[-83.8591144217134,39.93726491799189],[-83.85911740052688,39.93726629762074],[-83.85912038383195,39.93726767656078],[-83.85912336623869,39.93726905343446],[-83.85912634864542,39.93727043030812],[-83.85912933195048,39.93727180787049],[-83.85913231795048,39.93727318130017],[-83.85913530305218,39.93727455679616],[-83.85913828545893,39.937275931603374],[-83.8591412696623,39.93727730641051],[-83.85914425835725,39.93727867915135],[-83.85914724615388,39.937280052580896],[-83.85915023215388,39.93728142325525],[-83.85915321905222,39.93728279461841],[-83.85915620774715,39.937284164603966],[-83.85915919734042,39.93728553596707],[-83.85916218513705,39.93728690388625],[-83.85916517652696,39.937288272494136],[-83.85916816612024,39.93728964041325],[-83.8591711566118,39.93729100695476],[-83.85917414710339,39.937292373496234],[-83.85917714028992,39.93729374072647],[-83.85918012988317,39.937295104512835],[-83.85918312217139,39.93729646967664],[-83.85918611895117,39.93729783484047],[-83.8591891121377,39.93729919724916],[-83.85919210532423,39.93730055965777],[-83.85919510030739,39.9373019227552],[-83.85919709816058,39.937302830568385],[-83.85919809529055,39.93730328378623],[-83.85920109117201,39.937304644128425],[-83.85920408525685,39.9373060044706],[-83.8592070847316,39.93730736343521],[-83.85921008240969,39.9373087223998],[-83.85921307739285,39.937310080675566],[-83.85921607596926,39.937311437573726],[-83.85921907724062,39.937312793783114],[-83.85922207491875,39.93731415068121],[-83.85922507529179,39.93731550551297],[-83.85922807476652,39.937316859655894],[-83.85923107603787,39.93731821379885],[-83.85923407641093,39.937319567252935],[-83.85923708037724,39.93732092139584],[-83.85924007985197,39.937322272094754],[-83.85924308381828,39.937323624860014],[-83.85924608688627,39.93732497487013],[-83.85924909175091,39.93732632556896],[-83.85925209571721,39.93732767420144],[-83.85925510058183,39.93732902490028],[-83.85925810454815,39.93733037077758],[-83.85926110941277,39.93733171940998],[-83.85926411787067,39.93733306666477],[-83.8592671236336,39.937334412542],[-83.85927013119317,39.93733575635288],[-83.85927314144769,39.93733710360764],[-83.85927614631233,39.93733844604088],[-83.85927915656683,39.937339789851684],[-83.85928216502472,39.93734113228487],[-83.85928517527924,39.93734247471804],[-83.85928818373712,39.93734381715116],[-83.85929119399164,39.93734515751795],[-83.85929420783943,39.93734649788471],[-83.85929721899225,39.937347838940234],[-83.85930023194172,39.93734917655177],[-83.85930324219623,39.93735051485213],[-83.85930625604402,39.93735185315245],[-83.8593092698918,39.93735319007518],[-83.85931228553619,39.93735452562028],[-83.85931529848567,39.937355862542944],[-83.85931831502837,39.93735719602167],[-83.85932133067278,39.93735853018918],[-83.85932434541888,39.93735986573422],[-83.85932736196162,39.9373611971465],[-83.85933038030096,39.9373625292476],[-83.85933339953864,39.93736386203741],[-83.85933641518305,39.93736519276087],[-83.85933943262408,39.93736652141798],[-83.8593424545567,39.937367852141385],[-83.85934547199774,39.93736918010965],[-83.85934849393036,39.937370510833],[-83.85934903202121,39.93737074226317],[-83.85934957460364,39.9373709674943],[-83.85935012257596,39.93737118446004],[-83.8593506768365,39.937371393849226],[-83.8593512355886,39.93737159703939],[-83.85935126792796,39.93737160805985],[-83.85935179613733,39.93737179265293],[-83.85935197400376,39.937371851199266],[-83.8596010319163,39.937471381241295],[-83.85960156192229,39.93747162162524],[-83.8596020964199,39.937471859254075],[-83.85960263810402,39.93747208723995],[-83.85960318248308,39.937472309026845],[-83.85960373494699,39.937472523237155],[-83.85960428920751,39.937472731937284],[-83.85960745397226,39.937473884953576],[-83.859610618737,39.9374750414138],[-83.86013712401996,39.93767080938689],[-83.86014026273357,39.93767199890508],[-83.8601418275988,39.93767259538609],[-83.8601434257017,39.937673200821195],[-83.86014598679856,39.93767416924189],[-83.86014856855668,39.9376751479942],[-83.86015115121312,39.93767613019038],[-83.86015373656451,39.937677105498764],[-83.86015632011927,39.93767808493982],[-83.86015889918245,39.937679063692066],[-83.86016148183889,39.93768004451067],[-83.86016406539366,39.9376810232629],[-83.86016664715179,39.9376820047702],[-83.86016922980822,39.93768298558871],[-83.86017181336298,39.93768396089705],[-83.86024923017416,39.937713435037956],[-83.86025180384745,39.93771442618768],[-83.86025438380895,39.93771541044967],[-83.86025696197382,39.937716395400386],[-83.86025954283363,39.93771738103986],[-83.86026211920185,39.937718365301755],[-83.86026469826504,39.93771935231879],[-83.86026727732822,39.93772033726943],[-83.86026985459478,39.93772132635271],[-83.86027243186132,39.93772231199211],[-83.86027501272113,39.93772329418762],[-83.86027816580777,39.93772450161309],[-83.86028132158937,39.93772570628344],[-83.86028447557433,39.93772691164249],[-83.86028763315257,39.93772811493522],[-83.86029078803584,39.937729318916716],[-83.86029394471574,39.93773052289819],[-83.86029710229397,39.937731724813275],[-83.86030025897387,39.937732925350815],[-83.86030341655211,39.9377341279547],[-83.86030657592697,39.93773532780341],[-83.86030973260686,39.93773652696331],[-83.86031289377834,39.937737726812024],[-83.8603160531532,39.93773892597189],[-83.86031921252805,39.93774012444299],[-83.86032237190291,39.937741322225286],[-83.8603255330744,39.937742517252396],[-83.86032869424588,39.937743712968334],[-83.86033185721399,39.93774490868426],[-83.8603350192838,39.93774610371131],[-83.86033818225192,39.93774729804961],[-83.86034134342339,39.937748491699146],[-83.86034450639153,39.93774968397105],[-83.86034766756299,39.937750876242966],[-83.86035083322606,39.937752068514875],[-83.8603539979908,39.93775325734286],[-83.86035716185722,39.93775444961467],[-83.8603603275203,39.937755638442624],[-83.86036349228505,39.937756827270555],[-83.86036665974474,39.937758016098456],[-83.86036982450949,39.93775920354878],[-83.86037299196919,39.937760390999124],[-83.86037615942887,39.93776157638308],[-83.86037932688856,39.93776276176702],[-83.86038249434824,39.93776394783968],[-83.8605712106265,39.93783540213822],[-83.86087190819313,39.93793997540171],[-83.86106610688958,39.938001692321286],[-83.86106935699428,39.93800273374731],[-83.86107260889561,39.93800378137233],[-83.86107585630535,39.93800482555341],[-83.86107910730837,39.93800587042327],[-83.8610823592097,39.93800691460437],[-83.86108560841608,39.93800795809667],[-83.86108886031741,39.93800900227769],[-83.8610921104221,39.93801004301487],[-83.86109536412006,39.93801108444082],[-83.86109861781802,39.938012123800384],[-83.86110186882104,39.93801316384873],[-83.86110512251899,39.93801420527459],[-83.86110837621695,39.93801524256781],[-83.86111162901659,39.93801627986102],[-83.8611148845112,39.93801731784294],[-83.86111813820914,39.93801835513612],[-83.86112139460205,39.938019389674196],[-83.86112465009663,39.93802042558976],[-83.86112790559123,39.93802146081659],[-83.86113116288246,39.93802249535461],[-83.86113441837703,39.93802352851505],[-83.86113767387162,39.938024561675476],[-83.86114092936621,39.93802559276958],[-83.86114418845406,39.93802662455239],[-83.8611474466436,39.938027655646465],[-83.86115070573146,39.9380286874293],[-83.86115396392098,39.93802971645704],[-83.86115722300883,39.93803074341841],[-83.86116048030006,39.938031773134846],[-83.8611637384896,39.93803280147375],[-83.86116700027239,39.93803382774628],[-83.86117026115687,39.93803485401885],[-83.86117351934642,39.93803587891384],[-83.86117678292584,39.9380369038088],[-83.86117983360454,39.93803786258145],[-83.86118288428327,39.93803882066537],[-83.86118593675857,39.938039778060535],[-83.86118899013222,39.93804073545563],[-83.86119204081093,39.93804168940684],[-83.86119509328627,39.9380426447356],[-83.86119814665992,39.93804360075314],[-83.8612012018302,39.938044554015526],[-83.86120425610217,39.938045509344256],[-83.8612073085775,39.9380464605403],[-83.86121036374779,39.93804741380271],[-83.86121341622312,39.938048367065036],[-83.8612164713934,39.93804931757232],[-83.861219527462,39.938050269457094],[-83.86122258263228,39.938051218586786],[-83.86122563780256,39.93805216771646],[-83.86122869656612,39.93805311684612],[-83.8612317517364,39.93805406528698],[-83.86123480780498,39.938055014416605],[-83.8612378656702,39.93805596147987],[-83.86124092353543,39.93805690923195],[-83.86124397870572,39.93805785422889],[-83.86124703746927,39.9380587999146],[-83.86125009533448,39.93805974422277],[-83.86125315589466,39.93806068990845],[-83.8612562146582,39.93806163283902],[-83.86125927162512,39.93806257783589],[-83.86126233218529,39.9380635187001],[-83.86126539364378,39.938064461630645],[-83.86126845061068,39.93806540387243],[-83.86127151117086,39.93806634404785],[-83.86127457173103,39.938067284912],[-83.86127763498615,39.93806822439861],[-83.8612796247545,39.938068835340445],[-83.86127967416185,39.93806885118224],[-83.86128069644464,39.93806916526279],[-83.86128375520818,39.93807010199428],[-83.86128682025993,39.93807104148086],[-83.86128987902347,39.938071977523556],[-83.8612929422786,39.938072914943795],[-83.86129600553372,39.938073852364035],[-83.86129906878882,39.938074787029116],[-83.86130213114564,39.938075722383026],[-83.86130519440076,39.93807665704813],[-83.86130826124914,39.93807759240196],[-83.86131132360593,39.938078525000684],[-83.861314389556,39.93807945759945],[-83.86131745281112,39.938080391575724],[-83.86132051786288,39.9380813227969],[-83.86132358471126,39.93808225332927],[-83.861326649763,39.938083184550365],[-83.86132971481476,39.938084115082766],[-83.86133278345976,39.93808504285997],[-83.86133584851152,39.93808597270356],[-83.86133891446158,39.93808690116952],[-83.86134198310658,39.93808782756921],[-83.86134505085327,39.93808875534641],[-83.8613481194983,39.93808968174603],[-83.86135118634667,39.938090608834415],[-83.86135425588999,39.938091533856486],[-83.86135732273837,39.93809245887856],[-83.86136039138339,39.938093383211815],[-83.86136346092671,39.93809430616755],[-83.86136652957173,39.93809522912322],[-83.86136960091169,39.938096152078934],[-83.861372670455,39.938097075034634],[-83.86137574179496,39.938097995235175],[-83.86137881223661,39.938098916124495],[-83.86138188357657,39.93809983770259],[-83.86138290675765,39.93810014351772],[-83.86138495311988,39.93810075583679],[-83.86138802625648,39.93810167465977],[-83.86139109759642,39.93810259279395],[-83.86139417073302,39.938103512305695],[-83.86139724117467,39.938104428373556],[-83.86140031431125,39.93810534650769],[-83.86140338744784,39.93810626257552],[-83.86140646058443,39.93810717726578],[-83.86140953641595,39.93810809195602],[-83.86141260955253,39.93810900595751],[-83.86141568268913,39.938109919270204],[-83.86141875852066,39.938110833271615],[-83.86142183165724,39.93811174658429],[-83.86142490748878,39.938112657141865],[-83.861427982422,39.938113570454455],[-83.86143105915185,39.93811448032323],[-83.86143413408506,39.93811539156954],[-83.86143721171324,39.938116300749506],[-83.86144028844308,39.93811721061823],[-83.8614433633763,39.93811811979816],[-83.86144644190277,39.93811902622299],[-83.86144952042925,39.93811993471412],[-83.86145259536246,39.938120841138925],[-83.86145567299063,39.938121748252506],[-83.86145875241543,39.938122651922214],[-83.86146183184022,39.93812355628064],[-83.861464911265,39.938124461327874],[-83.86146798889317,39.93812536568632],[-83.86147107011459,39.93812626866719],[-83.86147414774277,39.93812717371435],[-83.86147722896419,39.93812807325132],[-83.8614803092873,39.93812897623221],[-83.86148338961041,39.93812987783546],[-83.86148646723856,39.93813077668366],[-83.86183577983175,39.938231570206455],[-83.86183687577639,39.93823188704133],[-83.8620262478248,39.93829306783389],[-83.86202736892227,39.9382934693873],[-83.86203054446682,39.938294613435794],[-83.8621030888159,39.93832176064658],[-83.86210622124129,39.93832297426043],[-83.86210935187006,39.93832419062934],[-83.86218123326245,39.938353372455914],[-83.86218378178292,39.938354445560044],[-83.8621868540212,39.93835574458079],[-83.86218778826908,39.93835613993495],[-83.86225762599422,39.938386786072876],[-83.86225838596894,39.93838713114663],[-83.86225996251227,39.9383878495337],[-83.86226297995331,39.93838922569606],[-83.86226435257907,39.93838985247669],[-83.86233245835233,39.93842206141783],[-83.86233468707255,39.9384231517401],[-83.8623376452248,39.938424602288855],[-83.86233942568566,39.938425479092544],[-83.86240576087953,39.93845920537555],[-83.86240787192042,39.938460314982784],[-83.86240931281816,39.938461074695276],[-83.86241076629227,39.93846183922907],[-83.86241302286027,39.93846303011107],[-83.86247761352584,39.938498267534406],[-83.86247944339407,39.938499297932594],[-83.86248227039228,39.93850089449872],[-83.86248509559383,39.93850249657501],[-83.86254763989717,39.93853904677068],[-83.8625493215434,39.93854005994906],[-83.86255208026964,39.938541727457405],[-83.86255483719924,39.93854339634327],[-83.86261583819693,39.93858153206107],[-83.86261743090992,39.93858255763664],[-83.86262011687262,39.938584292643185],[-83.86262280014037,39.93858603109358],[-83.8626234783684,39.93858647121632],[-83.86268220932337,39.93862571720344],[-83.86268370232338,39.93862674484465],[-83.86268631462421,39.93862854666057],[-83.86268892243349,39.938630353297796],[-83.8626900273613,39.938631118518465],[-83.86274672003886,39.93867159048548],[-83.86274806122358,39.93867257679998],[-83.86275059896427,39.93867444542505],[-83.8629256949862,39.93880361599165],[-83.86292615043203,39.9388039431554],[-83.86292660767451,39.938804265497794],[-83.86292707479846,39.938804580952514],[-83.86292754551567,39.938804892274625],[-83.8631300545268,39.938954284716644],[-83.86313047314171,39.93895463323136],[-83.86313090163812,39.93895497623596],[-83.86313133462608,39.93895531373041],[-83.86313178558035,39.93895565053613],[-83.86353222129635,39.93925105192922],[-83.86353391641728,39.939252300653386],[-83.86353561243654,39.939253545244995],[-83.86353731654063,39.939254790525304],[-83.86353901974641,39.939256028917974],[-83.86354072744378,39.939257267310666],[-83.86354243693775,39.93925850225952],[-83.86354415092332,39.93925973514203],[-83.86354587119709,39.93926096526949],[-83.86354759057254,39.939262191264376],[-83.8635493153379,39.93926341588171],[-83.86355104100156,39.9392646384327],[-83.86355277025847,39.93926585822868],[-83.86355450310865,39.93926707458082],[-83.86355623685714,39.93926828886662],[-83.86355797779217,39.939269501086144],[-83.86355971962551,39.93927071123936],[-83.86356146415379,39.939271916571265],[-83.86356321407197,39.93927312121432],[-83.86356496399013,39.939274320347316],[-83.86356672019652,39.93927551879148],[-83.86356847730121,39.939276714480634],[-83.86357023710086,39.93927790810345],[-83.86357200139207,39.9392790975937],[-83.86357376927654,39.939280285706396],[-83.86357553716103,39.93928147106403],[-83.86357730953709,39.9392826536666],[-83.8635790855064,39.93928383420283],[-83.86358086327235,39.93928501129529],[-83.86358264642818,39.93928618356637],[-83.86358443048235,39.93928735583748],[-83.86358621992638,39.9392885246647],[-83.86358801026876,39.93928969211441],[-83.86358980420438,39.939290855431516],[-83.86359159993661,39.939292015993566],[-83.86359340016045,39.93929317311184],[-83.86359520307921,39.93929432885254],[-83.86359700689631,39.939295481149365],[-83.86359881610329,39.93929663206873],[-83.86360062800523,39.93929777816671],[-83.86360244170379,39.93929892082087],[-83.86360425899562,39.9393000648525],[-83.86360607898237,39.939301202685314],[-83.86360790346073,39.93930233914056],[-83.86360972793906,39.939303471463255],[-83.86361155690898,39.93930460240839],[-83.86361339037047,39.93930573059843],[-83.8636152247303,39.93930685465595],[-83.86361706178504,39.939307977335865],[-83.86361890153474,39.93930909863826],[-83.8636207448777,39.93931021443057],[-83.86362258732234,39.9393113405543],[-83.86362534784523,39.93931298393723],[-83.86362811106302,39.93931463214142],[-83.86363088146736,39.93931627621305],[-83.8636336572616,39.939317910641975],[-83.86363644203898,39.93931954231577],[-83.86363923040962,39.93932116572447],[-83.86364202506847,39.939322782934234],[-83.86364482601553,39.93932439532271],[-83.86364763325078,39.9393260001347],[-83.86365044497764,39.93932760012535],[-83.8636532647893,39.939329192539624],[-83.86365609268582,39.93933077806624],[-83.86365892327727,39.93933235877152],[-83.86366176015694,39.939333929834056],[-83.86366460601977,39.9393354974528],[-83.8636674527809,39.939337058183945],[-83.86367030762686,39.93933861271615],[-83.86367316965938,39.93934016036071],[-83.86367603708176,39.93934170111766],[-83.86367891079236,39.93934323705323],[-83.86368178989284,39.93934476403493],[-83.86368467438322,39.939346284817695],[-83.8636875651618,39.9393478014679],[-83.86369046133026,39.93934930847543],[-83.86369336378695,39.93935081066156],[-83.86369627073522,39.93935230733759],[-83.86369918397169,39.939353795748474],[-83.86370210169973,39.93935527796049],[-83.86370502571597,39.9393567546624],[-83.86370795871538,39.9393582224104],[-83.86371089351142,39.93935968533705],[-83.86371233710408,39.939360400270104],[-83.8637123622569,39.93936041473406],[-83.86371383279902,39.93936114275356],[-83.86371678017146,39.93936258983862],[-83.86371973383213,39.93936403347989],[-83.86372269108602,39.93936546954479],[-83.86372565552648,39.939366898722],[-83.86372862266185,39.93936832170037],[-83.8637315978821,39.939369737102346],[-83.86373457669556,39.9393711449279],[-83.86373756269558,39.93937254930966],[-83.86374055408547,39.93937394404876],[-83.863743547272,39.93937533258897],[-83.86374654944166,39.93937671493032],[-83.8637495552046,39.939378089695296],[-83.86375256545912,39.93937945826137],[-83.86375558200184,39.93938081993984],[-83.86375860483277,39.939382174730675],[-83.86376163125698,39.939383521945146],[-83.86376466396939,39.939384864338244],[-83.86376770117334,39.93938619777744],[-83.86377074286891,39.93938752639531],[-83.86377378995435,39.93938884881426],[-83.86377684153136,39.93939016159059],[-83.86377989939659,39.93939146679056],[-83.86378296085508,39.93939276785793],[-83.86378602950009,39.939394062037664],[-83.86378910263669,39.9393953472635],[-83.8637921775699,39.93939662629047],[-83.86379525968964,39.93939789911856],[-83.86379834630095,39.939399163681536],[-83.86380143830216,39.93940042204565],[-83.86380453389663,39.939401673522134],[-83.86380763488098,39.93940291811097],[-83.86381073945861,39.93940415374597],[-83.86381385122276,39.939405383870834],[-83.86381696658016,39.93940660917437],[-83.86382008553083,39.93940782483524],[-83.86382320897306,39.9394090329197],[-83.8638263369069,39.93941023549414],[-83.86382947023061,39.93941143118088],[-83.86383260984253,39.93941261860255],[-83.86383405882508,39.939413163411416],[-83.86383593989727,39.939413905205534],[-83.86383890074444,39.939414974160506],[-83.86384205113616,39.939416140919285],[-83.86384520691774,39.93941730079044],[-83.86384836719091,39.939418451707695],[-83.86385153015902,39.93941959642615],[-83.86385470031367,39.93942073632324],[-83.86385787406157,39.93942186657767],[-83.86386105050441,39.93942298994446],[-83.86386231712898,39.93942343488317],[-83.86387394222706,39.93942763493867],[-83.86391253205504,39.93944035425904],[-83.86395166626207,39.939452050769624],[-83.86399129633914,39.93946270931816],[-83.86403137826879,39.93947231888501],[-83.86407056547645,39.939480592258164],[-83.8640717386762,39.939480866384244],[-83.86406359005825,39.93956502441212],[-83.86405546659314,39.939649157541204],[-83.86405546389818,39.93964918027017],[-83.86405520069184,39.93964912792461],[-83.8639492704552,39.93962440084559],[-83.86394588739985,39.93962360877443],[-83.86394249985291,39.93962280637193],[-83.8639391141026,39.93962199983685],[-83.86393573104725,39.93962118503669],[-83.86393235248346,39.939620363348936],[-83.86392897661462,39.93961953615111],[-83.86392560164408,39.939618702065694],[-83.86392222936853,39.939617860403956],[-83.86391886158452,39.939617013920866],[-83.86391549649547,39.9396161591727],[-83.86391213140642,39.939615300291955],[-83.86390877170724,39.939614433146126],[-83.86390541380473,39.93961356049022],[-83.8639020621904,39.93961268094672],[-83.86389870877944,39.93961179382692],[-83.86389535896174,39.939610900508264],[-83.86389201453395,39.93961000030197],[-83.86388867100445,39.939609095963185],[-83.86388533106823,39.93960818404803],[-83.86388199472526,39.939607265245286],[-83.86387866107725,39.93960634093247],[-83.86387532922586,39.93960540973205],[-83.86387200186604,39.939604471644024],[-83.86386977314582,39.93960383798692],[-83.86386867720117,39.93960352460219],[-83.86386535792619,39.93960257480527],[-83.86386203685458,39.939601616743246],[-83.8638587220712,39.9396006524824],[-83.86385540908442,39.93959968271148],[-83.86385209969092,39.9395987053642],[-83.86384879568732,39.939597723884376],[-83.86384549258199,39.939596733450685],[-83.86384219306997,39.939595738195656],[-83.86383889625287,39.93959473605307],[-83.86383560302905,39.939593727022874],[-83.8638323142968,39.93959271248256],[-83.8638290291578,39.9395916896772],[-83.86382574401881,39.93959066205049],[-83.86382246696465,39.939589628913666],[-83.8638191908088,39.93958858888928],[-83.86381591914453,39.9395875405998],[-83.8638126492769,39.93958648748902],[-83.86380938390086,39.93958542817934],[-83.86380611942309,39.93958436267088],[-83.86380286303022,39.93958328889727],[-83.86379960663729,39.93958221167984],[-83.86379635653259,39.939581125508546],[-83.86379310822453,39.939580033827184],[-83.8637920257546,39.93957966947426],[-83.86379199161863,39.93957965845411],[-83.86378986350972,39.9395789380133],[-83.86378662238819,39.939577833934244],[-83.8637833857582,39.93957672365635],[-83.86378015182319,39.939575607868385],[-83.86377692237974,39.9395744845041],[-83.86377369652956,39.93957335494096],[-83.86377047517094,39.93957222055647],[-83.86376725560898,39.939571079973135],[-83.86376403964026,39.9395699311247],[-83.86376082816311,39.93956877883245],[-83.86375762117754,39.93956761827509],[-83.86375441778524,39.93956645083013],[-83.86375357067392,39.939566140888964],[-83.8637162771149,39.93955197382218],[-83.86367590772437,39.93953534168609],[-83.86363625608772,39.93951771979991],[-83.8635973581376,39.939499129514324],[-83.86355925250155,39.93947958942511],[-83.86352198319706,39.939459118816686],[-83.86348558346174,39.93943773697344],[-83.86345009461812,39.939415468689866],[-83.8634155517005,39.93939233393922],[-83.8633819915398,39.9393683609597],[-83.86310821288897,39.939166398984],[-83.86282488155344,39.93895738208943],[-83.86260322135875,39.93879385411362],[-83.86260252965599,39.93879334236059],[-83.86260057222698,39.93879190697251],[-83.8625986049165,39.93879046056411],[-83.8625966358094,39.93878901553319],[-83.86259466490567,39.938787572568565],[-83.86259269310362,39.93878613098147],[-83.86259071770831,39.938784692838134],[-83.86258873871974,39.93878325400603],[-83.86258675883286,39.93878181655141],[-83.86258477984428,39.938780381851814],[-83.8625827945675,39.93877894921852],[-83.86258213430577,39.938778473969975],[-83.86258210825463,39.93877845675079],[-83.86258080929073,39.9387775179627],[-83.86257882311563,39.93877609015069],[-83.86257683244897,39.93877466096115],[-83.862574840884,39.93877323383781],[-83.86257284842067,39.938771810158315],[-83.8625708514658,39.93877038716753],[-83.8625688527143,39.938768966931825],[-83.86256685306448,39.93876754600732],[-83.8625648507197,39.93876612990411],[-83.8625628465783,39.938764713800886],[-83.86256151168178,39.938763771568766],[-83.86256145508793,39.938763730931534],[-83.86256084153858,39.938763299763906],[-83.86255883470226,39.938761887104455],[-83.86255682517096,39.93876047651131],[-83.86255481114809,39.938759066606856],[-83.86255279712523,39.93875765945744],[-83.86255078220404,39.9387562536855],[-83.86254876458791,39.938754849291136],[-83.86254674337852,39.93875344834053],[-83.86254472216913,39.93875204532361],[-83.86254269736648,39.93875064781678],[-83.86254067256384,39.938749250998654],[-83.862540630343,39.9387492220705],[-83.86253802522869,39.93874742990049],[-83.86253537250366,39.938745612246116],[-83.86253272247357,39.938743796657974],[-83.86253006346034,39.93874198520235],[-83.86252740444709,39.93874017581302],[-83.86252474004395,39.938738369867465],[-83.86252207294586,39.93873656598816],[-83.86251940315285,39.938734766930146],[-83.86251672976657,39.93873297062719],[-83.86251405188871,39.93873117639049],[-83.86251137221421,39.93872938559751],[-83.8625086862515,39.93872759755961],[-83.86250600028882,39.938725811587936],[-83.86250331073286,39.93872402906006],[-83.86250061668531,39.9387222492872],[-83.86249791994283,39.93872047295814],[-83.86249521781046,39.93871870007287],[-83.86249251477977,39.93871692925383],[-83.86248980905414,39.93871516256737],[-83.8624870970403,39.93871339794714],[-83.8624843823315,39.93871163814827],[-83.86248283183933,39.93871063117133],[-83.86248267643079,39.938710532677675],[-83.86248166672439,39.93870987903808],[-83.8624789457274,39.93870812268291],[-83.86247622293378,39.93870637114909],[-83.86247349744521,39.93870462237028],[-83.86247076566843,39.9387028763465],[-83.86246803209501,39.93870113170018],[-83.86246529582665,39.938699391875204],[-83.86246255596504,39.938697655494025],[-83.86245981340849,39.938695921867875],[-83.86245706546202,39.938694188930405],[-83.86245431751557,39.93869246219184],[-83.86245156507754,39.93869073751952],[-83.86244880814792,39.938689014224664],[-83.86244604942169,39.938687296439944],[-83.8624432871022,39.93868558072146],[-83.86244052388437,39.93868386706922],[-83.86243775258173,39.938682156860786],[-83.86243498127908,39.938680450096136],[-83.86243220638318,39.938678746086566],[-83.86242942699569,39.938677047587035],[-83.86242664670986,39.93867534908746],[-83.8624238619325,39.93867365403168],[-83.8624234630805,39.93867341158566],[-83.86242107446017,39.938671963108476],[-83.86241828429289,39.93867027425152],[-83.86241548963405,39.93866858883837],[-83.86241269138193,39.9386669075578],[-83.86240989133319,39.93866522834347],[-83.86240708679289,39.93866355119538],[-83.86240428045593,39.9386618788686],[-83.86240333542825,39.93866131683459],[-83.86240147142404,39.93866020998568],[-83.86239865790056,39.93865854316899],[-83.86239584258047,39.93865688048485],[-83.8623930236671,39.938655219866995],[-83.86239020026215,39.93865356407044],[-83.86238737685723,39.93865190827386],[-83.8623845480624,39.938650258676205],[-83.86238171657261,39.93864860976717],[-83.86237888059127,39.93864696567956],[-83.86237604550823,39.938645323658136],[-83.862373204137,39.93864368576936],[-83.8623703600708,39.93864205132432],[-83.86236751151304,39.93864041894554],[-83.86236466385358,39.938638789321836],[-83.86236262557621,39.93863762805992],[-83.86236180900761,39.938637163141884],[-83.86235895595826,39.938635540405784],[-83.8623560957224,39.938633920424664],[-83.86235323279159,39.938632304576124],[-83.86235036986079,39.93863069079384],[-83.86234750154009,39.93862908114414],[-83.86234463052443,39.9386274763158],[-83.86234175501721,39.93862587217616],[-83.86233887861167,39.938624270102764],[-83.86233599771454,39.938622672161955],[-83.86233311591911,39.93862107973129],[-83.86233023053043,39.938619487989314],[-83.8623273433451,39.93861790106865],[-83.86232444987158,39.93861631759181],[-83.8623215537031,39.938614736181265],[-83.8623186566363,39.93861315683696],[-83.86231575687458,39.938611581625246],[-83.8623128544179,39.9386100098573],[-83.862309945673,39.938608441533205],[-83.86230703782641,39.93860687665288],[-83.86230412458995,39.93860531659386],[-83.86230120865855,39.93860375653485],[-83.86230037502196,39.938603312279604],[-83.86230030764831,39.938603277152474],[-83.8622982909305,39.93860219991962],[-83.86229536871089,39.93860064950331],[-83.86229244559296,39.938599100464465],[-83.86228951888177,39.93859755349188],[-83.86228658767898,39.938596011340664],[-83.86228365737453,39.938594470566926],[-83.86228072168018,39.93859293668084],[-83.86227778239257,39.938591402105935],[-83.86227484130833,39.93858987304119],[-83.86227189842747,39.93858834742021],[-83.86226895105501,39.93858682317674],[-83.86226600098762,39.93858530306582],[-83.86226304732696,39.938583786398716],[-83.8622600936663,39.93858227455298],[-83.86225811467774,39.93858126344157],[-83.86225713371745,39.938580764084726],[-83.86225417197195,39.93857925637155],[-83.86225121112479,39.93857775279091],[-83.86224824398938,39.938576252654045],[-83.86224527146413,39.93857475733861],[-83.86224230253211,39.938573263400635],[-83.86223932461694,39.93857177152892],[-83.86223677340153,39.93857049799667],[-83.8622363476001,39.93857028585609],[-83.8622333687866,39.93856880156074],[-83.8622303827866,39.938567320709254],[-83.8622273976849,39.93856584605659],[-83.86222440898997,39.9385643700264],[-83.86222141670174,39.938562900195095],[-83.86221842351522,39.93856143380759],[-83.86221542583714,39.93855996742001],[-83.86221242636238,39.938558509297664],[-83.86220942329439,39.93855705117529],[-83.86220641842976,39.93855559649671],[-83.86220340997188,39.93855414526197],[-83.86220039971737,39.93855269815977],[-83.8621973867679,39.93855125519016],[-83.86219436932686,39.93854981359809],[-83.8621913509875,39.93854837682734],[-83.86218833085152,39.938546942811634],[-83.86218530442734,39.938545512239735],[-83.86218227890144,39.93854408511162],[-83.8621792479857,39.93854266142737],[-83.8621762170699,39.938541239809375],[-83.86217318166257,39.93853982370149],[-83.86217188090204,39.93853921827405],[-83.86217014535691,39.93853840897114],[-83.86216710455967,39.93853699837333],[-83.86216406016918,39.93853559190813],[-83.8621610175753,39.93853418819796],[-83.86215796869323,39.93853278724285],[-83.86215491801453,39.9385313911091],[-83.86215186733583,39.93852999704163],[-83.86214881036892,39.93852860710669],[-83.86214575160537,39.93852722130436],[-83.86214269014688,39.938525836879556],[-83.86213962599345,39.93852445658732],[-83.86213655914507,39.938523079050164],[-83.86213349409333,39.93852170771185],[-83.86213042185504,39.93852033775107],[-83.86212734692184,39.93851896985655],[-83.86212427019197,39.93851760816093],[-83.86212119166551,39.93851624922035],[-83.8621181113424,39.9385148916573],[-83.86211502742603,39.938513539604365],[-83.86211194081469,39.938512190306476],[-83.86210885150844,39.938510842386115],[-83.86210575950723,39.93850950135339],[-83.86210276811732,39.938508205090635],[-83.86209977313419,39.93850691296044],[-83.86209677725272,39.93850562427407],[-83.86209377777796,39.938504338342746],[-83.86209077560831,39.93850305654403],[-83.86208777074367,39.93850177681158],[-83.86208476767568,39.938500500522956],[-83.86208175742115,39.93849922905573],[-83.86207874716665,39.93849795965476],[-83.86207573242054,39.938496693697566],[-83.86207271857276,39.93849542980669],[-83.86206970113173,39.93849416935964],[-83.86206668099575,39.93849291373394],[-83.86206365996145,39.93849166086328],[-83.86206063533389,39.93849040868138],[-83.86205760621475,39.938489164075946],[-83.86205457979055,39.93848791809292],[-83.86205154707815,39.93848667899757],[-83.86204851526406,39.93848544127972],[-83.86204548075503,39.93848420838325],[-83.86204244175444,39.93848297755305],[-83.86203940275382,39.93848174947791],[-83.86203879279775,39.93848150358736],[-83.86203870027127,39.9384814670826],[-83.86203636015995,39.93848052484659],[-83.86203331397283,39.938479305725394],[-83.86203026688739,39.9384780859154],[-83.86202721980193,39.93847687299308],[-83.86202417002156,39.93847566007074],[-83.86202111664791,39.938474453347304],[-83.86201805878267,39.938473248690194],[-83.8620150036124,39.93847204816564],[-83.86201194305222,39.93847084901858],[-83.8620088797971,39.93846965400417],[-83.86200581744029,39.93846846381107],[-83.86200275149022,39.9384672749955],[-83.86199968194691,39.938466090312545],[-83.86199660970864,39.93846490769586],[-83.86199354016532,39.93846372921179],[-83.86199046343548,39.93846255417156],[-83.86198738940057,39.9384613825751],[-83.86198430728082,39.93846021373374],[-83.86198122785602,39.938459049713735],[-83.86197814483798,39.938457887759995],[-83.86197505822666,39.938456728561306],[-83.86197197251364,39.93845557349523],[-83.86197073373688,39.93845511133108],[-83.86197065109187,39.938455080336446],[-83.86196888230909,39.93845442118422],[-83.86196579120619,39.9384532736946],[-83.86196269830667,39.93845212620491],[-83.86195960181387,39.938450985602955],[-83.86195650352447,39.93844984637845],[-83.86195340433673,39.93844871059782],[-83.86195030425068,39.93844757963854],[-83.86194719877474,39.938446450056794],[-83.86194409150218,39.938445325985136],[-83.86194098602624,39.938444201224726],[-83.8619378742621,39.93844308404079],[-83.86193476339628,39.93844196892312],[-83.8619316498355,39.93844085449417],[-83.86192853447808,39.93843974833047],[-83.86192541462913,39.93843864216674],[-83.86192229657675,39.93843753875808],[-83.8619191722362,39.93843644085955],[-83.86191604879396,39.93843534571612],[-83.86191292535172,39.93843425263891],[-83.86190979651958,39.9384331630056],[-83.8619066649925,39.93843207819358],[-83.86190353346542,39.938430997514224],[-83.86190164700332,39.93843034869334],[-83.8619003992434,39.93842991821237],[-83.86189726591968,39.938428843043134],[-83.86189412630776,39.9384277692514],[-83.86189098669584,39.93842670234734],[-83.86188784708392,39.93842563544327],[-83.86188470298043,39.93842457473812],[-83.86188155708031,39.93842351609924],[-83.86187841118019,39.9384224609042],[-83.86187526348343,39.938421408464215],[-83.8618721112951,39.938420360156854],[-83.86186895731014,39.93841931529328],[-83.86186580332517,39.938418273184816],[-83.86186264574694,39.938417235897695],[-83.86185948637208,39.93841619998813],[-83.86185632699724,39.938415168899915],[-83.86185316672407,39.938414139878034],[-83.86185000195934,39.93841311567744],[-83.86184683449963,39.938412093543235],[-83.8618436652433,39.938411075541545],[-83.8618404968853,39.93841006098375],[-83.86183732673067,39.9384090512473],[-83.86183415298277,39.93840804357718],[-83.86183160446231,39.938407238405304],[-83.86183097833654,39.93840703866208],[-83.86182780189371,39.938406035813294],[-83.86182462275592,39.93840503778587],[-83.86182144002487,39.93840404457986],[-83.86181825729382,39.93840305412884],[-83.86181507456277,39.93840206643294],[-83.86181188913676,39.93840108286967],[-83.86180870281245,39.93840009999511],[-83.86180551019994,39.93839912469702],[-83.86180232118068,39.93839815146522],[-83.86179912677153,39.93839717961092],[-83.86179593236237,39.938396214644364],[-83.86179273705491,39.93839525105526],[-83.86178953815417,39.93839428884375],[-83.86178633835513,39.93839333283111],[-83.86178313675946,39.93839237957359],[-83.86177993426548,39.93839143044864],[-83.8617767272799,39.938390483389966],[-83.8617735229893,39.9383895390864],[-83.86177031330878,39.93838860029293],[-83.8617671045266,39.938387664943356],[-83.86176389125282,39.93838673234878],[-83.86176066899588,39.93838580526442],[-83.86157081275553,39.93833101496811],[-83.86100610302185,39.93816089325663],[-83.86043509160645,39.937965907755505],[-83.86043468556795,39.93796576380168],[-83.86043395972919,39.93796549724606],[-83.86014313644417,39.93785679825767],[-83.86014008037557,39.93785562940594],[-83.86013702340865,39.93785446468686],[-83.860133970035,39.93785329790145],[-83.86013091216978,39.937852132493596],[-83.86012785520286,39.93785096846324],[-83.86012479823594,39.93784980374408],[-83.86012174126905,39.93784863833611],[-83.86011868609877,39.937847474305705],[-83.86011562733522,39.93784631165285],[-83.8601125703683,39.9378451476224],[-83.8601095134014,39.93784398221435],[-83.86010645643448,39.93784281956143],[-83.86010339946758,39.93784165553092],[-83.86010034250064,39.93784049287792],[-83.86009728283881,39.93783933022493],[-83.86009422587189,39.93783816757189],[-83.86009116890497,39.937837004918876],[-83.86008810924311,39.93783584295457],[-83.8600850522762,39.93783468030147],[-83.86008199261435,39.937833519025915],[-83.8600789329525,39.9378323570616],[-83.86007587598557,39.93783119578602],[-83.86007281632372,39.937830033132826],[-83.86006975666186,39.937828872545985],[-83.860066697,39.93782771195912],[-83.8600636400331,39.93782655137225],[-83.86006057947293,39.937825390785335],[-83.86005752070939,39.93782423088715],[-83.86005446104751,39.937823070300205],[-83.86005140048734,39.937821911090765],[-83.86004833902886,39.937820751192575],[-83.86004528026531,39.937819592671886],[-83.86004221970514,39.937818431396074],[-83.8600391600433,39.93781727287535],[-83.86003609768649,39.93781611504338],[-83.86003303892295,39.93781495583388],[-83.8600299792611,39.9378137973131],[-83.86002691690429,39.93781263879228],[-83.86002385724242,39.93781148027145],[-83.86002079488561,39.93781032243939],[-83.86001773342711,39.9378091652961],[-83.86001467286697,39.93780800746401],[-83.86001161140848,39.93780685032062],[-83.86000854905167,39.93780569386605],[-83.86000548759317,39.93780453672268],[-83.86000242523637,39.937803380956815],[-83.85999936557452,39.937802224502136],[-83.85999630321771,39.93780106735871],[-83.85999324175923,39.937799910904005],[-83.85999017670748,39.93779875513811],[-83.85998711345235,39.937797599372146],[-83.85998405199388,39.93779644360616],[-83.85998099053538,39.93779528921773],[-83.85997792907689,39.93779413482929],[-83.85997486312682,39.93779297768567],[-83.85997180077001,39.937791823297175],[-83.85996873571827,39.93779066890868],[-83.85996567425978,39.93778951452015],[-83.85996261190297,39.93778836219792],[-83.85995954864786,39.93778720780936],[-83.8599564826978,39.93778605342077],[-83.85995341854436,39.93778490109848],[-83.85995035528924,39.937783748087384],[-83.85994729203412,39.93778259369874],[-83.85994422698238,39.93778144137639],[-83.85994116193064,39.937780289054025],[-83.8599380977772,39.93777913673163],[-83.85993503272543,39.93777798372044],[-83.85993196857201,39.93777683415316],[-83.85992890352026,39.93777568114192],[-83.85992583936682,39.93777452881946],[-83.85992277431508,39.93777337787455],[-83.8599197074667,39.93777222486325],[-83.85991664151663,39.93777107598462],[-83.8599135782615,39.93776992503965],[-83.85991051141315,39.937768774094614],[-83.85990744636139,39.937767624527126],[-83.85990437861469,39.9377664735821],[-83.85990131446125,39.937765322637055],[-83.85989824671456,39.937764174447096],[-83.85989517986617,39.93776302419075],[-83.85989211481443,39.93776187600075],[-83.85988904796605,39.937760725055576],[-83.85988598021935,39.93775957686553],[-83.85988291337097,39.93775842798668],[-83.8598798465226,39.9377572797966],[-83.85987677877588,39.93775613091771],[-83.85987371192753,39.93775498341633],[-83.85987064507916,39.93775383522619],[-83.85986757733245,39.93775268634725],[-83.85986451048407,39.93775154022338],[-83.85986144273737,39.93775039203319],[-83.85985837588899,39.93774924453171],[-83.85985530544734,39.93774809909658],[-83.85985223859898,39.93774695228385],[-83.85984916905564,39.937745806159896],[-83.85984610220727,39.93774466003596],[-83.85984303266393,39.93774351322318],[-83.85983996491726,39.937742367099155],[-83.85983689627223,39.937741220286334],[-83.85983382852554,39.93774007622864],[-83.8598307580839,39.937738930104565],[-83.85982768854056,39.93773778535799],[-83.85982461899725,39.93773664130025],[-83.8598215485556,39.93773549448733],[-83.85981847901226,39.937734350429494],[-83.85981540946895,39.93773320637169],[-83.85981234082394,39.937732063691385],[-83.85980926948399,39.93773091963349],[-83.85980620083897,39.93772977488683],[-83.85980313039732,39.93772863220642],[-83.85980006175232,39.937727488148525],[-83.85979698861574,39.93772634615692],[-83.85979391907242,39.93772520141014],[-83.8597908504274,39.93772405941849],[-83.85978777729082,39.93772291673804],[-83.85978470774748,39.937721775435094],[-83.8597816346109,39.93772063206581],[-83.85977856506757,39.937719490074095],[-83.85977549372761,39.93771835014867],[-83.85977242059101,39.93771720746812],[-83.8597693510477,39.93771606754265],[-83.85976627880943,39.937714924862064],[-83.85976320657116,39.93771378424778],[-83.85976013433289,39.937712644322254],[-83.85975706209462,39.937711503707924],[-83.85975398985634,39.937710363782415],[-83.8597509185164,39.93770922247926],[-83.85974784537981,39.93770808324245],[-83.85974477403985,39.93770694538315],[-83.85974170090327,39.93770580476872],[-83.8597386295633,39.937704666220654],[-83.85973555373178,39.93770352560618],[-83.85973248059518,39.937702387746796],[-83.85972940925522,39.93770124919867],[-83.85972633432202,39.937700111339254],[-83.85972326298204,39.93769897210229],[-83.85972018715053,39.93769783424289],[-83.85971711401395,39.93769669638341],[-83.85971403997902,39.9376955599015],[-83.8597109650458,39.937694422041986],[-83.85970789280753,39.93769328280493],[-83.85970481787432,39.937692147011695],[-83.85970174383941,39.937691010529704],[-83.8596986689062,39.9376898740477],[-83.85969559487131,39.93768873825446],[-83.85969251903977,39.9376876024612],[-83.85968944410654,39.93768646597908],[-83.85968636917333,39.937685329497],[-83.85968329513842,39.93768419370368],[-83.8596802202052,39.93768305859908],[-83.85967714527199,39.93768192280573],[-83.85967406764382,39.93768078907867],[-83.8596709927106,39.93767965466281],[-83.85966791867571,39.937678520246926],[-83.85966484104755,39.93767738583107],[-83.85966176611433,39.93767625210394],[-83.85965868848616,39.937675117688],[-83.85965561355295,39.93767398327204],[-83.8596525368231,39.93767284954486],[-83.85964945829663,39.93767171788396],[-83.85964638516005,39.93767058277921],[-83.85964330753187,39.93766945042949],[-83.85964023080203,39.937668318768544],[-83.85963715317388,39.93766718435253],[-83.8596340755457,39.93766605131397],[-83.85963099791753,39.937664919653],[-83.85962792118768,39.9376637900583],[-83.8596248426612,39.93766265770852],[-83.85962176593137,39.937661524669934],[-83.85961868830319,39.93766039507517],[-83.85961561067504,39.93765926341407],[-83.85961253214856,39.9376581324418],[-83.85960945452041,39.93765700284697],[-83.85960637329897,39.937655869808296],[-83.8596032956708,39.93765474021349],[-83.85960021894095,39.937653609929825],[-83.85959713951615,39.93765248033498],[-83.859594061888,39.937651351428855],[-83.85959098246319,39.93765022183398],[-83.8595879021401,39.93764909155029],[-83.8595848227153,39.9376479633329],[-83.85958174598545,39.93764683580427],[-83.85957866476403,39.937645704831745],[-83.85957558533923,39.937644576614304],[-83.85957250591443,39.93764344908562],[-83.85956942559133,39.937642320868136],[-83.85956634616653,39.93764119265064],[-83.85956326494511,39.93764006443312],[-83.85930050952113,39.93753893804789],[-83.85889883143511,39.9373567958403],[-83.85860352645511,39.93721264222923],[-83.85860062938833,39.937211178567914],[-83.85859773411818,39.93720971972803],[-83.85859483705138,39.93720826019938],[-83.85859194178123,39.937206799293094],[-83.85858904561275,39.93720533700921],[-83.85858615303754,39.937203874036534],[-83.85858325686905,39.93720241106379],[-83.85858036609046,39.93720094877985],[-83.85857747171862,39.9371994844295],[-83.85857457914342,39.93719802007912],[-83.85857223633715,39.93719683330781],[-83.85856988993764,39.93719565066919],[-83.85856754443641,39.93719446871935],[-83.85856519534195,39.937193288147064],[-83.85856284445086,39.93719210895225],[-83.85856049445808,39.93719093457897],[-83.85855813997371,39.937189759516826],[-83.85855578638768,39.93718858720983],[-83.85855343010667,39.93718741628036],[-83.85855107202904,39.93718624741725],[-83.85854871395145,39.93718508062045],[-83.85854635228056,39.93718391588996],[-83.85854398881304,39.93718275391457],[-83.85854241406635,39.93718198041227],[-83.85854236376069,39.9371819563049],[-83.85854162444721,39.93718159262795],[-83.85853925828476,39.93718043409649],[-83.85853689212229,39.937179277631294],[-83.8585345232649,39.93717812116607],[-83.85853215081423,39.9371769681448],[-83.85852978016018,39.937175818567376],[-83.85852740501457,39.937174667612396],[-83.85852502897065,39.93717352147885],[-83.85852265382505,39.9371723739677],[-83.85852027328954,39.93717122990051],[-83.85851789365236,39.93717008996594],[-83.85851551311686,39.937168950031364],[-83.85851312808977,39.9371678114743],[-83.85851074485933,39.9371666756724],[-83.8585099498503,39.937166298219694],[-83.8585098968497,39.937166274801115],[-83.85850835803562,39.93716554331434],[-83.8585059712119,39.93716441164511],[-83.85850358169326,39.9371632806646],[-83.85850118947965,39.93716215312799],[-83.85849879906267,39.93716102696891],[-83.85849640325581,39.937159903564975],[-83.85849400834726,39.93715877878344],[-83.8584916125404,39.937157658823345],[-83.85848921314029,39.9371565409296],[-83.85848681374014,39.93715542510218],[-83.85848441074677,39.937154308585946],[-83.8584820086517,39.937153197579995],[-83.85847960386168,39.93715208726276],[-83.85847718739358,39.937150973501595],[-83.85847421935988,39.93714961109001],[-83.85847124234301,39.937148246612004],[-83.85846825993627,39.93714688282278],[-83.85846527752953,39.93714552385498],[-83.85846229332616,39.93714416901986],[-83.85845930283456,39.937142816939854],[-83.85845631324132,39.93714146623735],[-83.85845332005478,39.93714011966758],[-83.85845032507163,39.93713877654165],[-83.85844732829185,39.93713743548203],[-83.85844432971541,39.93713609786631],[-83.85844132754573,39.937134763694466],[-83.85843832447775,39.937133430900204],[-83.85843531961311,39.937132102238564],[-83.8584323084603,39.93713077564329],[-83.85842929820578,39.93712945455819],[-83.8584262852563,39.93712813347311],[-83.85842327230684,39.93712681720946],[-83.8584202548658,39.937125503700976],[-83.85841723293319,39.93712419294753],[-83.85841421369553,39.93712288494923],[-83.85841118816965,39.93712158177233],[-83.85840816264376,39.937120278595444],[-83.85840513262632,39.937118980928794],[-83.85840210081223,39.93711768877242],[-83.85840172531645,39.93711752208699],[-83.85840160224724,39.93711747249461],[-83.85839907169307,39.93711639386084],[-83.85839603538743,39.937115103770694],[-83.85839299998008,39.937113816435705],[-83.85838995918284,39.93711253461095],[-83.85838691928393,39.93711125278611],[-83.85838387489343,39.93710997716034],[-83.8583808287063,39.93710870222335],[-83.85837777982422,39.93710743004141],[-83.85837473273878,39.937106163369755],[-83.85837168026346,39.93710489807566],[-83.85836862329653,39.937103636225416],[-83.85836556902456,39.93710237713027],[-83.85836250846438,39.937101122167824],[-83.85835944790423,39.93709986858294],[-83.85835638644573,39.937098619130694],[-83.85835332049568,39.93709737174476],[-83.85835025364729,39.937096129180325],[-83.85834718500229,39.937094887993446],[-83.85834411366233,39.93709365093921],[-83.85834103872911,39.93709241664008],[-83.85833796559253,39.93709118578485],[-83.85833488886266,39.93708995837352],[-83.85833180674292,39.9370887337173],[-83.85832872821646,39.937087509749794],[-83.85832564430008,39.93708629198137],[-83.85832487085062,39.93708598753924],[-83.85832482503655,39.937085968942135],[-83.85832255679044,39.93708507421293],[-83.85831947017914,39.93708386195471],[-83.85831637817792,39.93708265382915],[-83.85831328617671,39.93708144776994],[-83.85831019507383,39.93708024308825],[-83.85830709768273,39.93707904391685],[-83.85830399759668,39.937077846122975],[-83.85830089840896,39.93707665177299],[-83.85829779652627,39.937075460866915],[-83.85829469284698,39.93707427340468],[-83.85829158826934,39.937073088697616],[-83.85828848099678,39.93707190674566],[-83.85828536923263,39.937070728926386],[-83.85828225657018,39.937069551795844],[-83.85827914480602,39.93706838086433],[-83.858276027652,39.93706721199919],[-83.85827291049796,39.93706604520035],[-83.85826979064898,39.93706488184538],[-83.85826666810505,39.93706372193435],[-83.85826354286617,39.93706256615597],[-83.85826041852562,39.93706141313271],[-83.8582572905918,39.93706026286459],[-83.85825416086135,39.93705911535155],[-83.85825102843596,39.93705797197124],[-83.85824789601057,39.93705682996841],[-83.85824670664113,39.93705639879002],[-83.85824475819527,39.93705569278708],[-83.85824162127831,39.93705455698332],[-83.85823848346301,39.93705342531219],[-83.85823534115615,39.937052297773775],[-83.8582321988493,39.93705117230168],[-83.85822905384748,39.937050050962284],[-83.85822590704903,39.93704893168924],[-83.85822275845396,39.93704781586006],[-83.85821960536731,39.9370467034748],[-83.85821645317897,39.93704559453337],[-83.85821330009233,39.93704448628079],[-83.85821014341242,39.93704338422718],[-83.85820698403757,39.93704228423995],[-83.85820382466271,39.93704118700782],[-83.85820066349123,39.937040094597194],[-83.85819749782817,39.93703900287529],[-83.85819433306344,39.937037916663634],[-83.85819116560373,39.93703683182955],[-83.85818799814405,39.93703575112811],[-83.85818482439615,39.93703467180425],[-83.85818165244487,39.93703359936822],[-83.85817847869697,39.93703252624338],[-83.85817530135583,39.93703145793999],[-83.85817212311635,39.93703039308055],[-83.85816894218192,39.93702933304251],[-83.85816735036724,39.93702880130158],[-83.85816728838348,39.93702878063808],[-83.85816576214582,39.93702827231572],[-83.85816257851646,39.93702721778796],[-83.8581593903955,39.93702616532652],[-83.8581562049695,39.93702511699779],[-83.85815301415361,39.93702407073537],[-83.85814982333773,39.93702302791686],[-83.85814663342016,39.93702198785346],[-83.85814343721438,39.93702095192277],[-83.85814024280522,39.93701992012474],[-83.8581370439045,39.93701888901549],[-83.85813384320716,39.9370178606614],[-83.85813064250979,39.9370168385063],[-83.85812743821916,39.937015819106314],[-83.85812423572517,39.93701480039511],[-83.85812102694297,39.937013787882954],[-83.85811782175405,39.93701277743711],[-83.8581146102769,39.93701176974643],[-83.85811139969807,39.93701076481082],[-83.858108185526,39.93700976400792],[-83.8581049713539,39.93700876596012],[-83.85810175448688,39.93700777204504],[-83.85809853672153,39.93700678088508],[-83.85809531536292,39.93700579316903],[-83.85809209490262,39.937004808208094],[-83.85808887084907,39.93700382531348],[-83.85808684874138,39.9370032129846],[-83.85808564589719,39.9370028486179],[-83.85808241914872,39.93700187261112],[-83.85807919060356,39.937000901425826],[-83.85807595936349,39.936999932995604],[-83.85807272902173,39.93699896663176],[-83.85806949598503,39.93699800646696],[-83.85806625935504,39.93699704423576],[-83.8580630236234,39.93699608889239],[-83.85805978429848,39.936995138370534],[-83.85805654587189,39.936994189226205],[-83.85805330475034,39.9369932414594],[-83.85805006183217,39.9369922985141],[-83.85804681711735,39.93699135970151],[-83.85804357150424,39.93699042295525],[-83.85804032319616,39.93698949034169],[-83.85803707398979,39.936988561171994],[-83.85803382298677,39.93698763406868],[-83.85803057198376,39.936986711098015],[-83.85802731648918,39.93698579294886],[-83.85802406368953,39.93698487548849],[-83.85802080370335,39.93698396147199],[-83.85801754820876,39.93698305021065],[-83.8580142873243,39.93698214308198],[-83.85801102643981,39.9369812407748],[-83.85800776196206,39.93698034053396],[-83.8580053122563,39.93697966690307],[-83.85800514427133,39.93697962282091],[-83.8580044956877,39.93697944373704],[-83.85800122941332,39.936978549006426],[-83.85799796224063,39.93697765909728],[-83.85799469506794,39.9369767712545],[-83.85799142340369,39.936975888921985],[-83.85798814994278,39.93697500865584],[-83.8579848764819,39.93697413045597],[-83.857981603021,39.93697325570007],[-83.85797832596684,39.93697238576562],[-83.85797504801435,39.93697151720871],[-83.85797176826526,39.93697065278451],[-83.85796848761784,39.93696979111548],[-83.85796520337718,39.936968935645446],[-83.8579619200348,39.936968079486604],[-83.85795863309919,39.93696722952687],[-83.85795534796019,39.936966382322204],[-83.85795205832962,39.93696553511753],[-83.85794877049567,39.93696469617828],[-83.85794547817015,39.93696385792784],[-83.85794218764127,39.93696302243246],[-83.85793889082417,39.936962190381045],[-83.85793559760035,39.93696136315109],[-83.85793230168157,39.93696053867626],[-83.85792900216953,39.936959717645294],[-83.85792570355582,39.9369589000583],[-83.85792281547216,39.93695818578895],[-83.8579223995522,39.936958087981566],[-83.85791909824353,39.93695727383843],[-83.85791579513824,39.9369564658944],[-83.85791249113461,39.93695566001669],[-83.85790918533436,39.93695485896045],[-83.85790587683918,39.93695405928179],[-83.85790256654735,39.93695326442459],[-83.85789925895048,39.9369524737001],[-83.85789594506538,39.93695168573073],[-83.85789263297694,39.9369509005165],[-83.85788931729522,39.93695011943493],[-83.85788600341014,39.936949339730994],[-83.85788268503349,39.936948564848464],[-83.85787936665682,39.93694779478744],[-83.85787604738184,39.93694702541522],[-83.85787272631023,39.93694626017566],[-83.85786940523865,39.936945499068806],[-83.85786608057376,39.93694474071714],[-83.8578627550106,39.936943985809336],[-83.85785942854909,39.93694323227908],[-83.8578561020876,39.936942485636656],[-83.85785277472779,39.936941739683085],[-83.85784944377471,39.93694099923972],[-83.85784611192332,39.93694026017392],[-83.85784278007193,39.936939524552],[-83.85783944732223,39.93693879237407],[-83.85783806571331,39.9369385003294],[-83.85783668230779,39.93693822825952],[-83.85783528812246,39.936937973409236],[-83.85783389214052,39.93693773715613],[-83.85783255904063,39.936937529143165],[-83.85783248897204,39.936937522255356],[-83.85783107951535,39.93693732113025],[-83.85782966916037,39.936937142046254],[-83.85782853009658,39.93693701255478],[-83.85750003326517,39.936883450579906],[-83.85749923915445,39.93688742280343],[-83.8574991241701,39.936887417293164],[-83.85748295359667,39.93688566020247],[-83.85728272989964,39.93809638144029],[-83.85713961929171,39.93888779827043],[-83.8570368574131,39.939425467412505],[-83.85702739006832,39.93947124717596],[-83.85700325682822,39.93957033267067],[-83.85697126602432,39.93967802472956],[-83.85695083384317,39.939737879061944]]],[[[-83.76467190383013,39.90835493878106],[-83.76467201971282,39.90835495049527],[-83.76488797201218,39.90837031886968],[-83.76506574142037,39.90838297849918],[-83.76816209496586,39.90860332058829],[-83.76976798175825,39.90871755859399],[-83.77056010898926,39.90879809411677],[-83.77080376982356,39.90883065393553],[-83.77096767283705,39.90885256765233],[-83.77097565706327,39.9088536246813],[-83.77098785438821,39.90885524950161],[-83.7710415448961,39.90830915061055],[-83.77106844674394,39.9080353284572],[-83.77113605035895,39.9073475960952],[-83.77114844621154,39.90721246761576],[-83.77115896817848,39.90709767376507],[-83.77118113500642,39.90683395085938],[-83.77121202986568,39.9064666834927],[-83.77121837825977,39.90640646103502],[-83.7712319796515,39.9062806258755],[-83.77124795798547,39.90613291104888],[-83.77126128628933,39.90600977044043],[-83.77127757184712,39.9058593041537],[-83.7712925171185,39.905721320559465],[-83.77130672666968,39.90558998719135],[-83.77133634053132,39.90531638088427],[-83.77136595259634,39.90504277624101],[-83.77139556645801,39.90476919806939],[-83.7714103545242,39.90463239479172],[-83.77142517942134,39.90449559261914],[-83.77144402517769,39.90432146232585],[-83.77145378177998,39.904231166448604],[-83.7714635383823,39.904140873208874],[-83.77158451270496,39.904149882691684],[-83.77161323813282,39.90387653456546],[-83.77149314326078,39.90386751470989],[-83.7715020599383,39.90378519064231],[-83.77151684530958,39.90364841434292],[-83.77153166751175,39.90351155645422],[-83.77154587975785,39.90338025123888],[-83.77154599474223,39.903380253995365],[-83.77167260689163,39.903389528201146],[-83.77177908240563,39.90339702447081],[-83.77196195963452,39.90340961748537],[-83.77222205424863,39.90342749468311],[-83.7722665037872,39.903430553694335],[-83.77270479720421,39.90346071998918],[-83.77289653721174,39.90347390287984],[-83.77308827721923,39.903487085767914],[-83.77311783089375,39.90348912625553],[-83.77331549798551,39.90350271227643],[-83.77352854603154,39.903517363675476],[-83.77388868691716,39.90354214169871],[-83.77427884410969,39.90356898156088],[-83.77464644280877,39.90359425090803],[-83.77483690092038,39.9036073345397],[-83.77492003011845,39.90361307559734],[-83.77493131026348,39.903613859126615],[-83.77505209324501,39.90362215337244],[-83.77522959585357,39.90363436319514],[-83.7754106288412,39.90364680800539],[-83.77560690444257,39.90366028855977],[-83.77560702032524,39.90366029200537],[-83.7757967534964,39.90367335150526],[-83.77600634213027,39.903687767189105],[-83.77618855460587,39.90370027952328],[-83.77638336595334,39.90371367048172],[-83.77668536428051,39.90373443225073],[-83.77718299681192,39.903768651805635],[-83.77735039247523,39.902231315047395],[-83.77684775003947,39.90219722772762],[-83.77655185127307,39.90217637383793],[-83.77635193479986,39.90216229551199],[-83.77616579309321,39.90214919575428],[-83.77595631046053,39.90213445309694],[-83.77576581641631,39.90212101427953],[-83.77557382128728,39.90210750999166],[-83.77500348181171,39.902067342368994],[-83.77480941786257,39.90205366578669],[-83.77444988064482,39.90202833453833],[-83.77416151694706,39.902008024325546],[-83.77420156743568,39.901658774830764],[-83.77410317226766,39.90165053754586],[-83.77415277544102,39.901244902585255],[-83.77417023240193,39.901102333085454],[-83.77423037730514,39.900610622850195],[-83.77430974076557,39.89996168922269],[-83.77430985664823,39.899961694735936],[-83.77546766108196,39.90004323844901],[-83.77655233097344,39.90011961822697],[-83.7770392924176,39.90015390367857],[-83.77705960332618,39.900155325404555],[-83.77709269636294,39.89984945171402],[-83.77710747454766,39.899712648261655],[-83.77710758953204,39.89971265377497],[-83.77716150821202,39.899716525470495],[-83.77719735458511,39.899508503879204],[-83.777238884599,39.89930837326395],[-83.7772839342122,39.899121654595085],[-83.77732044713522,39.89898631623581],[-83.77739193057396,39.89875035973502],[-83.77744120855719,39.8986172976605],[-83.77746113139357,39.89856472430025],[-83.77753125118969,39.89837682925515],[-83.77760014837872,39.898192212786604],[-83.7776696896598,39.8980058611641],[-83.7777547241846,39.89777799155463],[-83.77782579619495,39.897622645714165],[-83.7778788264411,39.89746703142995],[-83.7779408551115,39.89728501555648],[-83.77800365902795,39.897100684915294],[-83.77806588892093,39.8969180898408],[-83.77812785021764,39.89673632199581],[-83.7782078685499,39.896501481129846],[-83.7782079682629,39.89650152385971],[-83.77856176434766,39.896653948698265],[-83.77875380439247,39.896736690022756],[-83.77904849492478,39.89686366470798],[-83.77925246459657,39.89695154573488],[-83.77944630306858,39.89703506272345],[-83.7796433754756,39.897119971764305],[-83.7798435012563,39.89720619015002],[-83.78004632377946,39.89729356280955],[-83.7802393358014,39.89737672858742],[-83.78044011286066,39.89746321474182],[-83.78064469698009,39.89755136240207],[-83.7808320693787,39.897632090926635],[-83.7810340313158,39.89771908399467],[-83.78127490647441,39.89782286739971],[-83.78148790601142,39.8978375620531],[-83.78179752025557,39.89785893897076],[-83.78203932157722,39.89787562327201],[-83.78234486735144,39.89789671761504],[-83.78244003666927,39.89790426341728],[-83.78258762987045,39.896542896694015],[-83.7826413347514,39.89604760024827],[-83.78275450181593,39.89500398288062],[-83.78282422635336,39.894360693194386],[-83.78283482737201,39.89426300202174],[-83.78289325110316,39.89372410977738],[-83.78294984496605,39.893202039336835],[-83.78296419285778,39.89307136154955],[-83.78390115636036,39.89312930129676],[-83.78420301365202,39.89315064797864],[-83.78450536950865,39.89317001244323],[-83.78483045903022,39.89319080359736],[-83.78531198926017,39.89322162709556],[-83.78588151216714,39.89325807120163],[-83.78586159022908,39.893390487541666],[-83.78585712829705,39.89343161620166],[-83.78585701151609,39.89343160793101],[-83.78570478300803,39.894834248358414],[-83.78563376220167,39.89548867592227],[-83.78556249256197,39.8961454081079],[-83.78551976150055,39.89653919504932],[-83.7862815526244,39.896587451495954],[-83.7862815526244,39.89658747906358],[-83.78706300786985,39.89663696843711],[-83.78784446491193,39.89668647845063],[-83.78862592105567,39.89673596086077],[-83.78977301936783,39.89680859100578],[-83.78990530886983,39.89681696533199],[-83.79007885170462,39.89703386353979],[-83.79007881846697,39.897033672635274],[-83.79007897567213,39.897033869742465],[-83.79021657870905,39.8972058462471],[-83.79019577282874,39.89708584675331],[-83.79019589050804,39.897085850888445],[-83.79030498730604,39.897093562184445],[-83.79034638257266,39.897332325229684],[-83.79059890798217,39.89855502146643],[-83.79072965238188,39.899165524069204],[-83.79076844522912,39.899346685210375],[-83.79086055847834,39.89970788341568],[-83.79104205050508,39.900488058095064],[-83.7911470231376,39.90093929149918],[-83.7911785486142,39.90105916915797],[-83.79119321361122,39.90106007676263],[-83.79119685538137,39.9010602841954],[-83.79172991836592,39.90109304271976],[-83.79226729775542,39.90112607826472],[-83.79339773231904,39.90119553782869],[-83.79379989459702,39.90122028430181],[-83.79415937701752,39.90124236998225],[-83.79446521654084,39.901261151212566],[-83.79522136534639,39.901307625656],[-83.79569901126108,39.901336968670805],[-83.79641022813276,39.90138063894285],[-83.79666125515239,39.90139606539146],[-83.79688951526946,39.90141009563484],[-83.79713012003515,39.901424867392016],[-83.79760740752202,39.90145417865608],[-83.79769623383561,39.90145963803531],[-83.79777329671059,39.90073182907375],[-83.79745351892731,39.90071224759637],[-83.79693013888323,39.89968779304613],[-83.79764068651002,39.8997318571898],[-83.79840389248047,39.89996233013831],[-83.79900620928522,39.9008037424047],[-83.80052274335122,39.9016326860718],[-83.80052385546556,39.90163329182563],[-83.80067913195735,39.901642825384336],[-83.80067913105904,39.90164279712965],[-83.80115228180404,39.901671865034274],[-83.80118251011334,39.90167372708883],[-83.80118928520722,39.901603421056436],[-83.80119985568317,39.90149389662905],[-83.8012104261591,39.90138439890315],[-83.80122102987274,39.90127487343652],[-83.801231601247,39.901165375360556],[-83.80124217172293,39.90105587710967],[-83.80125274219887,39.900946352496256],[-83.80126331177651,39.900836855273646],[-83.80127387955751,39.90072732962098],[-83.80128445003346,39.900617805171535],[-83.80129501961109,39.900508308113075],[-83.80130558918871,39.90039878193528],[-83.801316160563,39.90028928383767],[-83.80132672744567,39.90017975799896],[-83.80133733385424,39.90007023336347],[-83.80134790433019,39.89996076368541],[-83.80135847211119,39.89985126626621],[-83.80136208154201,39.899813613437054],[-83.8013690407905,39.899741739727396],[-83.80137961126646,39.899632242647336],[-83.8013901808441,39.89952271644762],[-83.80140075221836,39.89941321832842],[-83.80141131820272,39.89930369384611],[-83.80142188867868,39.899194196755275],[-83.8014761747696,39.8986321410042],[-83.80168298850758,39.89648959395617],[-83.80168301905029,39.89648927003618],[-83.80168313493297,39.89648927279295],[-83.80168310528856,39.89648959326697],[-83.80265922904933,39.896544997347966],[-83.80331877931745,39.89658244590516],[-83.80371335622117,39.89660482736465],[-83.80410777861465,39.896627231560075],[-83.804087356315,39.896842186858414],[-83.80406693581196,39.89705711253676],[-83.80404654854657,39.89727206579755],[-83.80403633739674,39.89737952804693],[-83.8040261262469,39.897486990127746],[-83.80400570484555,39.89770191171638],[-83.80361115848457,39.897679534750274],[-83.80321657708926,39.89765712607457],[-83.80255570450105,39.897619614700055],[-83.8025398501346,39.897783830964045],[-83.80253973425192,39.89778382958566],[-83.80245268480594,39.898687569541536],[-83.80303161397227,39.8987204187922],[-83.80303172895663,39.89872042499468],[-83.80330291417123,39.89873583067793],[-83.80349196372445,39.898746579644325],[-83.80395438768663,39.89877281216001],[-83.80397591221916,39.898546347563304],[-83.8039760272035,39.89854635031999],[-83.8049122909185,39.89859954188005],[-83.80500102650225,39.89860458936289],[-83.80518299733104,39.89668824484327],[-83.80539593578261,39.89444551801863],[-83.80189974569743,39.894240636338644],[-83.80189286909393,39.894316761372096],[-83.80189275500788,39.8943167599937],[-83.8018895291577,39.89435016408822],[-83.80135653624176,39.89431846372903],[-83.80135617601732,39.89431844305263],[-83.80135612122011,39.894318440295784],[-83.80135603408353,39.89431843478204],[-83.80075331752846,39.89428257569296],[-83.80075513751524,39.894263705019874],[-83.80076387991957,39.894173070579484],[-83.80076399580224,39.89417307402557],[-83.80136721361723,39.89420895591598],[-83.80189963161139,39.89424062117593],[-83.80190459390501,39.89419546661007],[-83.80190959572451,39.89415035750265],[-83.80199348040574,39.89338963635172],[-83.80203965920126,39.8929709688376],[-83.8021116717477,39.89231787846987],[-83.80221996185855,39.891336094251685],[-83.79866899340564,39.89116867133416],[-83.79804121744745,39.89115033879347],[-83.79803323142457,39.89114980531771],[-83.79803311644022,39.891149797735984],[-83.79755612809232,39.89111749280681],[-83.79724508103531,39.89109642394699],[-83.79724496515264,39.89109641912229],[-83.79661521649408,39.891053749285184],[-83.79489623001079,39.89100351562921],[-83.79489611233149,39.89100351218297],[-83.79497459723954,39.89029856086884],[-83.7949747131222,39.89029856224732],[-83.79593456479994,39.890326607976256],[-83.7959346806826,39.890326607976256],[-83.79701662239059,39.89030327536425],[-83.79701673917157,39.89030327605352],[-83.79716411498045,39.89030757010386],[-83.79716423086312,39.89030757355013],[-83.79727095251549,39.89031069793684],[-83.79727106839817,39.890310700693846],[-83.79763640244443,39.89032137102828],[-83.79870597255433,39.890352601786915],[-83.80134585617132,39.89047342018386],[-83.80201052683658,39.89050381756797],[-83.80219967520449,39.890509403952535],[-83.80225669486884,39.8905110753877],[-83.80229934687853,39.89051232706863],[-83.80229937921787,39.89051199278159],[-83.80229946006627,39.8905123312041],[-83.80308802188391,39.89053552175917],[-83.80308813776658,39.89053552175917],[-83.8045167986315,39.89065042537797],[-83.80456914705637,39.89151827342185],[-83.80576782303888,39.89181297176562],[-83.80610186966213,39.89183632040548],[-83.80686304184677,39.89188955646003],[-83.80749701258718,39.89196155626437],[-83.80767134773605,39.89198135459485],[-83.80767123185338,39.891981357351796],[-83.807540172145,39.89326093217032],[-83.80793686098792,39.89328534516754],[-83.80840240300246,39.89331399136645],[-83.8084171632209,39.893208042482335],[-83.80896187465973,39.89324314398706],[-83.80915215131164,39.893255404594],[-83.80914940875508,39.89327435204856],[-83.8109574640971,39.89340155025355],[-83.81095102137988,39.893481325648146],[-83.81121423224971,39.89349773808332],[-83.81121426638569,39.893497412770785],[-83.81132096198694,39.893503790826905],[-83.81141796656287,39.893603163401295],[-83.81136774984019,39.894295151773825],[-83.81136574300383,39.894322960156565],[-83.81133279729079,39.89460968261615],[-83.81168964225763,39.89459992615318],[-83.81179358991241,39.89471697535945],[-83.81221068488537,39.89474829715856],[-83.8122127977229,39.89474845636586],[-83.81230621083436,39.89475547113461],[-83.81234744260759,39.894758567750266],[-83.81262680338958,39.894779545887275],[-83.81291168431899,39.894800936853734],[-83.81319281837537,39.89482204799501],[-83.81319353792591,39.894822101064065],[-83.81348442678795,39.89484879340525],[-83.8135601844108,39.894090911993246],[-83.8135833582502,39.893859097378446],[-83.81360533643193,39.89363951150292],[-83.81362725083329,39.893420230249426],[-83.81364901341937,39.8932024321948],[-83.81367089817631,39.892983589269626],[-83.81367419768836,39.89295063526357],[-83.81387730407914,39.89165909633834],[-83.81387741816519,39.89165911150162],[-83.81511493101237,39.89181911701594],[-83.81561765699148,39.89189611593531],[-83.81637527993242,39.892012144864296],[-83.81850285074964,39.892255919802274],[-83.81922668266286,39.892338844947695],[-83.82063908491946,39.892500628471346],[-83.82133770381762,39.89258066613299],[-83.82143488895494,39.89259143260635],[-83.82378530574302,39.89285181932861],[-83.82971467709835,39.893508432044385],[-83.8297198522927,39.89350900409823],[-83.82963958153387,39.894289274849605],[-83.82963196921014,39.89436214260907],[-83.82962691079678,39.89436155264288],[-83.82947503712327,39.89434382746362],[-83.82768274631616,39.8941346427095],[-83.82646407114048,39.8939923988899],[-83.82646395615612,39.89399238510559],[-83.82645889953938,39.89399179444698],[-83.82469761588095,39.8937861863526],[-83.82420319033508,39.89372847460302],[-83.8242030672659,39.89372846081861],[-83.82419801424243,39.89372787222537],[-83.8236378347127,39.89366247562507],[-83.82287123760209,39.89357297553634],[-83.82210125294449,39.89348305904076],[-83.82210113796015,39.89348304594558],[-83.8220960813434,39.89348245528253],[-83.82133104011484,39.89339311072306],[-83.82125577297212,39.89338432106637],[-83.8205155072791,39.893299920868905],[-83.8202283832564,39.893267192391164],[-83.82002439921158,39.893243939351656],[-83.82002428782049,39.893243927634856],[-83.8200191278975,39.89324333972669],[-83.81990217712898,39.89323000737385],[-83.81980925180272,39.8932194153746],[-83.81913743054781,39.89314280046167],[-83.81910296847857,39.89313934399753],[-83.81840771826275,39.893069578522244],[-83.8183173675081,39.89384261059422],[-83.81825562180705,39.89437087562489],[-83.81817099691403,39.895094880187926],[-83.81886829079711,39.89514720533946],[-83.81957777122535,39.89520044157929],[-83.81965427175497,39.89520618196292],[-83.81979375855902,39.895216647530795],[-83.8202881391891,39.89524579604143],[-83.82060920964807,39.895264728472426],[-83.82106136856149,39.8952913848027],[-83.82113501244848,39.895296353960006],[-83.82132021811061,39.895308855420865],[-83.82168605701007,39.895333544748304],[-83.8219089784394,39.895348585915286],[-83.82190335588403,39.89540334306845],[-83.82201376512066,39.89541197670648],[-83.82267655022211,39.89546380745824],[-83.82344618004515,39.895523979573355],[-83.82451016712555,39.895607147498644],[-83.82569524171636,39.895699783545396],[-83.82628349809026,39.895745759334496],[-83.82750709423709,39.895841372529354],[-83.82854546136558,39.895922517275785],[-83.82859866139331,39.89592667520227],[-83.82893206572115,39.89595272891699],[-83.82926281193402,39.8959785586329],[-83.82946406510038,39.89599427713847],[-83.8295968962865,39.89600465574727],[-83.83047384244665,39.896073173547606],[-83.83054477342148,39.896078710545424],[-83.83062064782533,39.89608463900588],[-83.83063128028503,39.89608547017571],[-83.83173854460254,39.896171975878715],[-83.83174721244673,39.896172652667886],[-83.8317473229395,39.89617266231662],[-83.83171123581789,39.89623101916137],[-83.83165781300796,39.89631954953031],[-83.83165770161686,39.89631954057081],[-83.83159189463241,39.8964285963475],[-83.83039168073414,39.8984172312922],[-83.83031981551142,39.89853632426243],[-83.82998426241343,39.8990922734167],[-83.82993903493382,39.89916720494159],[-83.82991123477072,39.89921326455007],[-83.82986611688558,39.899288016071054],[-83.82971959088296,39.899530774806486],[-83.82958750619684,39.899749607852726],[-83.82924191622222,39.900322148171014],[-83.82917791395316,39.90052634250501],[-83.82914340786647,39.90063647355245],[-83.82906738164732,39.900763596070455],[-83.82893480468445,39.90098534647082],[-83.82883041595686,39.901159908377366],[-83.82872602722927,39.90133447121747],[-83.82862167263764,39.90150900397981],[-83.82855092581745,39.90162731353799],[-83.82862141482116,39.9016572490759],[-83.82864034232419,39.901665287198725],[-83.82864340018942,39.90166658484826],[-83.82881090814215,39.90173775637407],[-83.8299158943321,39.902207172620834],[-83.82991591499335,39.90220712989453],[-83.82991601111308,39.90220717124255],[-83.8300107851722,39.90224744422073],[-83.8299812575488,39.90231013743015],[-83.8299789596583,39.90231501373475],[-83.83284647816495,39.90351284579929],[-83.83325571647242,39.90368376685261],[-83.83379138187634,39.90390752691511],[-83.8348037454723,39.90433037186358],[-83.83489330031959,39.9043677631046],[-83.83522955859506,39.90450823573691],[-83.83549865612494,39.90462064616132],[-83.8357677518582,39.90473303090426],[-83.8367808233266,39.90515614984535],[-83.83693912983586,39.90522226868411],[-83.8375637275546,39.90548313457921],[-83.83888268885197,39.90603398732762],[-83.83889115727015,39.90595953741005],[-83.8389492234718,39.905448127548624],[-83.83895434386892,39.905402933508405],[-83.8389544588533,39.905402935575694],[-83.83898116935994,39.905403915478516],[-83.83898128524261,39.90540391892403],[-83.84118451307137,39.905484301227226],[-83.84118947356838,39.90548448177172],[-83.84109692014465,39.906584555187386],[-83.84109629222228,39.90659201940938],[-83.842339784256,39.906649682426334],[-83.84234425876444,39.90664988984224],[-83.84233209018558,39.90727534440182],[-83.84233209018558,39.90727537403238],[-83.8423275527951,39.90750747402312],[-83.84208700282662,39.90771153600238],[-83.84208461779954,39.90771355844809],[-83.842728159191,39.90825729512083],[-83.84304730725525,39.908526955090835],[-83.8430473701373,39.908526909612185],[-83.8430474222396,39.908526953712666],[-83.84309546503931,39.908567542015525],[-83.84347613871736,39.90829196927197],[-83.84347624921014,39.90829197065014],[-83.84357598196962,39.90829499636864],[-83.84363531659245,39.90829934235034],[-83.84505286799227,39.90840309526028],[-83.84541605596331,39.908429676883664],[-83.84673675280581,39.90852633148212],[-83.8471292177703,39.90855505055321],[-83.84785497387486,39.908608145453805],[-83.84795308427694,39.90861532142426],[-83.84801172180711,39.90861961294915],[-83.84817531939338,39.9087484846704],[-83.8481802807887,39.90875239237601],[-83.84818495562143,39.908756076134225],[-83.84817871951674,39.90882847028103],[-83.84815123106904,39.90914754219064],[-83.84815090587891,39.90915129965749],[-83.84813908764303,39.9092882971852],[-83.84805463432822,39.91026850882134],[-83.84802296871446,39.91063600179672],[-83.84788966591282,39.91218261866494],[-83.8475804478257,39.91216550651226],[-83.84758033014641,39.91216550237804],[-83.84739045414312,39.91447302604817],[-83.84739057182242,39.914472997109755],[-83.8473905700258,39.91447302467013],[-83.84738316341627,39.91456298321357],[-83.84737644222133,39.91464470867224],[-83.84737573973878,39.91465325513782],[-83.8491169810849,39.914360931510295],[-83.84912753718781,39.91435916764026],[-83.84912766115534,39.91435915661604],[-83.84906932096752,39.91444785235212],[-83.84906462906677,39.9144549836141],[-83.84982548953602,39.91450180739306],[-83.84983095219125,39.91450214363008],[-83.84980625211419,39.91466319891197],[-83.84980522084827,39.914669918813395],[-83.84980583709255,39.91467000700651],[-83.850701332565,39.914833314946456],[-83.8507180250596,39.91483638102745],[-83.85126909567232,39.91493763121273],[-83.85151248611372,39.91498234768296],[-83.85203858805313,39.915078991657474],[-83.852038693156,39.91507898821245],[-83.85285438319693,39.91503607148622],[-83.85285662000199,39.915035954355396],[-83.85285673498635,39.91503594953233],[-83.85291241885587,39.91524343409896],[-83.8529145487614,39.91525137072239],[-83.8537376436152,39.91516278351147],[-83.85373775949788,39.91516278351147],[-83.85555579961428,39.91518145137421],[-83.8569320922914,39.915387844121796],[-83.85702205856711,39.91540132718888],[-83.85703794796785,39.91522907389997],[-83.85705887152746,39.915002273029565],[-83.85719521422801,39.91352471007334],[-83.85720353981407,39.91343431539393],[-83.85721190043442,39.91334394608906],[-83.85727381322211,39.912672833342654],[-83.85745671380722,39.91075317589163],[-83.8575450271828,39.909826088575365],[-83.85768831745378,39.90832200388073],[-83.85785046336257,39.90662016252343],[-83.85796225600471,39.90544669628503],[-83.85796423948487,39.905425917118244],[-83.8579681435631,39.905384827355114],[-83.85796883257092,39.90537822851383],[-83.85797236654325,39.90534375961863],[-83.85797587536274,39.90530975860693],[-83.85806639679728,39.90443228603268],[-83.85809102590744,39.90419364557961],[-83.85812248131543,39.90388868370049],[-83.85815994645266,39.90352553802599],[-83.85835251919843,39.90165858187173],[-83.85838626890366,39.90133155683268],[-83.85846197083096,39.90059760273723],[-83.85846947715348,39.90052482154902],[-83.85847731764927,39.90044880333819],[-83.85873119232835,39.897987333347665],[-83.8587366082712,39.897932554137846],[-83.8589688667896,39.89557132561146],[-83.858992470922,39.89533133516308],[-83.85899871600986,39.89526784091672],[-83.85902773608512,39.894972718402464],[-83.85903309273915,39.894918378564846],[-83.85905307666096,39.89471541498954],[-83.85907154242996,39.89452752593172],[-83.85933056625224,39.891894218463946],[-83.85945383666879,39.890640782766944],[-83.8596272339765,39.88887764542418],[-83.85996939777664,39.88539857535101],[-83.86017633188887,39.88329422160928],[-83.86039740728027,39.88106093556707],[-83.86039814928871,39.88105344236899],[-83.8608105101401,39.8768873842179],[-83.86090711496574,39.875911141700435],[-83.86105235997077,39.874443823586354],[-83.86111600920191,39.87380055054874],[-83.86112178806414,39.87374247105958],[-83.86112257858159,39.873734339348076],[-83.86112480281024,39.873711847008295],[-83.86112914706295,39.87366795848595],[-83.86145825564707,39.870342432575335],[-83.86163254947344,39.868581116768254],[-83.86162748297525,39.86858081891632],[-83.8616273688892,39.868580812021584],[-83.86095561051636,39.86854129216116],[-83.85717502728694,39.868318795590866],[-83.85652646521137,39.86828888686161],[-83.85602873745854,39.86826051151232],[-83.85562112330511,39.868227318785365],[-83.85487324349172,39.86818328127431],[-83.85299416913998,39.86807262924129],[-83.85268711150114,39.86805454080542],[-83.84698757411124,39.86771866316061],[-83.84696766654623,39.86771749311183],[-83.84683904127228,39.867709909512776],[-83.84669236525099,39.86770127169659],[-83.84665212701448,39.86769890746654],[-83.84579182483992,39.867648168546594],[-83.84575388629052,39.867645933247765],[-83.84575073589883,39.867645747777246],[-83.84557534433117,39.86763541796527],[-83.84284509648478,39.86747438935741],[-83.84205330791862,39.867426954277164],[-83.83630704196429,39.8670831672115],[-83.83338064967056,39.86690714368383],[-83.82411819623447,39.866351091400745],[-83.82404717542812,39.86634684204618],[-83.82397612946893,39.86634255545864],[-83.82396093626254,39.86634165015232],[-83.82396088865183,39.86634164670483],[-83.82385171729365,39.866335146839276],[-83.82339737188083,39.866307700810545],[-83.82334748843309,39.86630468702824],[-83.82329588830487,39.866301580164006],[-83.82323907974461,39.8662981561319],[-83.8231680562433,39.86629388608921],[-83.82313416999416,39.86629183897837],[-83.82208141185482,39.86622841229804],[-83.82127518646372,39.8661798345506],[-83.82070688706217,39.86614559691922],[-83.8202071111505,39.86611548108292],[-83.81999656221755,39.866102780549994],[-83.81912357403455,39.86605015122644],[-83.81741642195684,39.865947242269264],[-83.81623916091237,39.86587626318556],[-83.81552349109182,39.86583312258346],[-83.81516569211415,39.865811521934205],[-83.81438585563285,39.86576448354593],[-83.81428015536495,39.86575811669927],[-83.81427827429273,39.86575800362118],[-83.81417059503626,39.865751509216324],[-83.80788184366837,39.86537200709404],[-83.80509925009206,39.865203983651675],[-83.80428193230384,39.86515240927313],[-83.80047993772962,39.86491245506984],[-83.79999992295757,39.864882172520545],[-83.79989120165536,39.86487530638724],[-83.79978169253064,39.86486839543521],[-83.79976025603303,39.86486704123878],[-83.79466846935702,39.86454546503007],[-83.78956249648606,39.86422275237105],[-83.78924193537188,39.864202477843754],[-83.78614069409291,39.864006376437196],[-83.785081477965,39.863936537188636],[-83.7823784957841,39.86375823637577],[-83.7808455935153,39.863657097430334],[-83.77975685425555,39.863585248558344],[-83.77975394012077,39.863585047217825],[-83.77916641048392,39.86354626847456],[-83.77903945338144,39.86353789008425],[-83.77891246753289,39.8635295082453],[-83.7784555798878,39.863499347820756],[-83.77673428293761,39.863385726036924],[-83.76750376730485,39.86277593771196],[-83.76617342165787,39.86268798736375],[-83.76344054354432,39.86250726373478],[-83.76329665409706,39.86249775093547],[-83.7611311258658,39.86235450922884],[-83.76097867188064,39.86234442685269],[-83.75815523819655,39.86215761026316],[-83.7580931044233,39.8621534723538],[-83.7580309329208,39.86214936478387],[-83.7566564225012,39.86205838449383],[-83.75469583502057,39.86192858788014],[-83.75335518929055,39.86183981451435],[-83.75204421850762,39.86175298760708],[-83.75151368068735,39.86171785894826],[-83.75099191850909,39.86168329086857],[-83.75047017609374,39.861648722081924],[-83.74951620568619,39.86158551865821],[-83.74916924128917,39.861562529312046],[-83.74872052831319,39.861532796918596],[-83.74740373015901,39.86144311698023],[-83.74731430107585,39.86143702210238],[-83.74637764030551,39.861373228923114],[-83.74623700994609,39.86136364977037],[-83.74544364214167,39.86130959496949],[-83.74517248926642,39.86129112136333],[-83.74410796948506,39.86121860942877],[-83.74354813850168,39.861180458903995],[-83.7431933003712,39.86115627719589],[-83.74215693019758,39.86108564275642],[-83.74140259868383,39.86103422594688],[-83.74076743498074,39.86099093059965],[-83.7400399999249,39.86094133343852],[-83.73984328145409,39.860927923781055],[-83.73920259670524,39.860884247735456],[-83.73843455240869,39.86083187850657],[-83.73641489530823,39.86069414628535],[-83.73588256984054,39.86065783312423],[-83.73535031893302,39.86062152270209],[-83.7348179988552,39.86058520950254],[-83.73428567967572,39.860548894215064],[-83.7336671132458,39.8605067052945],[-83.73063781983458,39.86029998038093],[-83.72967976658407,39.86023459120177],[-83.72776801242058,39.86010374852768],[-83.72646226444273,39.86001435909435],[-83.72635215344678,39.86000682222335],[-83.7259014542957,39.85997597138143],[-83.72407238646086,39.859848540156285],[-83.72386878420004,39.85983402905798],[-83.72329388218114,39.85979042265131],[-83.72257151811509,39.85973382626863],[-83.72005588856985,39.85953673222182],[-83.7192256089904,39.85947166296242],[-83.71910154266651,39.85946193942539],[-83.71682101390924,39.859283165665836],[-83.71610055786485,39.85922667781624],[-83.71545201106063,39.85917583609146],[-83.71308328570875,39.85899008453344],[-83.71049408863334,39.85878698357105],[-83.7104921114414,39.85880220514821],[-83.71049047201599,39.8588148022178],[-83.71048347144497,39.858868938973956],[-83.71048340946123,39.85886942856842],[-83.70955611362774,39.866037011471455],[-83.70909162443871,39.86962685588842],[-83.70862777215525,39.873211223872154],[-83.70862419506378,39.8732388263962],[-83.70852478749444,39.87400427442659],[-83.70831599746285,39.8756116243359],[-83.70813639998303,39.876994146984906],[-83.70807852422423,39.877439648419305],[-83.70803251610863,39.87779379390173],[-83.70802541043474,39.87784844857271],[-83.70797273053155,39.87825408619513],[-83.70792199907417,39.87864468486167],[-83.70786472608494,39.87908542997532],[-83.70784473228164,39.879239216433206],[-83.70783810001988,39.879290295597876],[-83.7077634149855,39.879865307900104],[-83.70773687965033,39.880069613503295],[-83.70773389814188,39.880092553907744],[-83.70773088159916,39.8801157831447],[-83.7077157908007,39.88023179754464],[-83.70770070539214,39.88034784897347],[-83.70768928061835,39.88043589456073],[-83.70767929314903,39.88051284491348],[-83.70763373239444,39.88092750205992],[-83.70762226000996,39.88103197473106],[-83.7076197995244,39.88105439435674],[-83.70761818255689,39.88106912707244],[-83.70753775638948,39.88180222250955],[-83.70752768178359,39.88194869382756],[-83.70750803383169,39.88207320947062],[-83.70749861499593,39.88215882913874],[-83.70749623176549,39.88218068796636],[-83.70749621918907,39.88218081687211],[-83.70748432279977,39.88228926853916],[-83.70748267618787,39.88230406440822],[-83.70747243000372,39.88239771658802],[-83.7074668038551,39.88244894160642],[-83.70734861880138,39.88352610159347],[-83.7068579661797,39.88690492781493],[-83.70679743679754,39.887321746499225],[-83.70679537157069,39.88733599950546],[-83.7067351098865,39.88775088972242],[-83.70673313808446,39.88776449954194],[-83.70672718315242,39.887805440647426],[-83.70672189207541,39.887847665164834],[-83.70672029037927,39.88786009216367],[-83.70671958430346,39.88786572012036],[-83.70648177329828,39.88976405560627],[-83.70619598956199,39.89196259701227],[-83.70619554040435,39.89196608592991],[-83.70604586670498,39.89313711848938],[-83.70579327571845,39.89511328059414],[-83.70578627694407,39.89516793179777],[-83.70577931140734,39.89522258364703],[-83.70486119455943,39.902404633342194],[-83.70486117210154,39.902404793909945],[-83.70485112714005,39.902483308051515],[-83.70484371783557,39.902541231572286],[-83.70483315544445,39.902623180869625],[-83.70482687352569,39.90267181205318],[-83.7048260866015,39.902677832286564],[-83.70443128511896,39.90574020668324],[-83.70441243666767,39.905886404964974],[-83.70433195390642,39.90651074878974],[-83.70393915297203,39.909556928464454],[-83.70391275328245,39.90976173541204],[-83.70369465490788,39.91145321616726],[-83.70365527096918,39.911758585358214],[-83.70360101452266,39.912179305102086],[-83.70356952228376,39.91242352094041],[-83.70318231246368,39.91542585356256],[-83.70296917458612,39.91707840463433],[-83.7026788920869,39.91959598105075],[-83.70266100123969,39.91975098012971],[-83.70224535794425,39.92335502247452],[-83.70222878043398,39.923498807764986],[-83.70221221280521,39.92364258999778],[-83.70220467773659,39.923707870491576],[-83.70219605660482,39.92378266211109],[-83.7021270309567,39.924380994881346],[-83.70187696333781,39.926548849551494],[-83.70176575460057,39.9275129285995],[-83.70173394256143,39.92778905019646],[-83.70172119187427,39.927899245568305],[-83.70128554399578,39.93167611287994],[-83.700983410023,39.93439250898149],[-83.7003926787905,39.93970296943636],[-83.70038637980372,39.93975959072559],[-83.70038008261356,39.9398162615584],[-83.70009944083398,39.94233884781222],[-83.69984245978065,39.94464860877672],[-83.69972225441585,39.945728992041964],[-83.69962685063774,39.946586462855464],[-83.69962192248008,39.946630743377035],[-83.69962182815698,39.94663159459413],[-83.7095912467385,39.947273366583154],[-83.70959127997615,39.947273366583154],[-83.70966234390167,39.94727796077073],[-83.7097334455564,39.94728252672212],[-83.71458986194986,39.947594850846535],[-83.71972422248213,39.94792481186479],[-83.72830767712416,39.94842790906896],[-83.7291299859521,39.94847607042253],[-83.7292366797567,39.94848233868212],[-83.72934340859561,39.94848857801704],[-83.73334506362318,39.94872287565097],[-83.73453738402506,39.9487926629543],[-83.7383287182918,39.94901099151897],[-83.74648147746751,39.94959001280819],[-83.7480023117688,39.949697333061444],[-83.74932253969072,39.94979049439732],[-83.74976731265589,39.949821865388095],[-83.75023278011022,39.94985469768942],[-83.75067666733652,39.94988599014417],[-83.75142100329612,39.94993845180227],[-83.75151204755015,39.94994486385649],[-83.7515121149238,39.9499448693657],[-83.7515560829654,39.94991268788563],[-83.75173143590547,39.94978438533699],[-83.75209599560397,39.94951762250274],[-83.75243665831928,39.949268353360075],[-83.7556801846544,39.94689476893006],[-83.75703236565097,39.94417364933961],[-83.75716569001219,39.94306130819387],[-83.75716580589487,39.943061313014965],[-83.75776389343123,39.94309771821002],[-83.7578536926203,39.94208990101064],[-83.75805942568498,39.93976686881147],[-83.75848651261883,39.93971286962478],[-83.75860202159132,39.938416083586034],[-83.75865335761486,39.93783973384732],[-83.75875746966135,39.937816025502556],[-83.75875746786471,39.937816051676016],[-83.75875758734065,39.93781602412499],[-83.75875604852656,39.93784137726559],[-83.75885466468013,39.93782079734055],[-83.75885466288351,39.93782082213649],[-83.75877783267221,39.938671033272904],[-83.75874042502714,39.93908492526392],[-83.75869265172201,39.93961379742286],[-83.75860808881275,39.94054941797446],[-83.7585941505528,39.94070347631033],[-83.75853992734393,39.94130366128592],[-83.75846980215792,39.94207961340953],[-83.75846516235947,39.942130673285426],[-83.75846516325778,39.94213070152342],[-83.7603959042131,39.942263716260584],[-83.76095732431621,39.942966067390046],[-83.76095739797807,39.94296601298086],[-83.76113983772744,39.94319424536254],[-83.76149876678573,39.94292715654606],[-83.76163102125344,39.94282873708847],[-83.7624729385074,39.9422050583981],[-83.76257486225784,39.94212969735171],[-83.76267555441804,39.9420552825416],[-83.76278321570821,39.94197574209337],[-83.76288598477333,39.94189976713191],[-83.76299311695581,39.94182056122837],[-83.76309690560879,39.94174386154409],[-83.76318848346212,39.94167618904852],[-83.76330261801222,39.941591828373326],[-83.76340546702741,39.94151651141952],[-83.7635078282574,39.94144169303003],[-83.7636169484116,39.94136199965701],[-83.76371684376615,39.94128899179807],[-83.76382259972961,39.941216662960336],[-83.7639373577105,39.94113915883688],[-83.76404651379731,39.94106539381163],[-83.7641572904449,39.940990566663906],[-83.76426591562736,39.940917164446795],[-83.76449007942675,39.940773878579414],[-83.76460224037818,39.94070268838416],[-83.76472303952936,39.940626050811616],[-83.76483829787189,39.9405544974923],[-83.76494842593583,39.94048928609743],[-83.76506416397874,39.94042074866922],[-83.76517958761127,39.94035243088362],[-83.76528904373538,39.94028761119543],[-83.7654050360015,39.9402192898332],[-83.7655229542556,39.94015489911146],[-83.76564521766069,39.94008812868815],[-83.76576260321382,39.940024018854444],[-83.76623796111944,39.93976718701677],[-83.76634703635787,39.93971093628492],[-83.76646417756925,39.93965055778471],[-83.76658225572343,39.93958968332553],[-83.76670203977838,39.93952790722739],[-83.76682362495546,39.93946523499789],[-83.76693941420231,39.93940553402047],[-83.76696284046831,39.93939344697513],[-83.76705983606111,39.93934361173888],[-83.76718410720086,39.93927972987627],[-83.76729686283703,39.93922181882832],[-83.76742000479447,39.93915852229994],[-83.76754018051487,39.93909679746976],[-83.7676613048562,39.939034539481014],[-83.76777844247431,39.93897435599295],[-83.76779250290515,39.938967120526165],[-83.76790114335897,39.93891048824972],[-83.76802144125024,39.93884780099064],[-83.76813340277569,39.93878942879276],[-83.7682514054714,39.938727946075474],[-83.76836990134221,39.93866618297475],[-83.76863660306525,39.9385271786007],[-83.7686510066525,39.93840960088557],[-83.76867898468203,39.9381817568535],[-83.76878765478027,39.93729657574891],[-83.76880566061182,39.93714982874525],[-83.76887296868111,39.93660135668262],[-83.76890187646696,39.93636589756398],[-83.76892385285205,39.93592874988694],[-83.7689256360079,39.93589355797856],[-83.76859489069334,39.93588508442115],[-83.76859477481065,39.935885080288415],[-83.76826451278973,39.93586754631681],[-83.76787412113691,39.93583212087521],[-83.7674860210864,39.935784013301465],[-83.76726469506501,39.935749539733415],[-83.76704473538118,39.93571044432094],[-83.76600245159806,39.93596018027117],[-83.76574103107058,39.93602282471505],[-83.76511901331335,39.93617185954812],[-83.76512982902936,39.936172429179315],[-83.76508890986986,39.93618165486219],[-83.76508890178502,39.93618163282083],[-83.76508879398719,39.9361816562398],[-83.76508441200522,39.93617011897004],[-83.7646073374191,39.9349103655302],[-83.76423731326872,39.93471459930384],[-83.76387975324292,39.934505572944865],[-83.76383661704129,39.934477557009316],[-83.76385070172664,39.93423576729223],[-83.76384800408583,39.934234007378215],[-83.76384531273325,39.93423224470886],[-83.7638426177874,39.93423048135068],[-83.76383992823143,39.93422871523717],[-83.76383723598053,39.93422695119009],[-83.76383454732289,39.93422518576536],[-83.7638318568686,39.93422341896289],[-83.76382916731265,39.934221650094],[-83.76382648314657,39.934219879847426],[-83.76382379718386,39.93421811166722],[-83.7638211121195,39.93421634073172],[-83.76381842795341,39.93421456910737],[-83.76381574648231,39.934212796105356],[-83.7638130614179,39.934211023103316],[-83.76381038264172,39.93420924941239],[-83.76380770206893,39.93420747434382],[-83.76380502329275,39.93420569720875],[-83.76380234451656,39.93420392007363],[-83.76379966753703,39.93420214293845],[-83.76379699325243,39.93420036304799],[-83.76379431717119,39.9341985838463],[-83.76379164647986,39.93419680257816],[-83.76378897129695,39.934195021309904],[-83.76378629970728,39.934193240041665],[-83.76378362901593,39.934191454640484],[-83.7637809583246,39.93418967061685],[-83.7637782903282,39.93418788521558],[-83.76377562412846,39.934186100503084],[-83.76377295523375,39.93418431234642],[-83.7637702908306,39.93418252487858],[-83.76376762463086,39.93418073809948],[-83.76376496382096,39.93417894580984],[-83.76376229941785,39.93417715627543],[-83.76375963860798,39.93417536467452],[-83.76375697689978,39.934173571007086],[-83.76375431878486,39.934171779406086],[-83.76375165977161,39.934169984360956],[-83.76374900165669,39.934168190693434],[-83.76374634533839,39.93416639495939],[-83.76374369171505,39.934164597158876],[-83.76374103539675,39.93416280004715],[-83.76373838177341,39.93416100018012],[-83.76373573084501,39.934159200313],[-83.76373308081492,39.934157400445876],[-83.76373042898818,39.93415559851224],[-83.76372778165305,39.9341537965786],[-83.76372513252129,39.93415199326727],[-83.76372248428783,39.934150189267065],[-83.76371983964762,39.93414838457799],[-83.76371719231247,39.93414657920004],[-83.76371454857059,39.93414477244445],[-83.76371190572704,39.934142964311214],[-83.76370926378179,39.93414115617787],[-83.76370662273483,39.93413934666689],[-83.7637039816879,39.934137536467034],[-83.76370134423424,39.934135724889536],[-83.76369870588225,39.93413391262311],[-83.7636960702252,39.93413210104552],[-83.76369343187321,39.9341302860238],[-83.76369079891111,39.93412847100198],[-83.76368816415238,39.93412665460252],[-83.76368553298691,39.93412483820302],[-83.76368290002482,39.93412302111469],[-83.76368027065598,39.93412120333743],[-83.76367764038883,39.93411938487136],[-83.76367501191831,39.934117565027584],[-83.7636723843461,39.93411574173974],[-83.76366975677391,39.93411392051828],[-83.76366713189664,39.93411209860793],[-83.76366450881602,39.934110273942245],[-83.7636618866337,39.93410844927656],[-83.76365926445138,39.934106623922],[-83.76365664226905,39.9341047971898],[-83.76365402098507,39.93410297114631],[-83.7636514014977,39.934101143036365],[-83.76364878290863,39.934099312859935],[-83.76364616611623,39.934097484749884],[-83.76364355112042,39.93409565181806],[-83.76364093702296,39.93409382233032],[-83.76363832202715,39.9340919893984],[-83.76363570972632,39.93409015440006],[-83.76363309652716,39.93408832146804],[-83.76363048781957,39.9340864864696],[-83.76362787462041,39.93408465009341],[-83.76362526770944,39.934082811650796],[-83.76362266079849,39.93408097527451],[-83.76362005298924,39.93407913614298],[-83.76361744877322,39.93407729632257],[-83.76361484096394,39.93407545512446],[-83.7636122403412,39.93407361530395],[-83.76360963792182,39.934071772728146],[-83.76360703640077,39.93406993084106],[-83.76360443667633,39.934068086198735],[-83.76360183695189,39.9340662415563],[-83.76359923812578,39.934064393469804],[-83.7635966410963,39.93406254744967],[-83.76359404676175,39.93406070074066],[-83.76359144973227,39.934058852653955],[-83.76358885629604,39.93405700181201],[-83.76358626375813,39.93405515372521],[-83.76358367211854,39.93405330219433],[-83.76358108047894,39.934051449974575],[-83.7635784915343,39.93404959706594],[-83.76357675868411,39.93404835720141],[-83.76357590258965,39.93404774209085],[-83.763573313645,39.934045889182116],[-83.76357072919193,39.93404403282931],[-83.7635681420439,39.93404217647641],[-83.76356555848915,39.93404031874585],[-83.76356297403609,39.93403846239285],[-83.76356039137963,39.93403660328454],[-83.76355781051981,39.93403474210975],[-83.76355523145665,39.93403288231253],[-83.76355265149516,39.93403102044887],[-83.76355007243197,39.93402915858511],[-83.76354749786037,39.934027295343654],[-83.76354492149213,39.93402542934694],[-83.76354234422557,39.934023564727774],[-83.76353977055228,39.93402170010856],[-83.76353719957395,39.93401983273405],[-83.76353462590066,39.93401796604826],[-83.76353205761727,39.934016096607216],[-83.76352948663892,39.9340142278549],[-83.76352691925383,39.93401235634733],[-83.7635243500721,39.93401048552848],[-83.76352178448367,39.93400861470958],[-83.7635192179969,39.934006741135384],[-83.76351665420508,39.93400486893873],[-83.76351409220989,39.93400299329801],[-83.7635115302147,39.93400111834605],[-83.76350897001615,39.93399924270516],[-83.76350640891927,39.93399736499786],[-83.76350385051734,39.933995486601624],[-83.76350129301373,39.933993607516555],[-83.76349873551011,39.933991728431444],[-83.7634961789048,39.9339898459022],[-83.76349362589276,39.9339879647505],[-83.7634910701858,39.93398608153233],[-83.76348852076701,39.9339842010694],[-83.76348596685668,39.93398231509587],[-83.76348341564126,39.933980432566365],[-83.76348086891743,39.933978544526255],[-83.76347832039696,39.933976659241395],[-83.76347577367314,39.93397477120123],[-83.76347322784761,39.933972881783355],[-83.76347068292041,39.93397099236544],[-83.76346813799323,39.933969102947515],[-83.76346559665929,39.933967211463006],[-83.76346305352871,39.933965319978505],[-83.7634605139914,39.93396342711635],[-83.76345797355579,39.93396153287648],[-83.76345543671341,39.93395963863652],[-83.76345289987106,39.93395774439655],[-83.76345036033375,39.93395584877888],[-83.76344782528801,39.93395395109473],[-83.7634452911406,39.93395205341052],[-83.7634427578915,39.933950153659836],[-83.76344022913398,39.93394825597552],[-83.76343769678319,39.93394635484707],[-83.76343516622903,39.93394445234094],[-83.7634326374715,39.93394255121239],[-83.7634301096123,39.93394064870618],[-83.76342758444802,39.933938743444614],[-83.76342505838545,39.93393683956065],[-83.7634225332212,39.93393493361021],[-83.7634200116502,39.93393302765971],[-83.76341748918088,39.933931119642686],[-83.7634149694065,39.933929212314425],[-83.7634124487338,39.93392730498613],[-83.76340992806112,39.93392539421374],[-83.76340741098169,39.933923482063584],[-83.76340489480057,39.93392157129109],[-83.76340238041611,39.933919658452005],[-83.76339986243836,39.93391774492414],[-83.76339735164714,39.933915830707356],[-83.76339483995761,39.9339139164905],[-83.76339232826807,39.93391200089601],[-83.76338981657854,39.93391008530145],[-83.76338730938059,39.93390816626275],[-83.7633848012843,39.933906248601666],[-83.76338229408634,39.93390432887404],[-83.7633797877867,39.93390240914636],[-83.76337728238538,39.933900488729805],[-83.76337477878067,39.93389856624682],[-83.76337227787094,39.933896644452496],[-83.76336977606287,39.933894719902916],[-83.76336727515312,39.9338927960421],[-83.76336477514168,39.93389087149242],[-83.76336227782518,39.9338889448762],[-83.76335978050871,39.93388701894875],[-83.76335728409052,39.93388509026599],[-83.7633547912656,39.933883162960825],[-83.76335229754238,39.93388123221153],[-83.76334980651409,39.933879302151],[-83.76334731279087,39.93387737140154],[-83.76334482445753,39.93387543927448],[-83.76334233342926,39.93387350714731],[-83.76333984689255,39.933871575020085],[-83.7633373585592,39.933869638759944],[-83.76333487292082,39.93386770318853],[-83.76333238907905,39.93386576761711],[-83.76332990344068,39.9338638313568],[-83.76332742319217,39.933861892341135],[-83.7633249384521,39.93385995470307],[-83.76332246000023,39.93385801568734],[-83.76331997975173,39.93385607529391],[-83.76331750129985,39.933854134900415],[-83.76331502284798,39.93385219244044],[-83.76331419819455,39.93385154288731],[-83.76331254798937,39.93385024929154],[-83.76331007402908,39.93384830683144],[-83.76330760006879,39.93384636299365],[-83.7633051252102,39.93384441571177],[-83.76330265574147,39.9338424691186],[-83.76330018537445,39.93384052321421],[-83.76329771680403,39.93383857593211],[-83.763295246437,39.93383662727235],[-83.76329278145987,39.93383467723488],[-83.7632903155844,39.93383272788618],[-83.76328785150558,39.933830774404505],[-83.76328538563014,39.93382882436687],[-83.76328292244962,39.93382687226274],[-83.76328046286237,39.93382491671447],[-83.76327800237681,39.933822964610236],[-83.76327554189126,39.93382100699542],[-83.76327308499894,39.93381905213581],[-83.76327062720833,39.93381709520967],[-83.7632681694177,39.933815136217035],[-83.76326571701698,39.93381317791317],[-83.76326326192132,39.93381121892043],[-83.76326080952059,39.93380925717237],[-83.76325835711987,39.933807296801916],[-83.76325590741408,39.93380533574256],[-83.76325345770832,39.93380337261667],[-83.76325101069746,39.93380141017962],[-83.76324856368664,39.933799445676016],[-83.76324611847242,39.9337974797947],[-83.76324367415654,39.933795512535724],[-83.76324122894233,39.93379354596552],[-83.76323878821971,39.933791579395205],[-83.76323634480214,39.9337896093808],[-83.76323390587615,39.93378764074394],[-83.76323146515352,39.9337856700406],[-83.76322902892247,39.93378370002603],[-83.76322659269141,39.933781726567304],[-83.76322415556206,39.93377975586378],[-83.76322172112764,39.93377778240495],[-83.7632192866932,39.9337758075684],[-83.76321685585206,39.93377383204302],[-83.76321442321427,39.93377185651758],[-83.76321199506805,39.93376987961443],[-83.7632095651252,39.933767902711224],[-83.76320713608068,39.933765923052704],[-83.76320471152773,39.93376394408294],[-83.76320228607645,39.93376196442426],[-83.76319986152349,39.933759982699115],[-83.76319743786887,39.93375800166277],[-83.76319501331592,39.933756017871026],[-83.76319259325453,39.933754034768064],[-83.76319017319317,39.933752050976224],[-83.7631877540301,39.93375006649555],[-83.76318533756199,39.933748079948316],[-83.7631829219922,39.93374609408986],[-83.76318050462577,39.93374410754253],[-83.76317809085259,39.93374211755109],[-83.76317567707942,39.9337401289372],[-83.76317326330626,39.9337381389456],[-83.7631708558213,39.93373614895394],[-83.76316844474309,39.933734156895845],[-83.7631660363598,39.93373216414881],[-83.76316362887484,39.9337301700241],[-83.76316122138988,39.93372817658812],[-83.76315881839649,39.93372618315213],[-83.7631564154031,39.933724186960774],[-83.76315400791813,39.93372219145818],[-83.76315160851802,39.93372019320026],[-83.76314920821957,39.93371819631995],[-83.76314680881946,39.93371619599548],[-83.76314441121598,39.933714196359745],[-83.76314201271416,39.93371219603516],[-83.7631396178056,39.93371019433287],[-83.76313722110044,39.93370819331934],[-83.76313482888683,39.93370618955048],[-83.7631324357749,39.933704187159236],[-83.76313004535793,39.93370218132378],[-83.76312765494099,39.93370017548832],[-83.7631252636257,39.93369816965281],[-83.76312287590365,39.933696164506],[-83.76312048997825,39.933694155915106],[-83.7631181058495,39.93369214801292],[-83.7631157199241,39.93369013804424],[-83.76311333489703,39.93368812807551],[-83.76311095256489,39.93368611810671],[-83.76310857202938,39.93368410607138],[-83.7631061923922,39.933682091280765],[-83.76310381455164,39.93368007993414],[-83.76310143760941,39.93367806307697],[-83.76309905976885,39.93367604966379],[-83.76309668372491,39.93367403349527],[-83.76309430947761,39.93367201663788],[-83.76309193523032,39.93366999978043],[-83.76308956547462,39.933667981545305],[-83.76308719212562,39.93366596331012],[-83.76308482596315,39.93366394163073],[-83.76308245620744,39.933661922017826],[-83.76308008824836,39.93365989964955],[-83.76307772118757,39.933657877281206],[-83.76307535592345,39.93365585560163],[-83.76307299515086,39.933653830477844],[-83.76307063078504,39.933651807420546],[-83.76306826731752,39.9336497822967],[-83.7630659083416,39.93364775372869],[-83.76306354936567,39.93364572240536],[-83.76306444229105,39.93362615998022],[-83.76313643417625,39.932037886628315],[-83.76313655095723,39.93203788800601],[-83.7639773938261,39.932061742318716],[-83.76397750970878,39.93206174507404],[-83.7643899370355,39.93207346626606],[-83.76439005381648,39.93207346971023],[-83.76544369679638,39.93210333959117],[-83.76543075476808,39.932356497037766],[-83.76539268057309,39.93310139446223],[-83.76534382569636,39.9340576637618],[-83.76427810307082,39.93403187733323],[-83.76427196667912,39.93413962012555],[-83.76427185079645,39.93413961943672],[-83.76425285502145,39.93447174828011],[-83.7642522872862,39.93448162856105],[-83.76425469656779,39.93448300824602],[-83.76425710495106,39.93448438999742],[-83.76425951602928,39.934485767615875],[-83.76426192531088,39.934487146611936],[-83.7642628784234,39.93448769008242],[-83.76426312546009,39.93448772245643],[-83.76430313103296,39.934510463488834],[-83.76432414981397,39.934512627726676],[-83.76492421094903,39.934574283677954],[-83.76492467537804,39.93457434429309],[-83.7649305207156,39.93457494493396],[-83.76514175955465,39.93459666236849],[-83.76539762759535,39.934622949347585],[-83.76562412072624,39.934646202807926],[-83.76567958630514,39.93465190337956],[-83.76597757006131,39.93468260421449],[-83.76597768684229,39.934682611102524],[-83.76637233111964,39.93469232052889],[-83.76637244700233,39.93469232397293],[-83.76655914835939,39.93469689076417],[-83.76655926603868,39.934696894208216],[-83.76657017338287,39.93469718488481],[-83.76658415206703,39.93441919692637],[-83.766584268848,39.93441919692637],[-83.7667826554903,39.93442300948911],[-83.76678277227127,39.934423010866695],[-83.76697755307602,39.93442675110414],[-83.7669776689587,39.93442675317061],[-83.7671700970757,39.93443046310022],[-83.76717021295838,39.934430465855456],[-83.76736945569513,39.93443429563779],[-83.76736957157779,39.93443429770421],[-83.76766656539051,39.93444000793683],[-83.7676666812732,39.93444000724801],[-83.7676569372473,39.93464359153823],[-83.76780567220722,39.934646333681385],[-83.76780578808989,39.93464633574784],[-83.76816514205129,39.93465296345436],[-83.76815868046945,39.9347856944742],[-83.76815879725044,39.93478569585178],[-83.76832591533433,39.93478984177629],[-83.76833494160631,39.93462202703391],[-83.76834375407925,39.93445802926247],[-83.76835245156782,39.93429559607698],[-83.76836190903114,39.93411995038679],[-83.76836936325137,39.93398125225537],[-83.7683722333687,39.933927521274],[-83.76837630363525,39.933851591793214],[-83.76838319820506,39.933723139959056],[-83.76839023111542,39.93359265587014],[-83.76839494098245,39.93350477845152],[-83.76840476226344,39.93332187951408],[-83.7684122703826,39.933182220235885],[-83.76842020340487,39.933034621289636],[-83.7684218805595,39.933003359701445],[-83.76842901767444,39.932870621092164],[-83.76843497170813,39.932759202789995],[-83.76844101647168,39.93264679308334],[-83.76844748883332,39.93252661044661],[-83.76845336920516,39.93241691848145],[-83.76818752447492,39.93240972227347],[-83.76818740769394,39.93240971882931],[-83.76791485524348,39.93240232010456],[-83.76791473936082,39.93240231872687],[-83.76792583355456,39.93217369560142],[-83.76792595033555,39.93217369560142],[-83.76819590126495,39.932181343019394],[-83.76819601804593,39.93218134646356],[-83.7684656150391,39.93218899456958],[-83.76847335133034,39.93204425696364],[-83.768483869704,39.93184869538954],[-83.76849461714806,39.93164816053692],[-83.76850519660717,39.93145210186653],[-83.76832435945227,39.93144805011096],[-83.7683242444679,39.93144804873325],[-83.76831332634393,39.93164323121353],[-83.768313323649,39.93164325738935],[-83.76830211536918,39.93184387973852],[-83.76829117029577,39.932039389663785],[-83.76792478252567,39.93202960064521],[-83.767924666643,39.932029599267516],[-83.76797381796378,39.931240107656826],[-83.76797393384645,39.931240108345676],[-83.76833538357742,39.93124937464627],[-83.76833549946011,39.93124937671278],[-83.76851581199888,39.93125401055145],[-83.76852640672934,39.93105694159603],[-83.7685369493575,39.93086066493463],[-83.76854793934669,39.93065589972866],[-83.76855808312288,39.930467177909804],[-83.76856562268306,39.93032740741261],[-83.7685728316632,39.93019280371233],[-83.76857523645323,39.93014865858971],[-83.7685803424773,39.93005325377697],[-83.76858749845685,39.929919747572725],[-83.76858835455133,39.92990411538025],[-83.76859519162895,39.92977662604805],[-83.76860248684737,39.92964092115848],[-83.7686034696043,39.929622571356866],[-83.76860929787387,39.92951400722244],[-83.76861688504475,39.929372809526214],[-83.76861826665366,39.929346767142924],[-83.76862558971986,39.92921078930058],[-83.76863343380892,39.929064123467185],[-83.7686337563041,39.929058354921544],[-83.76864259392987,39.92889386230228],[-83.76865057635948,39.92874499899299],[-83.76865911933784,39.928586028280556],[-83.76865997722894,39.92857036960652],[-83.76866431339681,39.92848957971917],[-83.76866734521089,39.92842102062914],[-83.76867566091548,39.92823198747835],[-83.7686827620978,39.92807009406089],[-83.76868990100935,39.92790822643782],[-83.76870126649432,39.927649811555796],[-83.76870736425849,39.92751107275835],[-83.76871344585295,39.92737337802312],[-83.76871576620135,39.92732085910789],[-83.76872183252443,39.92718236901933],[-83.76872544195525,39.927100652323304],[-83.76872894538488,39.92702107727124],[-83.76873622533193,39.926855283962],[-83.7687373113951,39.92683083952604],[-83.76874315763096,39.92669778445851],[-83.76874923563217,39.92655986902075],[-83.76876110686868,39.9262900540921],[-83.76876706000405,39.926155188251535],[-83.76877374167314,39.926003513119255],[-83.76878523022731,39.925742075744246],[-83.76879166306307,39.92559633318144],[-83.76879755780794,39.92546212662936],[-83.76880915056668,39.92519854607748],[-83.7688212230258,39.92492417211882],[-83.76882677191931,39.92479837097837],[-83.76883350030077,39.92464529435641],[-83.76884365126351,39.92441613139592],[-83.76885392709204,39.92418397227518],[-83.76885920559265,39.9240648460415],[-83.768864910793,39.92393591082384],[-83.76886600044945,39.92391160175081],[-83.76886706225812,39.92388778868862],[-83.76886824354273,39.923860706022076],[-83.76870846649133,39.92386100707846],[-83.76855357268184,39.923861309512624],[-83.76838644830976,39.92386163468106],[-83.76836166558769,39.92386168359411],[-83.76822014499783,39.923861949515725],[-83.76801900412089,39.923862340131166],[-83.7680164663802,39.92388560000278],[-83.76801640529476,39.92388606226537],[-83.7680137741293,39.92390992079665],[-83.7680111770998,39.92393375245187],[-83.76800729368284,39.92396912824951],[-83.76799592101133,39.924072810576945],[-83.76798326015573,39.92418803755008],[-83.76798286669363,39.92419191130701],[-83.76796136911058,39.92438761875949],[-83.76795819176941,39.92441667425746],[-83.76794366511294,39.92454896975793],[-83.76793327070679,39.92464382904851],[-83.76792514005517,39.92471809883148],[-83.76792501788428,39.92471922657309],[-83.76790816998114,39.92487263232683],[-83.76790275583491,39.924921889086114],[-83.76789187454186,39.9250213366529],[-83.76787487212849,39.925176171203255],[-83.76787242601597,39.9251985198992],[-83.7678587276062,39.92532328350774],[-83.76784347151772,39.92546239598927],[-83.76784212763808,39.92547479136653],[-83.76782900864167,39.92559433468631],[-83.76782641161216,39.925617944618814],[-83.76781283267835,39.92574155424904],[-83.7678090453811,39.925776382128504],[-83.76779360423969,39.92591714359409],[-83.76778397070657,39.92600485439697],[-83.76777699888166,39.92606837733668],[-83.76776751806214,39.92615471360419],[-83.76775944939426,39.92622832454487],[-83.7677529042691,39.92628788890543],[-83.76774321324382,39.92637634323552],[-83.76773513738942,39.92644976173755],[-83.76772804519025,39.926514493265415],[-83.76772290772513,39.92656127642091],[-83.76770988395015,39.92668023986668],[-83.76770844844232,39.9266933252889],[-83.76769318786228,39.926832273098334],[-83.76769159784423,39.92684670250828],[-83.7676640779555,39.92709766050198],[-83.76766034904875,39.9271316348541],[-83.76763365201683,39.927374923182725],[-83.76760362672677,39.92764863908535],[-83.76759209954504,39.92775372046071],[-83.76727873213964,39.92773297768282],[-83.76692419943636,39.92770951796609],[-83.76662822071991,39.927689927667046],[-83.76634591346377,39.927671233592406],[-83.76585189126148,39.927638541510355],[-83.76591719878265,39.92701267012604],[-83.76594701566356,39.92672714966422],[-83.76596559821351,39.92654909824046],[-83.76597962361004,39.92641464073333],[-83.765995983728,39.92625764310727],[-83.76601131707159,39.926110731900785],[-83.76602796105718,39.925951618669906],[-83.76604371301569,39.9258003123352],[-83.7660591074447,39.92565285109553],[-83.76607544151152,39.925496431776075],[-83.76609098326425,39.9253473509641],[-83.7661066795272,39.92519692095601],[-83.76612264887801,39.925043881737025],[-83.76613865505975,39.92489078913023],[-83.76615377460429,39.924745967202],[-83.76616205257963,39.924666385968436],[-83.76617004399239,39.924589905421016],[-83.7661862253456,39.92443483118178],[-83.7662055966164,39.92424927705364],[-83.76622523738178,39.92406089029665],[-83.76624423944499,39.92387877215693],[-83.76574102298575,39.92387961952359],[-83.76574090530644,39.92387961952359],[-83.76540253060017,39.923880225769636],[-83.76540241561581,39.92388022508071],[-83.76482092894588,39.923881228831256],[-83.76482081036825,39.92388122952018],[-83.76482077623227,39.92388122952018],[-83.76478920224669,39.924093930610816],[-83.76476661770212,39.9242461900378],[-83.76474641189643,39.924382141918024],[-83.76472217984164,39.92454559341375],[-83.76469784717554,39.92470956740014],[-83.76467345072906,39.92487381724508],[-83.76464892851843,39.9250391675651],[-83.76462497494138,39.925200445382195],[-83.76460112197564,39.925361200632366],[-83.76457678930954,39.92552520297696],[-83.76455181794125,39.92569321775795],[-83.76454890290817,39.92571287338472],[-83.76452770985398,39.92585584427061],[-83.76450283819872,39.92602333192489],[-83.76395080099874,39.92596867019965],[-83.76374735594308,39.925948488330405],[-83.76322830308372,39.92589571136399],[-83.76305000007623,39.92587758996077],[-83.76260689977414,39.925832531334464],[-83.7625281983721,39.92582453807005],[-83.7625441443667,39.925714933188274],[-83.76263915737768,39.92506016329815],[-83.76187319268098,39.92499848086529],[-83.76216042989141,39.9238694766131],[-83.76202788077629,39.923866541830606],[-83.76202776399529,39.92386653976382],[-83.7617593285238,39.923860616462996],[-83.76181645598595,39.92354254657991],[-83.7618322277074,39.92345476717503],[-83.76185355371226,39.923336071626366],[-83.76042897299534,39.92333246236687],[-83.75971688565615,39.92333017583647],[-83.75962358303747,39.92332987546669],[-83.7596235614779,39.9233303074205],[-83.75959272231421,39.923330208215766],[-83.75960907524565,39.92301018414497],[-83.76002153311508,39.92301242383916],[-83.76043738841292,39.92301523258507],[-83.76080327312647,39.923017694112836],[-83.76080819319928,39.92295900184218],[-83.76087673106218,39.922135146341745],[-83.7608635653534,39.92213468475633],[-83.76087873430528,39.92197226573031],[-83.76088649485101,39.92188907607079],[-83.7608955983781,39.92179132425091],[-83.76090607632757,39.921679004007885],[-83.76091673663505,39.92156487098141],[-83.760926378253,39.92146148385624],[-83.76093673942148,39.92135062018322],[-83.76094673946724,39.921243356055314],[-83.76095611338721,39.921146780717955],[-83.76095729736677,39.92113543037349],[-83.7609685433758,39.92102598402074],[-83.76096909134813,39.921020900297755],[-83.76097982082588,39.92091651269096],[-83.76098076405692,39.920907497145905],[-83.76099106413999,39.920807068055076],[-83.76099179536861,39.920800140693885],[-83.76100234159006,39.92069756743952],[-83.76100337105936,39.92068750742038],[-83.76101358490415,39.92058812176478],[-83.76101489015626,39.92057550710593],[-83.76102486504917,39.920478648357104],[-83.76102616850466,39.92046603298912],[-83.76103610746496,39.920369203710344],[-83.76103744595474,39.9203565614531],[-83.76104869016713,39.92024708836418],[-83.76105302453838,39.92020500850965],[-83.76105862912743,39.9201502870229],[-83.76105996851554,39.92013764196943],[-83.76106990657752,39.92004081360417],[-83.76107121093129,39.9200281974666],[-83.7610811840276,39.91993134138839],[-83.76109091368043,39.91983657340079],[-83.76109242824002,39.919821867619625],[-83.76110370569008,39.91971239505378],[-83.76110500914557,39.9196997788557],[-83.76111494810587,39.91960292300189],[-83.76111625335797,39.919590307472625],[-83.76112622825089,39.91949345008607],[-83.76112753080804,39.919480835225556],[-83.7611374724633,39.91938397768411],[-83.76113877412214,39.91937136142553],[-83.7611487508117,39.919274560224196],[-83.7611496859579,39.91926532537296],[-83.76115999143084,39.91916508747236],[-83.76116105503614,39.91915486256578],[-83.76117127157586,39.91905561454551],[-83.76117245196214,39.91904409781396],[-83.76117690940258,39.91900083702304],[-83.7611838156505,39.91893352579334],[-83.76119509579551,39.9188240531853],[-83.76119943106508,39.91878194627556],[-83.76120506979011,39.91872722365156],[-83.76120637234729,39.91871458040224],[-83.76121715931721,39.9186095326921],[-83.76121761566138,39.91860510882209],[-83.7612275905543,39.91850827897876],[-83.76122889221313,39.918495634311064],[-83.76123883117344,39.91839880500193],[-83.76124013732385,39.91838619062874],[-83.761252805366,39.91826302933093],[-83.76126138517527,39.91817985790119],[-83.76127262938769,39.918070415092124],[-83.76127993358926,39.917999421064934],[-83.76128475125414,39.91795247566164],[-83.76133832138778,39.9174320938592],[-83.76123622426248,39.9173942150604],[-83.76125308564036,39.91730952681495],[-83.75674196547244,39.91570135419963],[-83.75669766685084,39.91568646494591],[-83.75668833784661,39.915772601404285],[-83.75668822645552,39.91577256419845],[-83.75668822196396,39.915772602782305],[-83.75651649372602,39.91571538358051],[-83.75630477788155,39.915644156297326],[-83.75559225485942,39.915407420715816],[-83.75560195935945,39.91531786290278],[-83.75566993038541,39.91471862550466],[-83.7556700462681,39.91471862894971],[-83.7561129884667,39.914747375052],[-83.75632362723115,39.91476104083218],[-83.75647082517362,39.91477057256413],[-83.75654617765628,39.91477545900596],[-83.75679450973004,39.9147915721349],[-83.756807402351,39.91467250466269],[-83.75682628314163,39.91449807571312],[-83.75682912990278,39.914472019403675],[-83.75685271786551,39.91425429859367],[-83.75685516038477,39.914231594239986],[-83.75687612257191,39.914038199721844],[-83.75688528628613,39.913953485277844],[-83.75691978159304,39.913634971811184],[-83.75692479239571,39.91358876686815],[-83.75692490827836,39.913588771002296],[-83.75761543605076,39.913632784175704],[-83.75794856459576,39.91365400113624],[-83.75824343389284,39.9136728010128],[-83.7585774230239,39.91369409168594],[-83.75887229232096,39.91371289017344],[-83.75920624731603,39.91373414913926],[-83.75949190528817,39.913752354371425],[-83.7595011175114,39.91375294761576],[-83.75977613853227,39.91377047278248],[-83.75978534716226,39.9137710605146],[-83.76006037087808,39.91378858705468],[-83.76006669142441,39.91378898117269],[-83.76048309828784,39.91381550627371],[-83.76046461994244,39.91399537260443],[-83.76109066754206,39.91403410077157],[-83.76109286571955,39.914022785765994],[-83.76109296812749,39.914022792656155],[-83.76127073034917,39.91403492896763],[-83.76126868847854,39.91404543782379],[-83.76189407671473,39.91408760552301],[-83.7625274527704,39.91412060104056],[-83.76252756865308,39.914120603796604],[-83.7627054503507,39.914132744913886],[-83.76306180393905,39.91415702025177],[-83.76325903265297,39.914170464287395],[-83.76354861266964,39.91419018109908],[-83.76358245939291,39.9140202060933],[-83.76359445190194,39.91396011636586],[-83.76362140764867,39.913824832121136],[-83.76366031817521,39.913629458280646],[-83.76369922960005,39.9134340838829],[-83.7637381410249,39.91323868136686],[-83.76377705155144,39.91304330585442],[-83.76381596207797,39.912847931162695],[-83.7638548726045,39.91265252973054],[-83.76389374989336,39.9124571807964],[-83.76393266041991,39.91226180649987],[-83.76397160328577,39.91206640477371],[-83.76401051471063,39.91187100180106],[-83.76404942433884,39.91167559827103],[-83.76408833306874,39.91148019487256],[-83.76412724090032,39.91128482054548],[-83.76416615232517,39.91108944566118],[-83.7642050610551,39.91089407090864],[-83.76424396798836,39.91069869628789],[-83.76428287581994,39.91050329285879],[-83.76432178544815,39.910307917123454],[-83.76436069238143,39.910112516024896],[-83.7643995993147,39.90991716811538],[-83.76443850804459,39.90972179139737],[-83.76448097230639,39.90950842344263],[-83.7645477467764,39.909173166415336],[-83.76465600634455,39.90862949489395],[-83.76467190383013,39.90835493878106],[-83.76107004132481,39.90809851732796],[-83.76107004132481,39.908098543512786],[-83.75572493153533,39.907733842851826],[-83.751674820483,39.907289458198505],[-83.75183715413968,39.90586691936698],[-83.7518372673274,39.90586692419064],[-83.75231864933535,39.905899741057496],[-83.75241804881985,39.90507693932493],[-83.75242140133248,39.905049284841795],[-83.75242723319532,39.90500098473829],[-83.75252911203,39.904157669684466],[-83.75253343382484,39.90412216030109],[-83.75253475794156,39.90411098148116],[-83.7525851722936,39.90369388174253],[-83.75020862980215,39.9035081308343],[-83.75020851481779,39.903508121875724],[-83.74565485762453,39.90315207974706],[-83.74580055088889,39.902754278040675],[-83.74616374424983,39.90176267975991],[-83.74616385923419,39.90176268389471],[-83.74624305830288,39.90176869593832],[-83.74723610452699,39.90184379268618],[-83.74785687093103,39.901890731212895],[-83.74956539024464,39.902019909163705],[-83.75087776689098,39.90211910882162],[-83.75156933042088,39.90217138726201],[-83.75275824351289,39.90226122757999],[-83.752869674134,39.90133901887041],[-83.75292042355764,39.90091896786979],[-83.7529783657918,39.900439182091084],[-83.75302164033398,39.90008109376371],[-83.75321271379153,39.898499416394074],[-83.75349478029918,39.89616417419452],[-83.74807384820812,39.89579303629955],[-83.74792700599852,39.89578296504129],[-83.74785173166929,39.8959778646119],[-83.74735230340562,39.89744511682816],[-83.74735219021788,39.897445112693106],[-83.74605906626472,39.89731886341664],[-83.74605895128036,39.89731885170053],[-83.74600678341686,39.89764211022467],[-83.7459158325876,39.89820583982988],[-83.7444941192931,39.89813872318681],[-83.74449400430873,39.89813871836256],[-83.74414528640028,39.899335957702114],[-83.7467480426466,39.89947879482584],[-83.74674815763096,39.899478800339175],[-83.74639951877424,39.900692655086964],[-83.74635737880428,39.900808186720646],[-83.74635726741316,39.900808177761725],[-83.74408536517757,39.900632729401636],[-83.74391368185542,39.90062119923505],[-83.74263547173258,39.900535347639114],[-83.74240257181707,39.900519703225044],[-83.74228292161112,39.90108341467169],[-83.74193000407872,39.902752167240116],[-83.74157626189287,39.903573476003245],[-83.74104792584335,39.904652052329105],[-83.74084020660358,39.90505151409772],[-83.74084031529972,39.905051537527285],[-83.74081129881773,39.90510733919054],[-83.74065228892762,39.905306177339654],[-83.74065217214662,39.905306178028766],[-83.74064870824289,39.90530566257987],[-83.74064524523747,39.90530514988737],[-83.7406417795371,39.905304639262205],[-83.74063831473504,39.90530413070428],[-83.74063485172962,39.90530361939],[-83.74063138513094,39.905303110832115],[-83.74062792032889,39.90530260158506],[-83.74062445462853,39.90530209233806],[-83.74062099252141,39.90530158584746],[-83.74061752771938,39.905301076600445],[-83.74061406201902,39.90530056804255],[-83.74061059631865,39.90530006293011],[-83.74060713061827,39.905299555061326],[-83.7406036649179,39.905299048570704],[-83.74060020101416,39.90529854345826],[-83.7405967344155,39.90529803903498],[-83.74059326691848,39.90529753392253],[-83.74058980211645,39.905297028121005],[-83.74058633641609,39.905296523697665],[-83.74058287071571,39.90529602065254],[-83.74057940321872,39.9052955169183],[-83.74057593841665,39.905295015251404],[-83.74057246912304,39.905294512206275],[-83.74056900432097,39.905294011228435],[-83.74056553951894,39.90529350818329],[-83.74056207112362,39.90529300651633],[-83.74055860362662,39.905292506227596],[-83.74055513882459,39.905292005938854],[-83.74055167042926,39.90529150633922],[-83.74054820293226,39.90529100742865],[-83.74054473453695,39.90529050851813],[-83.7405412697349,39.90529000960755],[-83.74053780133958,39.90528951069702],[-83.74053433294428,39.905289013853725],[-83.74053086454896,39.90528851494319],[-83.74052739795027,39.905288019478114],[-83.74052393045328,39.90528752263486],[-83.74052046205797,39.90528702648072],[-83.74051699456098,39.905286531704746],[-83.74051352347072,39.90528603417237],[-83.74051005507542,39.90528553801817],[-83.74050658847673,39.90528504462042],[-83.74050312097974,39.90528455122267],[-83.7404996507878,39.90528405782486],[-83.74049618239248,39.90528356373798],[-83.74049271489548,39.90528307102933],[-83.74048924470354,39.90528257694246],[-83.74048577720654,39.905282087679275],[-83.74048230881124,39.90528159703791],[-83.74047883951759,39.90528110364008],[-83.74047536842734,39.90528061299871],[-83.74047190093034,39.90528012442462],[-83.7404684307384,39.90527963309413],[-83.74046495964814,39.90527914452004],[-83.74046148945621,39.90527865525688],[-83.74045802285752,39.905278167371854],[-83.74045455176727,39.90527767741957],[-83.740451080677,39.905277190912756],[-83.74044761138337,39.905276702338696],[-83.74044414119145,39.90527621583188],[-83.74044067099949,39.90527573070329],[-83.74043720080755,39.90527524350735],[-83.7404337306156,39.90527475906786],[-83.74043025952535,39.90527427187197],[-83.74042678753678,39.90527378743248],[-83.74042331734485,39.90527330161475],[-83.74041984715288,39.90527282062072],[-83.74041637696095,39.90527233549211],[-83.74041290676901,39.905271852430836],[-83.74040943388212,39.9052713693695],[-83.74040596369018,39.905270886997286],[-83.74040249080328,39.90527040669235],[-83.74039902061135,39.90526992294195],[-83.74039554772446,39.90526944263702],[-83.74039207843083,39.90526896164302],[-83.74038860554396,39.90526848340537],[-83.74038513265705,39.90526800103312],[-83.74038166156681,39.90526752348464],[-83.74037818957822,39.90526704524697],[-83.74037471669133,39.90526656632026],[-83.74037124380445,39.90526608739352],[-83.74036777091756,39.905265609155904],[-83.74036430162393,39.90526513229646],[-83.74036082873705,39.905264655437016],[-83.74035735585015,39.905264178577625],[-83.74035388386159,39.905263702407275],[-83.74035040827975,39.905263226926],[-83.74034693539286,39.905262752133886],[-83.74034346340429,39.90526227734171],[-83.7403399905174,39.90526180323871],[-83.7403365176305,39.90526132844653],[-83.74033304474362,39.905260854343524],[-83.7403295700601,39.90526038161868],[-83.74032609717322,39.90525990889379],[-83.74032262428632,39.90525943823629],[-83.7403191496028,39.90525896482233],[-83.74031567671592,39.905258492786544],[-83.7403122020324,39.90525802143991],[-83.74030872914551,39.905257552849655],[-83.74030525266535,39.905257080813904],[-83.74030178157511,39.90525661153457],[-83.74029830509495,39.90525614225517],[-83.74029483041143,39.905255674354045],[-83.74029135752454,39.905255205763766],[-83.74028788284102,39.90525473717353],[-83.7402844072592,39.905254268583235],[-83.74028093347398,39.90525380206028],[-83.74027745789215,39.90525333484821],[-83.74027398231033,39.905252868325256],[-83.74027050672848,39.905252402491364],[-83.74026703204497,39.90525193803569],[-83.74026355646313,39.90525147151273],[-83.74026008267793,39.90525100636799],[-83.7402566070961,39.905250543290485],[-83.74025313151425,39.905250078834804],[-83.74024965683074,39.90524961644647],[-83.7402461812489,39.90524915130167],[-83.74024270476875,39.90524868891332],[-83.74023922828862,39.905248227214024],[-83.74023575091013,39.90524776620385],[-83.74023227622662,39.90524730312638],[-83.74022880154311,39.905246843494375],[-83.74022532326633,39.905246382484194],[-83.7402218485828,39.905245922163125],[-83.74021837120435,39.90524546253112],[-83.74021489652083,39.90524500289915],[-83.74021141824404,39.90524454464537],[-83.7402079417639,39.90524408570246],[-83.74020446618205,39.9052436288269],[-83.74020098790528,39.9052431705731],[-83.74019751142512,39.9052427143866],[-83.7401940367416,39.90524225544373],[-83.74019055846482,39.90524180063545],[-83.74018708108636,39.90524134444894],[-83.74018360280958,39.905240888262476],[-83.74018012543112,39.90524043276507],[-83.74017664895096,39.90523997933496],[-83.7401731706742,39.905239523837544],[-83.74016969329573,39.90523907178566],[-83.74016621322232,39.90523861766646],[-83.74016273584385,39.90523816492546],[-83.74015925756707,39.905237712184494],[-83.7401557801886,39.90523725944348],[-83.74015230370846,39.905236807391574],[-83.74014882363505,39.9052363567179],[-83.74014534445996,39.90523590604416],[-83.7401418679798,39.90523545537048],[-83.7401383879064,39.90523500538586],[-83.74013491052794,39.90523455471217],[-83.74013143045451,39.90523410610577],[-83.74012795307604,39.90523365818844],[-83.74012447300264,39.90523320751473],[-83.74012099382755,39.90523276097563],[-83.74011751555078,39.90523231236922],[-83.74011403637566,39.905231866519216],[-83.74011055540393,39.90523141929098],[-83.7401070789238,39.905230973440965],[-83.74010359795207,39.905230526212776],[-83.74010011877697,39.90523008243006],[-83.74009663870356,39.905229635890926],[-83.74009315863016,39.90522919141914],[-83.74008967855676,39.905228746947344],[-83.74008619938164,39.90522830316461],[-83.74008271840991,39.90522786076011],[-83.74007923833652,39.90522741835561],[-83.7400757591614,39.905226975951045],[-83.740072279088,39.90522653216835],[-83.7400687999129,39.905226089763836],[-83.74006531714454,39.90522565011573],[-83.74006183617283,39.905225207711155],[-83.74005835699772,39.90522476806304],[-83.74005487782263,39.90522432910404],[-83.74005139505428,39.905223888077735],[-83.74004791408254,39.90522344980779],[-83.74004443221251,39.90522301222696],[-83.74004095303742,39.90522257326795],[-83.74003747026906,39.90522213568711],[-83.74003399019564,39.9052216967281],[-83.74003050742728,39.90522126052549],[-83.74002702825219,39.90522082294464],[-83.74002354548382,39.905220388120256],[-83.7400200636138,39.90521995191759],[-83.74001658264207,39.90521951364767],[-83.74001310077203,39.90521908020145],[-83.74000961800365,39.90521864606612],[-83.74000613613363,39.90521821193079],[-83.74000265426359,39.90521777779544],[-83.73999917149523,39.90521734503834],[-83.73999569142183,39.90521691297028],[-83.73999220865348,39.90521648021317],[-83.73998872408848,39.90521604883423],[-83.73998524221845,39.90521561607711],[-83.73998175855176,39.90521518538728],[-83.73997827758004,39.90521475538656],[-83.73997479571,39.90521432538579],[-83.73997131294165,39.905213894695954],[-83.73996782837665,39.90521346469523],[-83.7399643456083,39.90521303607273],[-83.73996086283995,39.90521260607195],[-83.7399573809699,39.905212179516745],[-83.73995389550659,39.90521175089419],[-83.73995041363655,39.90521132296074],[-83.73994692907156,39.90521089709464],[-83.73994344630322,39.90521047053938],[-83.73993996173823,39.90521004398416],[-83.73993647986818,39.90520961742893],[-83.73993299440488,39.905209193630064],[-83.73992951253484,39.90520876707484],[-83.73992602796986,39.9052083425869],[-83.73992254250653,39.90520791878808],[-83.73991905883989,39.905207497056544],[-83.73991557607151,39.905207072568594],[-83.73991209150653,39.905206650147946],[-83.73990860694155,39.90520622566],[-83.73990512237656,39.905205805995756],[-83.73990163601495,39.905205383575144],[-83.73989815234827,39.905204963221784],[-83.73989466688496,39.90520454286846],[-83.73989118231998,39.90520412044779],[-83.739887697755,39.90520370078353],[-83.73988421319001,39.90520328180844],[-83.73988072862501,39.90520286421147],[-83.73987724406003,39.905202443858144],[-83.73987375590178,39.905202026261165],[-83.73987027133681,39.905201610042475],[-83.73986678677181,39.905201191756426],[-83.73986330220683,39.905200774159454],[-83.73985981584521,39.90520035794075],[-83.73985633038191,39.90519994310017],[-83.73985284312198,39.90519952688147],[-83.73984935855698,39.9051991106627],[-83.73984587129705,39.90519869582217],[-83.73984238673206,39.90519828167071],[-83.73983889947213,39.90519786820834],[-83.73983541400884,39.905197454056925],[-83.73983192764722,39.90519704128367],[-83.73982843948897,39.905196627821304],[-83.73982495492399,39.90519621504806],[-83.73982146856235,39.90519580365304],[-83.73981798130244,39.90519539294712],[-83.73981449673744,39.90519498086293],[-83.7398110094775,39.90519457084613],[-83.73980752221757,39.905194160140155],[-83.73980403405932,39.9051937501233],[-83.7398005476977,39.90519334217379],[-83.73979706133609,39.905192932846056],[-83.73979357317783,39.90519252420737],[-83.73979008591792,39.90519211556874],[-83.73978659955628,39.9051917069301],[-83.73978311229637,39.905191302426054],[-83.7397796232398,39.9051908937874],[-83.73977613418322,39.90519048721606],[-83.73977264782161,39.905190079955595],[-83.73976916146,39.905189676829764],[-83.73976567420006,39.905189271636644],[-83.73976218514349,39.90518886713259],[-83.73975869608694,39.905188463317636],[-83.73975520703037,39.9051880581245],[-83.73975172066876,39.90518765430955],[-83.73974823071387,39.90518725256189],[-83.73974474435227,39.90518684943605],[-83.73974125439737,39.905186446999316],[-83.73973776803577,39.90518604456258],[-83.73973427718256,39.905185644193146],[-83.73973079082094,39.90518524313459],[-83.73972730086608,39.905184842076025],[-83.7397238118095,39.90518444308481],[-83.73972032365126,39.90518404271536],[-83.739716835493,39.90518364441322],[-83.73971334463982,39.90518324680018],[-83.73970985468495,39.90518284574161],[-83.73970636562838,39.905182448817676],[-83.73970287657181,39.90518204982644],[-83.73969938751524,39.905181654280696],[-83.73969589666204,39.90518125666764],[-83.7396924085038,39.905180860432814],[-83.73968892034554,39.90518046419798],[-83.73968542859404,39.905180070719524],[-83.73968193953748,39.90517967379557],[-83.7396784495826,39.90517928031716],[-83.73967496052605,39.90517888683873],[-83.73967147057117,39.90517849198208],[-83.73966797792133,39.90517809850365],[-83.7396644897631,39.905177704336104],[-83.73966099890988,39.905177310857624],[-83.73965750895502,39.905176920135595],[-83.73965401810182,39.90517652803534],[-83.73965052814694,39.90517613800243],[-83.73964703639544,39.90517574796952],[-83.73964354733887,39.90517535655837],[-83.73964005738398,39.905174966525394],[-83.73963656563248,39.90517457649248],[-83.73963307298266,39.90517418508132],[-83.73962958392609,39.90517379918299],[-83.73962609217459,39.90517341121736],[-83.73962259952476,39.9051730218735],[-83.73961911136651,39.90517263528609],[-83.739615619615,39.90517224869863],[-83.73961212696518,39.90517186211123],[-83.73960863431535,39.90517147483465],[-83.73960514256385,39.90517108962542],[-83.7396016535073,39.905170705105306],[-83.73959816175577,39.90517031920695],[-83.73959466910594,39.905169935375945],[-83.73959117735444,39.90516955154494],[-83.73958768650125,39.90516916702476],[-83.73958419385141,39.90516878319375],[-83.7395807020999,39.905168401430025],[-83.73957720945009,39.905168019666306],[-83.73957371500363,39.90516763652435],[-83.73957022325213,39.90516725476062],[-83.73956673150062,39.90516687368596],[-83.73956324064741,39.905166494678646],[-83.73955974799759,39.90516611291491],[-83.73955625355113,39.90516573252941],[-83.73955276179963,39.90516535421115],[-83.7395492691498,39.905164975203824],[-83.73954577470336,39.90516459688562],[-83.73954228295185,39.905164217189174],[-83.73953878850539,39.90516383956007],[-83.73953529675389,39.905163463998264],[-83.73953180230743,39.90516308499093],[-83.73952831055593,39.905162710118184],[-83.73952481610947,39.90516233386725],[-83.73952132525625,39.90516195761632],[-83.73951783080982,39.905161582054504],[-83.73951433546505,39.90516120787087],[-83.73951084461183,39.90516083299816],[-83.7395073501654,39.90516045881452],[-83.73950385571894,39.90516008532005],[-83.73950036037417,39.90515971251458],[-83.73949686682602,39.905159339709165],[-83.73949337237956,39.90515896690374],[-83.73948988152637,39.90515859547656],[-83.73948638528329,39.90515822404932],[-83.73948289173514,39.905157851933005],[-83.73947939728869,39.90515748119488],[-83.73947590284223,39.905157111834974],[-83.73947240929408,39.90515674247508],[-83.73946891215269,39.905156373115126],[-83.73946541770623,39.905156003066104],[-83.73946192415809,39.90515563439531],[-83.73945842971163,39.90515526710269],[-83.73945493526517,39.90515489981008],[-83.73945144171705,39.90515453113928],[-83.73944794367732,39.90515416660308],[-83.73944444923087,39.90515379793228],[-83.73944095568274,39.90515343132871],[-83.73943745854133,39.90515306679256],[-83.73943396409487,39.90515270294546],[-83.73943046785179,39.90515233703101],[-83.73942697430365,39.90515197318391],[-83.73942347626394,39.90515161002592],[-83.7394199827158,39.905151245489705],[-83.73941648557441,39.90515088302082],[-83.73941299112795,39.90515052055189],[-83.73940949488485,39.9051501594612],[-83.7394060013367,39.90514979699232],[-83.739402503297,39.9051494352125],[-83.7393990070539,39.905149074121795],[-83.73939551081082,39.90514871372021],[-83.73939201636436,39.90514835400768],[-83.73938851922296,39.90514799498431],[-83.73938502297987,39.9051476338936],[-83.7393815267368,39.905147275559294],[-83.7393780295954,39.905146917225],[-83.73937453245398,39.905146560268925],[-83.73937103531259,39.90514620193461],[-83.73936753996783,39.90514584428943],[-83.73936404282644,39.90514548871153],[-83.73936054568502,39.90514513382275],[-83.73935704944195,39.90514477548843],[-83.7393535514022,39.905144419910535],[-83.73935005605746,39.90514406639998],[-83.7393465571194,39.90514371082207],[-83.73934305997801,39.90514335662239],[-83.73933956283662,39.905143003800895],[-83.73933606749185,39.90514264960122],[-83.73933257035044,39.90514229540153],[-83.73932907051409,39.90514194326914],[-83.73932557516933,39.905141591136754],[-83.73932207533299,39.90514124107172],[-83.7393185790899,39.90514088893933],[-83.73931507925356,39.905140537496045],[-83.73931158301048,39.90514018812007],[-83.73930808407242,39.905139838744084],[-83.73930458693103,39.905139488678984],[-83.739301087993,39.905139139303046],[-83.73929759085159,39.90513879130524],[-83.73929409191356,39.90513844192924],[-83.73929059297554,39.905138093931484],[-83.73928709673244,39.905137746622835],[-83.73928359779441,39.90513740069237],[-83.73928009795806,39.90513705338367],[-83.73927660261329,39.905136708142315],[-83.73927310277695,39.90513636290096],[-83.73926960383892,39.90513601628137],[-83.73926610490089,39.90513567172913],[-83.73926260596285,39.90513532717683],[-83.73925910612651,39.905134980557285],[-83.73925560808681,39.9051346387614],[-83.73925210825045,39.905134296965564],[-83.73924861021072,39.90513395310237],[-83.73924511037438,39.90513361130654],[-83.73924161053803,39.90513326675429],[-83.73923811249833,39.90513292633662],[-83.73923461266197,39.90513258729719],[-83.73923111372395,39.90513224481223],[-83.7392276147859,39.905131906461854],[-83.73922411405124,39.9051315667333],[-83.73922061421489,39.90513122700475],[-83.73921711617518,39.905130887965306],[-83.73921361454222,39.905130550304044],[-83.73921011470586,39.90513021057549],[-83.73920661666614,39.90512987222515],[-83.73920311413484,39.905129535253],[-83.73919961519681,39.90512919759174],[-83.73919611446215,39.90512886268694],[-83.73919261552413,39.90512852640391],[-83.73918911389114,39.905128191499045],[-83.73918561495312,39.905127855216],[-83.73918211332013,39.90512752031114],[-83.73917861528041,39.90512718678451],[-83.73917511364745,39.90512685119058],[-83.73917161111615,39.90512651904212],[-83.73916811307645,39.905126186204605],[-83.73916461144347,39.90512585267797],[-83.73916110981048,39.90512552121862],[-83.7391576081775,39.90512519044846],[-83.73915410744283,39.90512485829999],[-83.73915060760649,39.905124526151575],[-83.7391471059735,39.905124195381354],[-83.73914360434054,39.905123865989296],[-83.73914010360588,39.905123536597294],[-83.7391366019729,39.90512320651618],[-83.73913310033991,39.905122876435],[-83.73912959870695,39.90512255048853],[-83.7391260988706,39.905122222474695],[-83.7391225963393,39.905121893082686],[-83.73911909470633,39.90512156575797],[-83.73911559397166,39.90512123981144],[-83.73846868838947,39.90507519382166],[-83.73386931323647,39.9047477895411],[-83.7338691973538,39.904747781960936],[-83.73304068655715,39.9046887970103],[-83.73252795424412,39.90465229145005],[-83.7319198145597,39.90460896299432],[-83.73055494755468,39.90451174951296],[-83.73020422640315,39.90448676786351],[-83.72994293972464,39.90446815979518],[-83.73237988583415,39.90661388560601],[-83.73232590696703,39.906649677602736],[-83.73232583779676,39.906649721704426],[-83.73232578928774,39.906649678980884],[-83.73189771690204,39.906933554932024],[-83.73223446655597,39.907235531241334],[-83.73273611186175,39.907685371682184],[-83.73291709634036,39.90784767437378],[-83.73107992300673,39.90847998527877],[-83.72776802499702,39.90961972661309],[-83.72347955766216,39.9093412357894],[-83.72347944177947,39.90934122752066],[-83.72326337719072,39.91123880488201],[-83.72572921311976,39.91141280734691],[-83.72527780609622,39.91546198683344],[-83.72200950063231,39.915228697015316],[-83.72183609344312,39.91521523320635],[-83.72170841948504,39.915205319139474],[-83.7180051686252,39.91491769620123],[-83.71728167088524,39.91486148912508],[-83.71655942629512,39.914805394999966],[-83.71704509326696,39.9107643081506],[-83.71439767458135,39.91056232172583],[-83.71377648507078,39.910514917140375],[-83.7137640254378,39.91051397383039],[-83.71365760921262,39.9105058499253],[-83.71355119029249,39.91049772464117],[-83.71390915186522,39.90757284018455],[-83.71390928301923,39.907572843629964],[-83.71412301558154,39.907581812694865],[-83.71420178525553,39.90758838376068],[-83.71433181190135,39.907046944701875],[-83.71438834378048,39.9068115417319],[-83.71450795805383,39.906313449435075],[-83.71455169433005,39.90544365045676],[-83.71673545027672,39.90352485993117],[-83.71687419866564,39.90340099863739],[-83.71701870256055,39.90327208377886],[-83.71753897533208,39.90280783363967],[-83.71837666331767,39.90191759308522],[-83.71880361101265,39.90154795421836],[-83.71873991147585,39.90143808375318],[-83.71945448714838,39.900753404252505],[-83.71970558154165,39.900556633436466],[-83.72088908138576,39.89942260264789],[-83.72088915145434,39.89942264606506],[-83.72088919726843,39.89942260195872],[-83.72098636264282,39.89948274509902],[-83.7211162231003,39.89938259609363],[-83.72192362797935,39.898759886803134],[-83.72240291691267,39.898563503779066],[-83.72354998108885,39.89842832075955],[-83.72390414817784,39.898304840324975],[-83.72390418141548,39.89830486720272],[-83.72390426585713,39.89830483894659],[-83.72463528968251,39.89892544696696],[-83.72499364471733,39.899225737040695],[-83.72552802912368,39.89982187230668],[-83.7256226819102,39.899854955327164],[-83.72594840115076,39.9002183430523],[-83.72664150798632,39.90097883334908],[-83.72773115454449,39.902162717951406],[-83.72917088804361,39.9037616028144],[-83.72917637495335,39.90376734661564],[-83.72955181774152,39.903554473509935],[-83.72955192014946,39.90355448040116],[-83.72996698852313,39.90358275362841],[-83.73014982712448,39.903595207406596],[-83.73058871971779,39.90362510349406],[-83.73361918902371,39.9038314759338],[-83.73392232192307,39.903852114315114],[-83.73396850341351,39.90385525462323],[-83.73423302133209,39.90147394392223],[-83.73440443426132,39.89993089080883],[-83.73497607719239,39.894783841035625],[-83.74355898476041,39.89535844289531],[-83.743630459216,39.89536322940899],[-83.74446988454335,39.89540832324491],[-83.7444699986294,39.89540832944768],[-83.74799564986264,39.895649863434315],[-83.7479957639487,39.89564986756953],[-83.74807088646264,39.89565499728442],[-83.74814614372387,39.895660177310475],[-83.75351131469029,39.89602748881891],[-83.75352332786059,39.895928055664136],[-83.75368221108826,39.89461276131889],[-83.75382108973288,39.893462760768976],[-83.75388686886956,39.89291820505447],[-83.75401426973977,39.89186340126125],[-83.75401438382583,39.891863406775144],[-83.75437254662116,39.89188556370567],[-83.75440318815551,39.891631997481554],[-83.75440330313987,39.891632002306274],[-83.75491589262077,39.89166370597567],[-83.75496953551797,39.89121935563502],[-83.7549696505023,39.8912193590812],[-83.75827551362995,39.89144939955445],[-83.75820334298002,39.89208605854761],[-83.75812767249376,39.8927537483078],[-83.7580490465502,39.8934474669328],[-83.75855149225491,39.893482542813736],[-83.75898963026336,39.89351313942681],[-83.75895193605575,39.8938389432646],[-83.75891338126205,39.89417227591484],[-83.75887387245754,39.8945140167014],[-83.75883029248817,39.89489077994279],[-83.75878270243935,39.89530215222864],[-83.75875357815954,39.89555395154832],[-83.7587128341715,39.89590619363845],[-83.75867359755654,39.89624549085722],[-83.7586343286022,39.89658475813943],[-83.75859432302933,39.89693070541088],[-83.7585549956845,39.897270770821535],[-83.75851982574282,39.89757485381498],[-83.75848212884023,39.897900569427094],[-83.75842602905075,39.89838550111222],[-83.7583724589171,39.898848717139074],[-83.75906600413052,39.89889565840663],[-83.75971126220247,39.898939324721205],[-83.76017543338786,39.89897071212899],[-83.76063040133317,39.899001512352754],[-83.76073318297475,39.89900845156709],[-83.76150849643857,39.899060923968726],[-83.76203941065296,39.89909682948842],[-83.76307709236688,39.89917002362457],[-83.7636180299832,39.89920817576224],[-83.764041934186,39.899238062048],[-83.76456088643405,39.89927466215167],[-83.76505021404068,39.89930916580157],[-83.76608230104702,39.89938192622778],[-83.76617806415125,39.90082193660123],[-83.76610728948327,39.90117549337883],[-83.76498667350569,39.906774327542024],[-83.76467190383013,39.90835493878106]],[[-83.79931030517855,39.89326047176873],[-83.7993829402575,39.89215556173619],[-83.80075519051583,39.89223720295967],[-83.80064971572507,39.893340254908956],[-83.80025528434844,39.89331679168114],[-83.80018809665339,39.89401927281814],[-83.79990336843755,39.89400967548014],[-83.79990502493094,39.8939843440151],[-83.7999501257481,39.8932985403541],[-83.79931030517855,39.89326047176873]]],[[[-83.82259305451142,39.95031223547537],[-83.82258143659983,39.95049274277826],[-83.82402533828187,39.95057523381946],[-83.8240420190984,39.950312393176205],[-83.82405941048229,39.95003814399217],[-83.82407683600216,39.94976384137082],[-83.82407695188483,39.94976384343677],[-83.8244594410581,39.94978569515926],[-83.82491225035177,39.94981156999715],[-83.82502352646266,39.949817915263736],[-83.82506384734418,39.94941827319505],[-83.82407331370794,39.94933056691539],[-83.82396336081548,39.949320832019666],[-83.82387887156807,39.94931334697471],[-83.82369468549378,39.94930719242021],[-83.82369297510147,39.9493071290635],[-83.82351961731965,39.94930134500753],[-83.82351949964034,39.94930134018692],[-83.82266951731175,39.949270686541574],[-83.82266940053078,39.949270683786935],[-83.82265725440983,39.94941023172431],[-83.822635446908,39.94968148432777],[-83.82262653472206,39.94979233448394],[-83.82261601634838,39.949955672962915],[-83.8226161340277,39.94995567365158],[-83.82259849021719,39.95022992454353],[-83.82259837163959,39.95022992110027],[-83.82259305451142,39.95031223547537]]],[[[-83.8240155888661,39.9545273951398],[-83.82415209056846,39.954535517953175],[-83.82415358087353,39.954535652920256],[-83.82411319890656,39.95448234435733],[-83.82406919403405,39.95442645209378],[-83.82385212962036,39.95415074715412],[-83.82376043049449,39.95420156802486],[-83.82376039546018,39.954201523953785],[-83.82376031371349,39.9542015694021],[-83.82374419164908,39.95418121544198],[-83.82350410700795,39.95387596660035],[-83.82321434193831,39.953507555716364],[-83.8229736769855,39.953201536055886],[-83.82297363835795,39.95320148785243],[-83.82291988496797,39.95323567167081],[-83.82261062645668,39.95343221951523],[-83.82249462790236,39.95350593402153],[-83.82249455783376,39.95350597878167],[-83.82242642600936,39.95344247648722],[-83.82235834089735,39.953379015450935],[-83.82199585630715,39.953609448343826],[-83.82199581228971,39.95360940427239],[-83.82199574042448,39.953609449721085],[-83.82168339170863,39.953299405533556],[-83.8216833674541,39.95329938280913],[-83.8213141410077,39.953396584186514],[-83.821314110465,39.95339659244993],[-83.82131373946078,39.9533966179288],[-83.82131353464491,39.95339661999469],[-83.82131259860037,39.953396691611026],[-83.82126277264483,39.95339996392781],[-83.82094771371175,39.95342498213427],[-83.82094760142233,39.95342498902047],[-83.8208987627153,39.95342874474615],[-83.82059278934298,39.95345244768107],[-83.82059273993565,39.95345244905833],[-83.82054765259323,39.953450789488144],[-83.82019139242963,39.953437780798104],[-83.82019127475034,39.95343777666643],[-83.81990511731489,39.95342732550329],[-83.81983505051937,39.953424741117786],[-83.8198349346367,39.95342473698606],[-83.81955003394434,39.953414329892546],[-83.81954991985829,39.95341432782666],[-83.81944189115718,39.953387565344514],[-83.8192734327869,39.95334586256739],[-83.81873254008633,39.95321192527764],[-83.81856282676958,39.95316990631634],[-83.81833211874337,39.95375738991333],[-83.81833148004121,39.95375853852354],[-83.81833117371569,39.95375908872708],[-83.81833057633604,39.95376016158959],[-83.81832988463327,39.953760900473696],[-83.8183288632488,39.953761993306045],[-83.81832825598767,39.95376264404739],[-83.81832757057309,39.95376310748539],[-83.818325783824,39.95376431600502],[-83.81832523315673,39.95376468923445],[-83.81832431687513,39.95376509689466],[-83.8183233386098,39.95376553141078],[-83.81832261007611,39.95376585437132],[-83.81832210252796,39.95376599140574],[-83.81831949831195,39.95376669517039],[-83.81831921085106,39.95376677229531],[-83.81831889733903,39.95376680879191],[-83.81831624012241,39.9537671138484],[-83.81831612154481,39.95376712762073],[-83.81831605057789,39.95376712555485],[-83.81831600566213,39.95376712555485],[-83.8183159580514,39.953767126243484],[-83.81831304571327,39.95376707115425],[-83.81831301157727,39.9537670683998],[-83.8183126657259,39.953767037412106],[-83.81831095892687,39.95376680259437],[-83.81831049180292,39.953766715140254],[-83.81830948389316,39.953766483076926],[-83.81830884159774,39.953766327449934],[-83.81797830109905,39.95368243272618],[-83.81833931874039,39.95311457076383],[-83.81814279879725,39.953065905850146],[-83.81794631478674,39.95301724021319],[-83.81812860900902,39.9528237521129],[-83.8175729192591,39.95249030065664],[-83.81739697253262,39.95244299534001],[-83.81712909311825,39.952370968206935],[-83.81685970633085,39.952298554676645],[-83.81684594054742,39.9522948587997],[-83.81660714409041,39.952230656420745],[-83.81656472564269,39.95221924718782],[-83.81629060922532,39.952145560905926],[-83.81622800563316,39.9521287197327],[-83.81596443184398,39.95205787947085],[-83.81535756147906,39.952021937673116],[-83.81514999764781,39.95200963180543],[-83.81491008009331,39.951995408092735],[-83.81467891033304,39.951981718756336],[-83.81463976983778,39.951979413212634],[-83.81462648285643,39.95197862748221],[-83.81448327433215,39.95197012837136],[-83.81446549038446,39.951969065121645],[-83.81425017678728,39.951956322650894],[-83.81402615043017,39.95194304579821],[-83.81380212317471,39.95192976756565],[-83.81377169633772,39.95192796816589],[-83.8135780977159,39.951916490707745],[-83.81335403542614,39.95190321315868],[-83.81313354573629,39.95189014288585],[-83.81298415680287,39.95188129875832],[-83.81294644462892,39.95187905794281],[-83.81291305155486,39.95187707536506],[-83.81268902789269,39.951863819156],[-83.81246496560294,39.95185053884212],[-83.8124401083207,39.95184906034399],[-83.81224094014412,39.951837257837084],[-83.81204180610351,39.95182545670543],[-83.81201691199037,39.95182398096128],[-83.81181063544493,39.95181176044871],[-83.81180353066935,39.95181134038143],[-83.81163282291759,39.95180120161004],[-83.81159011072079,39.951798688092516],[-83.81141161906709,39.951788107904136],[-83.81137672670481,39.951786031669386],[-83.81115623701496,39.95177295104466],[-83.81103177992392,39.951765586090595],[-83.81092503401703,39.95175925615467],[-83.81069386425676,39.95174555713015],[-83.81060497775603,39.95174028975706],[-83.81046269898808,39.951731860857436],[-83.81027427825553,39.951720676036565],[-83.81023149509181,39.951718134281954],[-83.81002536137852,39.95170591306188],[-83.80997037370335,39.95170266201171],[-83.80997025512573,39.95170265650263],[-83.80977931821208,39.953592448460526],[-83.80977655409595,39.95361982510852],[-83.80977666908032,39.95361982855161],[-83.809775440185,39.95363081336314],[-83.80977174002435,39.95366732104652],[-83.81012779627036,39.9536893422987],[-83.81044469046157,39.953708947191295],[-83.81044829899406,39.95366222666403],[-83.81481953440425,39.9539380506373],[-83.81508196463811,39.95399551402586],[-83.81566138608117,39.9540302359424],[-83.8156617040848,39.95403025591219],[-83.81571297722627,39.95403330164517],[-83.81657780960481,39.954084690019435],[-83.81682347637714,39.95409933335083],[-83.8168726636305,39.95410226408257],[-83.81718012910449,39.95412059354817],[-83.81753118173437,39.95414153078015],[-83.81759641559368,39.95414542074564],[-83.81802034584761,39.95417070517191],[-83.8184774284271,39.95419794937518],[-83.81854872411795,39.9542021981037],[-83.8190082429285,39.95422958621404],[-83.81932162560524,39.954248273722826],[-83.81973531057338,39.95427293973925],[-83.81973521086037,39.95427291494928],[-83.81973220689406,39.95427215196935],[-83.81977904774791,39.95427494015141],[-83.82012279797286,39.95429542560809],[-83.82047626527422,39.954316486047645],[-83.8204767108386,39.95431651359203],[-83.820479942977,39.95431733097161],[-83.82048099220926,39.95431762500792],[-83.82073206953453,39.954332609151145],[-83.82073427489856,39.954332739986945],[-83.82073442940879,39.95433272139448],[-83.82073564213442,39.95433256852321],[-83.82073570860975,39.9543325699004],[-83.82073675514707,39.95433243975322],[-83.8207377935995,39.954332306851605],[-83.82073883025537,39.95433217463861],[-83.82073893356161,39.9543321608664],[-83.8209869081059,39.9543469322262],[-83.82113524062058,39.95435575675384],[-83.82115127285344,39.95435671254345],[-83.82115573119219,39.954356978346574],[-83.82115486341964,39.95435752992255],[-83.82115490384382,39.95435753129979],[-83.82168825518757,39.95438932024736],[-83.82168872590478,39.95438934916896],[-83.82239508828067,39.95443143968497],[-83.8226156237846,39.95444460243427],[-83.82261566780207,39.95444457488994],[-83.82323274123198,39.95448135207326],[-83.82401075053998,39.95452770363594],[-83.824011944401,39.95452717753979],[-83.8240155888661,39.9545273951398]]],[[[-83.83033150977977,39.95490406859533],[-83.83033321837543,39.954904165688454],[-83.83036672912878,39.9549061516215],[-83.83400588339651,39.95512149211186],[-83.83567012744469,39.95521992556038],[-83.83789008998889,39.95534963367321],[-83.83818438077093,39.95536681835289],[-83.83866071065368,39.95539466116064],[-83.8393371869784,39.95543416192822],[-83.83978591073418,39.955460356893305],[-83.84007216788261,39.95547708293892],[-83.84076543012672,39.95551756284457],[-83.84082518426278,39.95552105403389],[-83.8409014503321,39.95546906283841],[-83.84102990402783,39.955381496528354],[-83.84110843295333,39.955328407599346],[-83.84120376396793,39.95522348493636],[-83.84136434141821,39.9551146859742],[-83.84153469972532,39.95495094803021],[-83.841652240687,39.954858290895004],[-83.84187462222884,39.954767041143086],[-83.84202349822425,39.95461400951186],[-83.84210696249393,39.95444346554193],[-83.84223098480037,39.954148778414414],[-83.84259266000848,39.95378196383235],[-83.84278861401299,39.953445761885575],[-83.84289937808414,39.95337926473105],[-83.843044747955,39.95323148623533],[-83.84301832401091,39.95298653589776],[-83.84303895022815,39.952931501125406],[-83.84308414087684,39.95283706047138],[-83.84310705420478,39.95271759159014],[-83.84331190422554,39.95246743958061],[-83.84332100775264,39.952190869398365],[-83.8433157391335,39.95210483040836],[-83.84322188674587,39.951925938762486],[-83.84321320902022,39.95185169299348],[-83.84333553081584,39.951633812845714],[-83.84345994119448,39.951524134291965],[-83.84367127794991,39.95137035580621],[-83.84377663955296,39.95137631391292],[-83.8437818506799,39.951324833291956],[-83.84381322613783,39.9513220566965],[-83.84391633656277,39.951278677887075],[-83.84401264404607,39.95119147807808],[-83.84409754023032,39.95107703478831],[-83.84417819636641,39.95084461419912],[-83.84434279737087,39.95054632715523],[-83.8445193037478,39.95031220242018],[-83.84453126930737,39.95027055354861],[-83.84454115886032,39.950230465823],[-83.84455960486638,39.95008315293955],[-83.8445591889464,39.950061632553926],[-83.84454368761786,39.9500310880564],[-83.84445958464602,39.9498675720847],[-83.84441867357134,39.94977568417746],[-83.84439713915735,39.949654526183906],[-83.84442778608158,39.94958655506028],[-83.84443830265862,39.94952345199179],[-83.84440609266579,39.949427729858755],[-83.84435759621685,39.94934378160722],[-83.8443026552541,39.94925680176897],[-83.84426245115354,39.94915889276238],[-83.8441793533965,39.94904920335356],[-83.84406545151006,39.94899186390078],[-83.84400960235052,39.9489943451543],[-83.84381815339717,39.94908290993823],[-83.84371781247825,39.94910525358297],[-83.84357417994916,39.9490599513106],[-83.84353094583116,39.94899529688682],[-83.84355749194611,39.94884805434175],[-83.84361377499192,39.948718647930676],[-83.84391293104954,39.94836344412058],[-83.84407357048359,39.948372606179625],[-83.84420154268233,39.948239431151336],[-83.84455727733149,39.947820231823286],[-83.84492753953539,39.94750684265401],[-83.84515121285462,39.947378804866595],[-83.84552670325348,39.94733578373608],[-83.8458526497678,39.947312825899424],[-83.8461903372629,39.94727023928482],[-83.84641496010137,39.947209729030256],[-83.84678950008268,39.94709917564315],[-83.8469884068495,39.94700025049538],[-83.84712211479135,39.946776602304695],[-83.84718284539612,39.94668914538601],[-83.84736664249989,39.94645503706291],[-83.84757578736603,39.94624040343189],[-83.84779684209619,39.94599625862277],[-83.84809333375065,39.9457611293476],[-83.84824081017085,39.945585641871915],[-83.84854827744147,39.94527296215821],[-83.84874549537558,39.94508729303035],[-83.84889129643776,39.944844009808314],[-83.8489506849595,39.9446695337565],[-83.84900876283926,39.94442753693509],[-83.84909329969739,39.944262380145446],[-83.84916460796464,39.94405866744357],[-83.84931002903946,39.94379616678089],[-83.84931566327292,39.94376766359437],[-83.84895842035243,39.94368545635995],[-83.84889273014896,39.94385456638865],[-83.8488926214528,39.94385454572721],[-83.84889261246967,39.9438545677661],[-83.84863314128636,39.94380423232793],[-83.84677183201767,39.943443311426755],[-83.84678987468016,39.94335832412904],[-83.84662448944644,39.94332027578595],[-83.84636276259349,39.94326002237421],[-83.84561613862486,39.943088184223065],[-83.84561603172534,39.94308815942903],[-83.84554332927276,39.94327192347065],[-83.84530410521765,39.94321687606124],[-83.84537680767023,39.94303308432285],[-83.84477862042085,39.9428953932641],[-83.84477863030232,39.94289536709259],[-83.8453768175517,39.943033058151386],[-83.845407991787,39.942954261284335],[-83.84543768290379,39.942876620695415],[-83.84543778980328,39.942876644800776],[-83.84543779968476,39.94287661931794],[-83.84562711873258,39.94291871829581],[-83.84559572171509,39.942790755946],[-83.84591940357657,39.941972571162665],[-83.84587082987254,39.94185323345086],[-83.84581173509989,39.94170804380969],[-83.84551377200496,39.94148712914142],[-83.84479505509898,39.94130024995357],[-83.84418958520759,39.94114281881321],[-83.84427785726066,39.940947097965044],[-83.84454393195962,39.94050636568825],[-83.84491382585426,39.940148232678844],[-83.847365426181,39.937575975035585],[-83.84736551870746,39.937575999142815],[-83.84736554296198,39.93757597365801],[-83.84754274283829,39.93762145848438],[-83.84730427067309,39.9366100918907],[-83.8472475663174,39.936519392246154],[-83.84725013639743,39.93651687127925],[-83.84722505184143,39.93647609428187],[-83.8471815212794,39.936410544248545],[-83.84716266384495,39.936383584319294],[-83.84716097501222,39.93638121074846],[-83.84715928348454,39.93637883855509],[-83.84715758746529,39.936376467739244],[-83.84715588785276,39.93637409692333],[-83.84715418644362,39.936371728862476],[-83.84715247874627,39.93636936286795],[-83.84715077104892,39.93636699618454],[-83.84714905885998,39.9363646315674],[-83.84714734307778,39.936362268327734],[-83.84714562370233,39.93635990646559],[-83.84714390163194,39.936357548736126],[-83.84714217327333,39.936355190317784],[-83.84714044581304,39.93635283396571],[-83.84713871296285,39.93635047830235],[-83.84713697562108,39.93634812470527],[-83.84713523378775,39.936345771796965],[-83.84713349195442,39.93634342026608],[-83.84713174652782,39.93634107217912],[-83.84712999481302,39.93633872478084],[-83.84712824489483,39.93633637944888],[-83.84712648509519,39.93633403273924],[-83.8471247270922,39.93633168947348],[-83.84712296190267,39.93632934689638],[-83.84712119671313,39.93632700845202],[-83.84711942433708,39.93632466862992],[-83.8471176510627,39.93632233294056],[-83.84711587419507,39.93631999587352],[-83.84711409463247,39.93631766156155],[-83.84711230968001,39.93631532862706],[-83.84711052113428,39.9363129991365],[-83.84710873258857,39.93631066757945],[-83.84710693775462,39.93630834084384],[-83.84710514022574,39.936306016174555],[-83.84710334000191,39.93630368875004],[-83.8471015352865,39.93630136545815],[-83.84709972877447,39.936299044921405],[-83.84709791866916,39.93629672300691],[-83.84709610227567,39.936294405225155],[-83.84709428408553,39.93629208882087],[-83.84709246679371,39.936289772416515],[-83.84709063872211,39.936287458078446],[-83.84708881334545,39.93628514787311],[-83.8470869825789,39.93628283491243],[-83.8470851482191,39.936280526773295],[-83.84708331026602,39.936278217945215],[-83.84708146782137,39.936275913249894],[-83.84707962627503,39.93627360717682],[-83.84707777664387,39.9362713038589],[-83.84707592431775,39.936269003984854],[-83.84707407199163,39.93626670411068],[-83.84707221247899,39.936264404925275],[-83.84707035386468,39.93626210849492],[-83.84706848806383,39.936259812753285],[-83.84706662136468,39.936257521144334],[-83.84706474927563,39.936255228157755],[-83.84706287538994,39.93625293861501],[-83.84706099791099,39.936250649072186],[-83.84705911594048,39.93624836297326],[-83.84705723307164,39.936246076874255],[-83.84705534481292,39.93624379353032],[-83.84705345475756,39.93624151087513],[-83.84705156021062,39.93623923097501],[-83.84704966386705,39.936236951763625],[-83.84704776213358,39.93623467392978],[-83.84704585950182,39.93623239885096],[-83.84704395058183,39.93623012446087],[-83.84704204166185,39.93622785351467],[-83.84704012735199,39.93622558256839],[-83.84703820944885,39.936223312999644],[-83.84703629154573,39.936221044808384],[-83.84703436645607,39.936218780061004],[-83.84703243867149,39.93621651531356],[-83.84703050909026,39.93621425401],[-83.84702857411912,39.936211993395176],[-83.84702663645305,39.93620973346903],[-83.84702469968532,39.936207476298016],[-83.8470227539344,39.93620521981568],[-83.84702080908181,39.93620296677724],[-83.84701885794101,39.93620071373872],[-83.84701690500357,39.93619846276654],[-83.84701494937121,39.93619621317185],[-83.84701298834895,39.93619396495463],[-83.84701102553005,39.93619172018136],[-83.8470090600162,39.93618947609677],[-83.84700709001079,39.936187233389724],[-83.84700511731043,39.93618499206015],[-83.84700314281342,39.93618275417446],[-83.84700116472317,39.936180516288765],[-83.8469991794464,39.9361782818469],[-83.84699719506793,39.93617604671617],[-83.8469952061979,39.93617381434053],[-83.8469932146329,39.93617158472002],[-83.84699122037298,39.9361693550994],[-83.84698922072316,39.93616712754511],[-83.84698721837839,39.93616490274592],[-83.84698521333868,39.936162679324205],[-83.8469832047057,39.93616045728004],[-83.84698119337779,39.93615823730215],[-83.84697918025324,39.93615601939061],[-83.8469771626371,39.936153801478994],[-83.84697513963108,39.936151587011224],[-83.84697311752338,39.93614937392099],[-83.84697108822915,39.93614716289704],[-83.8469690580366,39.93614495187308],[-83.84696702425079,39.93614274567052],[-83.84696498777006,39.936140537401585],[-83.84696294769604,39.93613833326529],[-83.84696090313047,39.93613612981774],[-83.84695885766655,39.936133928436476],[-83.84695680501613,39.93613173118786],[-83.84695475506065,39.936129531872865],[-83.84695269791865,39.936127336690525],[-83.84695063898002,39.93612514357448],[-83.84694857734645,39.936122949769604],[-83.84694651032298,39.93612076147499],[-83.8469444432995,39.93611857180271],[-83.84694237088615,39.93611638419676],[-83.84694029577784,39.936114199345866],[-83.84693821707627,39.9361120165613],[-83.84693613388313,39.936109833776676],[-83.84693405069,39.93610765512475],[-83.84693196390359,39.93610547578396],[-83.84692987172728,39.93610330126462],[-83.84692777775436,39.93610112674523],[-83.84692568018818,39.93609895360337],[-83.84692357902873,39.9360967825278],[-83.84692147607264,39.93609461420738],[-83.84691936952329,39.93609244657565],[-83.84691725938069,39.93609028169901],[-83.84691514564484,39.936088116822305],[-83.84691303011235,39.93608595470071],[-83.8469109109866,39.936083796023],[-83.84690879006419,39.93608163803404],[-83.84690666285358,39.93607948142256],[-83.8469045347447,39.93607732756624],[-83.84690240214421,39.936075173020996],[-83.8469002686454,39.936073023297276],[-83.84689813245166,39.936070874951085],[-83.8468959890714,39.93606872729358],[-83.84689384479282,39.93606658032487],[-83.8468916987176,39.93606443886638],[-83.84688954815081,39.93606229740782],[-83.84688739578739,39.93606015801561],[-83.84688523713575,39.93605801931213],[-83.84688307848413,39.93605588198615],[-83.84688091534092,39.93605374879283],[-83.8468787504011,39.936051616288296],[-83.84687658186799,39.93604948516126],[-83.84687440884332,39.93604735816688],[-83.84687223312372,39.936045229794885],[-83.84687005560745,39.93604310417798],[-83.84686787449795,39.93604098131624],[-83.84686569249013,39.93603886189836],[-83.84686350239747,39.936036742480404],[-83.84686131140649,39.93603462443995],[-83.84685911772056,39.936032507777085],[-83.84685692133968,39.93603039455809],[-83.84685472316218,39.936028283405385],[-83.84685252049313,39.93602617225262],[-83.84685031423079,39.936024065232566],[-83.8468481052735,39.93602195890125],[-83.84684589362126,39.93601985532505],[-83.84684367927409,39.936017752437586],[-83.84684146223198,39.936015651616415],[-83.84683924069826,39.93601355286155],[-83.84683701467299,39.936011456172984],[-83.84683478864771,39.93600936155078],[-83.84683255902918,39.93600726899493],[-83.84683032581738,39.93600517850532],[-83.84682809080896,39.93600309008206],[-83.84682585041064,39.93600100372512],[-83.84682360821569,39.93599891667934],[-83.84682136242748,39.93599683445499],[-83.84681911753758,39.935994752230634],[-83.84681686366456,39.93599267345019],[-83.84681461068982,39.93599059604723],[-83.8468123532235,39.935988521399445],[-83.84681009216393,39.93598644744035],[-83.84680783110437,39.93598437416994],[-83.84680556195994,39.935982306409926],[-83.84680329371386,39.93598023933854],[-83.84680102277282,39.93597817295595],[-83.84679874644188,39.93597610932848],[-83.84679646921263,39.9359740477673],[-83.84679418839015,39.93597198758363],[-83.84679190487269,39.93596992946631],[-83.84678961686366,39.93596787410411],[-83.84678732615968,39.93596581943064],[-83.84678503365907,39.93596376613468],[-83.8467827366669,39.935961716282634],[-83.84678044057303,39.93595966918569],[-83.84677813729265,39.935957624155115],[-83.84677583221563,39.93595557774687],[-83.84677352264701,39.935953537537706],[-83.84677121218012,39.93595149732849],[-83.84676889991657,39.93594945849676],[-83.84676658226316,39.935947422420206],[-83.84676426281308,39.93594538703235],[-83.84676193887142,39.93594335646601],[-83.84675961403147,39.935941325210806],[-83.84675728559826,39.93593929808834],[-83.84675495536841,39.93593727096581],[-83.84675261885036,39.93593524590959],[-83.84675028412893,39.935933225674844],[-83.84674794222099,39.93593120406248],[-83.84674559941475,39.93592918520523],[-83.8467432521169,39.93592716979185],[-83.84674090392075,39.93592515644488],[-83.84673855213133,39.9359231430978],[-83.84673619674867,39.93592113250584],[-83.84673384046768,39.935919126046606],[-83.84673147879678,39.93591711889851],[-83.8467291171259,39.93591511450552],[-83.84672675096344,39.93591311149009],[-83.84672438120772,39.93591111122972],[-83.84672200965538,39.93590911510214],[-83.8467196318148,39.93590711897445],[-83.84671725487257,39.93590512491312],[-83.84671487254045,39.93590313291809],[-83.84671249110663,39.93590114230063],[-83.8467101042829,39.93589915581583],[-83.84670771296763,39.9358971700198],[-83.84670532075401,39.93589518560127],[-83.84670292584548,39.93589320393791],[-83.84670052824198,39.93589122365204],[-83.84669812794354,39.93588924818773],[-83.84669572495017,39.93588727272334],[-83.8466933165669,39.93588529863647],[-83.84669090998024,39.935883326615915],[-83.84668849530875,39.93588135666172],[-83.84668607973896,39.935879390840206],[-83.84668366237254,39.935877425707496],[-83.84668124051453,39.93587546126348],[-83.84667881685989,39.93587350095215],[-83.8466763905103,39.93587154339599],[-83.84667395966916,39.93586958515096],[-83.8466715297263,39.935867630349875],[-83.84666909259693,39.9358656783039],[-83.84666665636588,39.93586372763543],[-83.84666421474493,39.93586177972208],[-83.84666177042905,39.93585983249754],[-83.84665932521486,39.93585788733927],[-83.84665687640738,39.935855946313765],[-83.84665442490497,39.935854007354536],[-83.84665196801267,39.935852068395306],[-83.84664951022205,39.93585013287996],[-83.84664705063481,39.93584819805335],[-83.84664458655597,39.935846268048294],[-83.84664212247716,39.93584433873194],[-83.84663965300845,39.935842409415585],[-83.84663718264142,39.935840485609475],[-83.84663470688449,39.93583856249217],[-83.84663223022925,39.93583664212994],[-83.84662974998075,39.9358347210789],[-83.8466272670373,39.93583280347173],[-83.84662478139892,39.93583088999731],[-83.84662229396389,39.93582897721164],[-83.84661980293559,39.935827067181094],[-83.84661730921238,39.93582515852812],[-83.84661481099758,39.93582325400782],[-83.84661230379962,39.93582134259955],[-83.84655535240724,39.93577907876552],[-83.84655532006788,39.93577905741288],[-83.84649703198235,39.935737923179246],[-83.8464969870666,39.93573789356095],[-83.84643747367902,39.935697956431866],[-83.84643739372898,39.93569790614965],[-83.84568013999561,39.93652628564377],[-83.84537711938565,39.93685775957957],[-83.84534511959858,39.93689286351645],[-83.84499902297412,39.937272467722906],[-83.84441616547508,39.9379036149879],[-83.84333757807637,39.939071510226746],[-83.84222368329372,39.94027760915505],[-83.84175263550483,39.94079151529457],[-83.84082089840057,39.94180278289894],[-83.84082099541861,39.94180280493849],[-83.84075575437278,39.94187362069487],[-83.84069049446235,39.94194445910621],[-83.84060668164634,39.94203541121288],[-83.84020609860663,39.94247020506309],[-83.83967410821055,39.94304755852814],[-83.83967401388743,39.943047536489],[-83.83967399232786,39.94304755990561],[-83.83698968522343,39.94240529922368],[-83.83698957293402,39.94240527236323],[-83.83681695087239,39.944073053276675],[-83.83862291583473,39.9441882713766],[-83.83862303261573,39.94418827482017],[-83.83710075202683,39.94584025975385],[-83.83516202864189,39.94794403481833],[-83.83461621047863,39.94853626759048],[-83.83461609639261,39.94853638879601],[-83.83461610627407,39.94853626552449],[-83.8344575644062,39.94870444763694],[-83.83389122602689,39.949305193928716],[-83.83326369351214,39.94997085777122],[-83.83297774628248,39.95028499316751],[-83.83297786306346,39.95028499247889],[-83.8330153578451,39.95028544147883],[-83.83301547282946,39.95028544147883],[-83.83302019167965,39.95028549794813],[-83.83302029857917,39.9502854993254],[-83.83317334994402,39.95028731185269],[-83.83334356991057,39.950289326154454],[-83.83334368669155,39.95028932822039],[-83.83453342084374,39.95030340836004],[-83.83444366567213,39.95039723479418],[-83.83033150977977,39.95490406859533]]]]}},{"type":"Feature","properties":{"name":"CLIFTON","kind":"municipality"},"geometry":{"type":"Polygon","coordinates":[[[-83.82908492484651,39.80064987169401],[-83.82916292556263,39.80065420379248],[-83.82917613439056,39.80052943206982],[-83.82919470616076,39.800353668559055],[-83.82921011586114,39.80020792236999],[-83.82922552196825,39.80006217587211],[-83.82925630274147,39.79977068402011],[-83.82928711675235,39.799479190932516],[-83.82929778963624,39.79937830583489],[-83.82936577683188,39.79873498429564],[-83.82942267881693,39.798109467520696],[-83.82943191080312,39.79800766661434],[-83.82945867251372,39.79771266613211],[-83.82834505081895,39.79760130902902],[-83.82806631706102,39.79757343521584],[-83.82794964117696,39.79756176694412],[-83.82783296619124,39.79755009936063],[-83.82765618942142,39.797532420949025],[-83.82747940816003,39.797514741842726],[-83.82730263139021,39.797497062731885],[-83.82712585192546,39.797479382926305],[-83.82706751353427,39.7974735480925],[-83.82689073676445,39.79745586828087],[-83.82671395640139,39.79743818777455],[-83.82653718052988,39.79742050726364],[-83.82636040016679,39.79740282674818],[-83.82624372518106,39.79739115706712],[-83.82612705289027,39.797379487384134],[-83.82541553328633,39.79730831939151],[-83.82535719669178,39.79730248385304],[-83.82517687876312,39.79728444717023],[-83.82499658598728,39.797266413243385],[-83.82463596180807,39.79723033916385],[-83.82451930568693,39.797218670143785],[-83.82441322992325,39.797208058491016],[-83.82218958428639,39.796985595080386],[-83.8220282908788,39.79993577429419],[-83.82201900858698,39.8002826182104],[-83.82314693235939,39.800336650658664],[-83.82312657384011,39.800454370024546],[-83.8240195863691,39.80052441256858],[-83.82422381026413,39.80026915598724],[-83.82422545418109,39.80037929340399],[-83.82497788306308,39.80042121421911],[-83.82536866907627,39.80044298382541],[-83.82608011950994,39.80048258912838],[-83.82767498846536,39.80057137004726],[-83.82779293456723,39.80057793963331],[-83.82898953454313,39.80064456164654],[-83.82908492484651,39.80064987169401]]]}},{"type":"Feature","properties":{"name":"ENON","kind":"municipality"},"geometry":{"type":"Polygon","coordinates":[[[-83.9335096964401,39.88548477125907],[-83.93467055694241,39.88556136233416],[-83.9359728158637,39.88564387027973],[-83.9359980531333,39.88540752526066],[-83.9362219249802,39.885420623393365],[-83.93814140106184,39.88553302101319],[-83.93920749469159,39.885595408988166],[-83.93940414129717,39.88395504316883],[-83.94108190229544,39.88405322534997],[-83.94241783995504,39.88413137656716],[-83.9427639770037,39.88382617513764],[-83.9449469595009,39.88190659182591],[-83.94619169210806,39.88081200653818],[-83.94655485851955,39.880492635863604],[-83.94622824725191,39.880472262741925],[-83.943925071068,39.880328536035165],[-83.94163369066209,39.8801855052761],[-83.94147721941094,39.88017573297306],[-83.93944647170999,39.88004894658995],[-83.93846714904849,39.87882403411903],[-83.93846820636557,39.87882349916858],[-83.93854239912322,39.878785523882115],[-83.93905922595732,39.87853899663761],[-83.93982355122859,39.8781743578815],[-83.94012545253771,39.87850980793292],[-83.9410258052009,39.87801991136978],[-83.9404255832674,39.877334583609425],[-83.9403593037691,39.87725890436286],[-83.94004078452555,39.87689518809606],[-83.93997497933772,39.87682005298209],[-83.94003282185888,39.87678763237699],[-83.94065765583453,39.87643705689142],[-83.94043980000508,39.876423974277415],[-83.94043951613745,39.87642417075447],[-83.93966954046303,39.876378693536516],[-83.93901451860225,39.87633997993399],[-83.93898584258174,39.87630771559444],[-83.93893553243427,39.87625105976081],[-83.93892845460813,39.876243076566645],[-83.93907961322267,39.87625156991304],[-83.93911246551095,39.87591038543038],[-83.93911956040506,39.87583647154224],[-83.93912243681059,39.875806700523604],[-83.93918851328964,39.875119878764025],[-83.93809794775493,39.875058724947756],[-83.93812171627903,39.87485361366392],[-83.9381454479722,39.87464852934315],[-83.93815337201131,39.874580148003496],[-83.93817713963712,39.874375037356685],[-83.93820882860707,39.87410157254576],[-83.9374280461998,39.87405778010174],[-83.93732141437893,39.87405181043956],[-83.93732154553297,39.87404918307105],[-83.93732169285666,39.87404655570245],[-83.93732183928206,39.87404392833375],[-83.93732198391082,39.874041300275515],[-83.93732212584463,39.87403867290661],[-83.93732226777846,39.874036047605834],[-83.93732240881394,39.874033418168445],[-83.93732254805282,39.87403079079924],[-83.93732268459674,39.874028161361686],[-83.93732282114067,39.87402553537108],[-83.93732295498965,39.87402290662272],[-83.93732308883862,39.874020278563734],[-83.93732321999265,39.874017651193974],[-83.93732335114669,39.87401502382416],[-83.93732348050409,39.87401239507544],[-83.93732360357328,39.87400976977366],[-83.93732372933742,39.874007140335266],[-83.93732385510155,39.8740045108968],[-83.93732397906906,39.87400188559473],[-83.93732409674836,39.873999254087785],[-83.93732421532597,39.8739966274067],[-83.93732433570024,39.873993997967794],[-83.9373244515829,39.873991370597075],[-83.93732456477063,39.873988741847455],[-83.93732467795836,39.87398611447648],[-83.93732479024777,39.87398348503722],[-83.93732490074055,39.87398085628725],[-83.93732501123333,39.87397822684779],[-83.93732511633623,39.87397559809761],[-83.93732522413406,39.873972968657945],[-83.937325326542,39.873970339907565],[-83.93732542894993,39.87396771460418],[-83.93732553135789,39.87396508585364],[-83.93732562837593,39.873962457102955],[-83.93732572898725,39.873959827662745],[-83.93732582331035,39.87395719891191],[-83.93732591763344,39.87395457016092],[-83.93732601554981,39.87395193865216],[-83.93732610717798,39.87394930990103],[-83.93732619700951,39.87394668321797],[-83.93732628594272,39.87394405239835],[-83.93732637667256,39.873941349189714],[-83.93732646201252,39.873938641844454],[-83.9373265500474,39.87393594001447],[-83.93732663269242,39.87393323473723],[-83.93732671533742,39.873930529459926],[-83.93732679528748,39.87392782211424],[-83.93732687523755,39.873925118904964],[-83.93732695518761,39.8739224136273],[-83.93732702974778,39.873919706281335],[-83.93732710700289,39.873917003071696],[-83.9373271788681,39.873914296414895],[-83.93732725163166,39.87391159113686],[-83.93732731810698,39.873908885858654],[-83.93732738817558,39.8739061805804],[-83.9373274546509,39.87390347530199],[-83.9373275193296,39.87390077071295],[-83.93732758580494,39.87389806543432],[-83.93732764509375,39.873895360155636],[-83.93732770438255,39.87389265556622],[-83.9373277663663,39.8738899461508],[-83.93732782026521,39.87388724362947],[-83.93732787865571,39.87388453628207],[-83.93732793255464,39.8738818310028],[-83.9373279837586,39.8738791264129],[-83.93732803496256,39.873876419754616],[-83.93732808616654,39.87387371447503],[-83.93732813287895,39.873871009884816],[-83.93732817869302,39.87386830460501],[-83.93732822181215,39.87386559794629],[-83.9373282658296,39.873862891287466],[-83.93732830894874,39.8738601860074],[-83.93732834937293,39.8738574814166],[-83.93732838530553,39.873854774757454],[-83.93732842303478,39.87385207016644],[-83.93732845627244,39.873849365575325],[-83.9373284949,39.873846656847626],[-83.93732852184947,39.87384395225629],[-83.93732855239219,39.873841246975466],[-83.9373285829349,39.87383854031568],[-83.93732861078269,39.87383583572404],[-83.93732863863046,39.87383312699579],[-83.93732866108833,39.873830422403934],[-83.93732868354621,39.87382771781201],[-83.9373287006142,39.87382501184107],[-83.93732872307208,39.873822307248936],[-83.93732874014007,39.87381959852011],[-83.93732875720808,39.87381689392776],[-83.93732876978449,39.873814187267016],[-83.93732878415751,39.87381148336384],[-83.93732879403899,39.87380877670288],[-83.93732880571709,39.8738060700418],[-83.9373288129036,39.873803364070014],[-83.93732881919182,39.87380065947703],[-83.93732882637835,39.873797950747345],[-83.93732882817498,39.87379524684353],[-83.9373288290733,39.87379254018193],[-83.93732883086992,39.87378983627794],[-83.93732882997159,39.87378712961613],[-83.93732882368339,39.87378442157535],[-83.93732882278508,39.87378171698156],[-83.93732881649689,39.87377901100886],[-83.93732880931036,39.87377638707701],[-83.93732879673395,39.873773763834436],[-83.93732878954742,39.873771139902395],[-83.93732877517436,39.87376851665963],[-83.93732876259796,39.87376589272738],[-83.93732874463164,39.873763267416166],[-83.9373287293603,39.873760645551954],[-83.9373287122923,39.873758022308834],[-83.93732869163105,39.873755396997325],[-83.93732866647821,39.87375277513282],[-83.93732864312203,39.87375014982111],[-83.93732862066415,39.87374752864583],[-83.93732859820625,39.87374490471277],[-83.93732856676522,39.873742279400766],[-83.9373285362225,39.87373965822519],[-83.93732850837472,39.87373703498122],[-83.93732847513708,39.873734409668955],[-83.93732844459434,39.87373178642477],[-83.9373284059668,39.873729164559364],[-83.93732837003417,39.873726539246746],[-83.93732832871167,39.87372391393403],[-83.93732829277906,39.87372129275775],[-83.93732825145655,39.87371866951313],[-83.93732820564249,39.87371604420011],[-83.93732816431998,39.87371342302353],[-83.93732812030254,39.87371079977855],[-83.93732807448843,39.87370817515467],[-83.93732802238615,39.873705553977786],[-83.93732797118219,39.87370293073251],[-83.93732791907989,39.873700305418936],[-83.93732786518098,39.87369768079464],[-83.93732781128207,39.873695059617305],[-83.93732775468821,39.87369243637169],[-83.93732769719603,39.873689811057666],[-83.93732764060215,39.87368719056952],[-83.93732757861841,39.87368456732354],[-83.93732751663467,39.87368194200921],[-83.93732745195595,39.87367932152076],[-83.93732738727725,39.87367669827448],[-83.93732732259856,39.87367407364928],[-83.93732724983502,39.87367144833461],[-83.93732718335968,39.87366882784571],[-83.93732711059614,39.87366620459908],[-83.9373270378326,39.87366357997348],[-83.93732696327244,39.873660958794844],[-83.93732688781395,39.87365833623735],[-83.93732680966053,39.873655711611455],[-83.93732673240541,39.873653090432526],[-83.93732665245535,39.873650467874725],[-83.93732656891203,39.87364784324852],[-83.93732648626703,39.873645222069285],[-83.93732640092706,39.87364259744289],[-83.93732631468882,39.87363997488469],[-83.93732622934886,39.87363735439458],[-83.93732613861901,39.873634729767886],[-83.93732604519421,39.873632107209325],[-83.93732595446437,39.873629486718976],[-83.93732585834464,39.87362686209198],[-83.93732576491985,39.873624241601426],[-83.93732566880011,39.873621618353035],[-83.93732557088376,39.87361899441517],[-83.93732546667918,39.873616373924264],[-83.93732536516954,39.87361374929676],[-83.93732526725319,39.873611128805706],[-83.93732516304861,39.873608504178],[-83.93732505435247,39.87360588161844],[-83.93732494745295,39.87360326112709],[-83.93732483606183,39.87360063718847],[-83.93732472916234,39.87359801669691],[-83.93732461238135,39.87359539413696],[-83.93732450099024,39.8735927736452],[-83.93732438690421,39.873590149706224],[-83.93732427012323,39.87358752714597],[-83.93732415064729,39.87358490665392],[-83.93732403027303,39.87358228271459],[-83.93732391079712,39.87357966222233],[-83.93732378862623,39.87357703828286],[-83.93732366465872,39.87357441779035],[-83.93732353709795,39.87357179591893],[-83.93732341223212,39.87356917335797],[-83.9373232819764,39.87356655148634],[-83.93732315531396,39.873563930993484],[-83.93732302236329,39.87356131118991],[-83.93732289031094,39.873558686560294],[-83.93732275197038,39.87355606468827],[-83.93732261722309,39.87355344488444],[-83.93732248157748,39.87355082232279],[-83.9373223414403,39.87354820045046],[-83.93732220130312,39.87354558064629],[-83.93732205757267,39.87354296084206],[-83.93732191474055,39.87354033690117],[-83.93732176921347,39.87353771640728],[-83.93732162099144,39.87353509453444],[-83.93732147546436,39.873532472661516],[-83.9373213245474,39.873529852856784],[-83.93732117363044,39.873527230983655],[-83.93732102001853,39.87352461117868],[-83.9373208664066,39.87352198930535],[-83.9373207083031,39.87351936950017],[-83.9373205493013,39.873516747626645],[-83.93732039299445,39.873514127821316],[-83.93732023219602,39.873511508015845],[-83.93732007049927,39.873508886142005],[-83.93731990970083,39.87350626426808],[-83.93731974261418,39.87350364308349],[-83.93731957642588,39.87350102534591],[-83.93731941023754,39.87349840347168],[-83.93731924045595,39.873495783665604],[-83.93731906887773,39.87349316385942],[-83.9373188972995,39.87349054060608],[-83.93731872302635,39.873487922868],[-83.93731854605824,39.873485300993266],[-83.93731837178507,39.873482681876126],[-83.937318192122,39.87348006206944],[-83.93731801515389,39.8734774429521],[-83.93731783279588,39.87347482314527],[-83.93731764864125,39.87347220333829],[-83.9373174635883,39.873469582152396],[-83.93731727584041,39.873466963034645],[-83.93731709078746,39.87346434322737],[-83.93731690124295,39.87346172410942],[-83.9373167108001,39.87345910430199],[-83.93731651856064,39.873456485183844],[-83.93731632632118,39.87345386399735],[-83.93731613048843,39.87345124832613],[-83.93731593824896,39.873448627139425],[-83.93731573792465,39.873446008020885],[-83.9373155349054,39.873443388212806],[-83.93731533637771,39.87344076909406],[-83.93731513605341,39.87343814997521],[-83.93731493303416,39.87343553085626],[-83.93731472462501,39.87343291380552],[-83.93731451621586,39.873430293996954],[-83.93731431050168,39.8734276748777],[-83.9373141002959,39.87342505782666],[-83.9373138891918,39.873422438707216],[-83.93731367269781,39.873419819587674],[-83.93731346249204,39.87341720253633],[-83.93731324599806,39.87341458341659],[-83.93731302680914,39.87341196429674],[-83.9373128085185,39.873409347245044],[-83.93731258753296,39.873406728125005],[-83.93731236564908,39.873404111073164],[-83.93731214466351,39.87340149264236],[-83.93731191828806,39.87339887559026],[-83.93731169101429,39.87339625646982],[-83.93731146194389,39.87339363941758],[-83.9373112328735,39.87339102098637],[-83.93731100110817,39.87338840393388],[-83.93731076934282,39.87338578688134],[-83.93731053488254,39.873383167760394],[-83.9373103040155,39.87338058104226],[-83.93731007045352,39.873377992945194],[-83.93730983329829,39.87337540622691],[-83.93730959434643,39.87337282157673],[-83.93730935539456,39.873370232789995],[-83.93730911374774,39.87336764607136],[-83.93730887479587,39.87336506004207],[-83.93730863045411,39.873362471254985],[-83.93730838701069,39.873359884536114],[-83.93730814266893,39.87335729643828],[-83.93730789293727,39.873354709719166],[-83.93730764320563,39.873352123],[-83.9373073943723,39.87334953903838],[-83.93730713925076,39.873346952319025],[-83.93730688772247,39.87334436628895],[-83.93730663529588,39.873341779569344],[-83.93730637837771,39.87333919147081],[-83.93730611786627,39.873336604751074],[-83.9373058609481,39.873334018720605],[-83.93730559864004,39.873331434068916],[-83.93730533543366,39.87332884803826],[-83.9373050731256,39.87332626131807],[-83.93730480812259,39.87332367528727],[-83.9373045377297,39.87332109132458],[-83.93730427272668,39.873318506672405],[-83.93730400502874,39.87331592064126],[-83.93730372924594,39.873313334610025],[-83.93730345885302,39.873310750646986],[-83.93730318666351,39.87330816392611],[-83.93730291088072,39.873305577894634],[-83.93730263240298,39.873302995999516],[-83.93730235482354,39.87330040996784],[-83.93730207365087,39.873297823936014],[-83.9373017933765,39.87329524204065],[-83.93730150950887,39.87329265600864],[-83.93730122653956,39.87329007342365],[-83.93730093997696,39.87328748739142],[-83.93730065161776,39.87328490135911],[-83.93730036325856,39.87328231946327],[-83.93730007489935,39.873279733430806],[-83.9372997829469,39.8732771501559],[-83.93729949189273,39.87327456757033],[-83.93729919544869,39.87327198222696],[-83.93729889900465,39.873269400330635],[-83.93729859986566,39.87326681636589],[-83.93729830162499,39.87326423240111],[-83.93729800248599,39.873261648436234],[-83.93729770065207,39.87325906653946],[-83.93729739612318,39.87325648119551],[-83.93729709428924,39.8732538992986],[-83.93729678257384,39.873251315333334],[-83.93729647804496,39.8732487341256],[-83.93729616902449,39.87324615016014],[-83.93729585641078,39.87324356826284],[-83.93729554469537,39.873240984986566],[-83.93729523028503,39.87323840308907],[-83.93729491767131,39.87323582119148],[-83.93729460056602,39.87323323791492],[-83.93729428346072,39.873230656017114],[-83.93729396366048,39.87322807274036],[-83.93729364116528,39.87322549291069],[-83.9372933186701,39.873222911701994],[-83.93729299347999,39.87322033049326],[-83.93729266828984,39.87321774652667],[-83.93729234309971,39.87321516531774],[-83.93729201521462,39.87321258341927],[-83.93729168193967,39.873210002210136],[-83.93729135225796,39.873207423069125],[-83.93729102167794,39.873204841170356],[-83.937290685708,39.87320225996094],[-83.9372903506364,39.873199678751426],[-83.93729001197154,39.87319709961007],[-83.937289674205,39.873194517710864],[-83.93728933554013,39.87319193650105],[-83.9372889923837,39.87318935942768],[-83.9372886519222,39.87318677614941],[-83.93728830607083,39.873184197007575],[-83.93728796021944,39.87318161786563],[-83.9372876116731,39.873179038723606],[-83.93728726222847,39.87317645889203],[-83.93728691368212,39.87317387630267],[-83.93728655974591,39.87317129716035],[-83.93728620940296,39.87316871939675],[-83.93728585277178,39.87316613887541],[-83.93728549614062,39.87316355973279],[-83.93728513950944,39.87316098059008],[-83.93728478018333,39.87315840144728],[-83.93728442175552,39.87315582230432],[-83.9372840570395,39.873153247297886],[-83.93728369322184,39.873150666086524],[-83.93728333120077,39.87314808694333],[-83.93723627924282,39.872816465266595],[-83.93723293840829,39.87279275716124],[-83.9371280852517,39.87207072188104],[-83.9371414153522,39.87192435563197],[-83.93714879052068,39.87184313215001],[-83.93717544982336,39.87155020946109],[-83.93720129615072,39.87126624761836],[-83.93725299239868,39.8706985410306],[-83.93726042685597,39.87061679556116],[-83.93728830607083,39.87031059632363],[-83.9373176630143,39.86998793146616],[-83.93734804403722,39.86965432816773],[-83.93737766508539,39.869328998200814],[-83.93739584429179,39.86912925313782],[-83.93739941509506,39.869089974217324],[-83.93740576977737,39.86901985608283],[-83.93741575904333,39.86891015824499],[-83.93744941981535,39.86854046479423],[-83.93747186781597,39.86829399173424],[-83.93751048728835,39.86786951861959],[-83.93751673507117,39.86780107536331],[-83.93764113107676,39.86643422645653],[-83.9376416799474,39.866428041698356],[-83.93770399428202,39.86574335104597],[-83.93759746576744,39.865736585666],[-83.9378840714622,39.8627023537465],[-83.93789955751937,39.86253805896558],[-83.93794575338286,39.862113326828556],[-83.93796305763018,39.86195419941922],[-83.9379941626952,39.86166811130301],[-83.93802394723677,39.86139401110152],[-83.93803882603282,39.86125723433981],[-83.93806855038726,39.86098365586432],[-83.93807507215621,39.86092347481096],[-83.93817044000173,39.860714628714646],[-83.93820933076532,39.86062942152032],[-83.93820749910046,39.86064778428681],[-83.93829118345738,39.860456324450425],[-83.93835558368009,39.86030908251002],[-83.93841839208812,39.860222925293456],[-83.93858412856311,39.85999553070651],[-83.93874986413977,39.85976816432757],[-83.93896635093672,39.85947115061668],[-83.93908252106927,39.859364075096146],[-83.93948965462401,39.858881751866626],[-83.93982880816964,39.858509619144044],[-83.93983108090731,39.858507537322325],[-83.93983334735677,39.85850545136307],[-83.93983561111129,39.858503366093345],[-83.93983788295063,39.858501282202724],[-83.93984015748494,39.858499202449444],[-83.93984243201923,39.85849712407527],[-83.93984471194344,39.85849504845933],[-83.93984699905414,39.85849297215374],[-83.93984928436822,39.85849090067508],[-83.93985157507221,39.858488830575524],[-83.9398538675728,39.85848676254466],[-83.93985616366668,39.858484694513685],[-83.93985846245549,39.85848263062011],[-83.93986076573589,39.85848056879517],[-83.93986307171122,39.85847850834934],[-83.93986537588992,39.858476450661755],[-83.93986768725513,39.85847439435326],[-83.93987000401026,39.85847234218212],[-83.93987232076537,39.85847029001092],[-83.93987464291037,39.85846823990836],[-83.93987696505539,39.85846619118491],[-83.9398792925903,39.858464147288444],[-83.93988162282014,39.85846210270228],[-83.93988395843988,39.85846006225357],[-83.93988629675457,39.858458023873446],[-83.9398886323743,39.85845598411415],[-83.93989097248561,39.858453949871425],[-83.93989332158009,39.858451914938996],[-83.93989566977623,39.85844988483356],[-83.9398980242606,39.85844785817594],[-83.9399003751517,39.85844582944951],[-83.93990273502594,39.85844380555006],[-83.93990509400187,39.85844178302967],[-83.93990746106266,39.85843976188839],[-83.9399098263268,39.85843774557411],[-83.93991219608252,39.8584357292597],[-83.93991457122813,39.85843371432442],[-83.93991694906869,39.858431703526485],[-83.93991932421432,39.858429695486834],[-83.93992170744475,39.85842768882625],[-83.93992409337014,39.858425682165596],[-83.93992648109216,39.85842367895277],[-83.9399288751024,39.858421678498175],[-83.93993126641769,39.858419679422695],[-83.93993366581782,39.858417681036684],[-83.93993606701456,39.85841569023596],[-83.9399384718046,39.85841369736648],[-83.9399408756963,39.85841170656565],[-83.93994328857114,39.85840971714387],[-83.93994569785272,39.85840773254909],[-83.9399481125242,39.85840574795425],[-83.93995053528052,39.858403764738526],[-83.93995295624022,39.85840178772887],[-83.93995537899654,39.85839981071914],[-83.93995780714276,39.85839783784683],[-83.93996023528896,39.85839586290576],[-83.93996267152001,39.85839389141251],[-83.93996510775106,39.8583919247462],[-83.93996754937203,39.85838995739025],[-83.939969988298,39.85838799417171],[-83.93997243530885,39.85838603095306],[-83.9399748841163,39.85838407394058],[-83.93997733651703,39.85838211692804],[-83.9399797916127,39.858380159915455],[-83.93998224581007,39.85837820635068],[-83.93998470629562,39.85837625761285],[-83.93998717127278,39.8583743081854],[-83.93998963714822,39.85837236082663],[-83.93999210751525,39.85837041760523],[-83.9399945787806,39.85836847645248],[-83.93999705453751,39.85836653667886],[-83.93999953298939,39.85836459966351],[-83.94000201144125,39.85836266195848],[-83.94000449528302,39.85836073045957],[-83.94000698271803,39.85835879896066],[-83.94000947194971,39.858356871599106],[-83.94001196657123,39.85835494630621],[-83.9400144629894,39.8583530210133],[-83.94001695761096,39.858351101236885],[-83.94001946031733,39.85834918146047],[-83.94002196302371,39.858347266511],[-83.94002447112,39.85834534880313],[-83.9400269819112,39.85834343730143],[-83.940029497194,39.8583415251101],[-83.94003201337512,39.85833961981447],[-83.94003452865792,39.85833771245003],[-83.94003705292386,39.858335808533475],[-83.9400395762915,39.85833390875428],[-83.9400421032524,39.85833200690628],[-83.9400446320099,39.85833011126446],[-83.94004716615733,39.85832821769127],[-83.94004970389801,39.85832632342847],[-83.94005224343532,39.858324433992614],[-83.94005478297262,39.85832254593587],[-83.94005732789982,39.85832066201655],[-83.94005987282702,39.858318778786774],[-83.94006242583906,39.85831689831518],[-83.9400649788511,39.858315018533176],[-83.94006753455807,39.85831314288854],[-83.94007009296001,39.85831126862298],[-83.94007265405688,39.858309397115704],[-83.94007522054365,39.85830752698751],[-83.94007778972536,39.858305660996734],[-83.94008035800876,39.858303795005845],[-83.94008293258037,39.85830193315244],[-83.94008550715198,39.858300074746815],[-83.94008808441852,39.85829821909949],[-83.94009066887159,39.858296360693764],[-83.94009325152803,39.85829450849416],[-83.94009583867604,39.85829265836327],[-83.94009842851902,39.85829080823229],[-83.94010075066403,39.85828899395923],[-83.94010307280902,39.8582871769278],[-83.94010539675068,39.85828536058588],[-83.94010771889569,39.85828354769184],[-83.94011004283732,39.858281735487296],[-83.94011237037222,39.85827992259311],[-83.94011469431386,39.85827810763016],[-83.94011702184878,39.85827629749418],[-83.9401193511803,39.85827448873732],[-83.94012168141015,39.85827267791171],[-83.94012401074167,39.85827086915475],[-83.94012634097153,39.85826905832899],[-83.940128672998,39.85826725164071],[-83.94013100771944,39.85826544702103],[-83.94013334064421,39.85826363826389],[-83.94013567536564,39.85826183364417],[-83.94013801098538,39.85826002902436],[-83.94014034840175,39.85825822578372],[-83.94014268851306,39.8582564190951],[-83.94014502413279,39.85825461861262],[-83.94014736693906,39.858252816061366],[-83.94014970435543,39.85825101695796],[-83.94015204716167,39.858249214406634],[-83.94015439086627,39.85824741323437],[-83.94015673367252,39.85824561482041],[-83.94015907917374,39.85824381778553],[-83.94016142467495,39.8582420207506],[-83.94016376748121,39.85824022233645],[-83.94016611657568,39.85823842530143],[-83.94016846477182,39.85823663240383],[-83.94017081296799,39.858234833989584],[-83.94017316385907,39.85823304316062],[-83.94017551744511,39.85823124819411],[-83.94017786564129,39.85822945736504],[-83.94018021922733,39.858227666535925],[-83.94018257281337,39.858225873638055],[-83.94018492639943,39.85822408280883],[-83.9401872826804,39.85822229404829],[-83.94018964165633,39.85822050459816],[-83.94019199793732,39.85821871583753],[-83.94019435421832,39.858216929145605],[-83.94019686051796,39.85821503350054],[-83.9401993605294,39.8582131426825],[-83.94020186143915,39.858211251174865],[-83.94020436684046,39.85820935759836],[-83.94020687224182,39.858207466090626],[-83.94020937854144,39.85820557458277],[-83.94021188663773,39.85820368721236],[-83.94021439473399,39.858201799841886],[-83.94021690642353,39.858199912471314],[-83.9402194145198,39.85819802510074],[-83.94022192531102,39.85819613773012],[-83.94022444149212,39.858194254496915],[-83.94022695318166,39.85819237057402],[-83.94022946936278,39.858190485272],[-83.94023198284894,39.85818860203859],[-83.94023450441995,39.85818672018431],[-83.94023701880442,39.858184843157],[-83.94023953768047,39.85818295923389],[-83.94024206194642,39.85818108220652],[-83.94024457812755,39.85817920242074],[-83.94024710239349,39.85817732677239],[-83.94024962396449,39.8581754476761],[-83.94025214553548,39.85817357202765],[-83.94025467249637,39.85817169844786],[-83.94025719945728,39.85816982279931],[-83.94025972641816,39.85816794921947],[-83.940262256074,39.858166075639524],[-83.94026478572985,39.85816420619701],[-83.9402673153857,39.85816233468568],[-83.94026984504154,39.85816046317434],[-83.94027238008726,39.858158595800404],[-83.94027491243804,39.858156725668145],[-83.94027744478883,39.858154856225326],[-83.94027998252952,39.8581529929887],[-83.9402825202702,39.85815112285629],[-83.94028505711255,39.85814925755079],[-83.94028759485323,39.858147395693194],[-83.94029013528886,39.858145530387596],[-83.94029267572448,39.8581436685299],[-83.9402952161601,39.858141808740804],[-83.94029776108731,39.85813994550383],[-83.94030030152292,39.858138085714685],[-83.9403028500434,39.85813622592549],[-83.94030539317396,39.85813436820497],[-83.9403079407961,39.85813250841568],[-83.94031048931656,39.85813065276377],[-83.94031303783702,39.85812879711181],[-83.94031558635749,39.85812694352856],[-83.94031813667458,39.8581250878765],[-83.94032068788997,39.85812323429315],[-83.94032324359696,39.85812138277848],[-83.94032579481238,39.85811953057416],[-83.94032835141766,39.85811767905943],[-83.94033090712465,39.85811582754461],[-83.9403334664249,39.85811397947756],[-83.94033602482683,39.85811213210011],[-83.94033858412706,39.85811028403303],[-83.94034114252901,39.858108435965896],[-83.94034370452418,39.85810659065701],[-83.94034626292613,39.8581047446585],[-83.94034883031121,39.858102900728696],[-83.94035139140809,39.858101057488376],[-83.94035395789484,39.85809921562719],[-83.94035652258499,39.858097371697184],[-83.94035908907175,39.858095531904624],[-83.94036165915178,39.85809369418077],[-83.9403642283335,39.85809185231938],[-83.94036680021014,39.85809001459538],[-83.94036937029018,39.8580881761818],[-83.94037194216683,39.85808634052647],[-83.94037451673843,39.85808450487109],[-83.94037708951342,39.858082669215605],[-83.94037966677996,39.858080832870534],[-83.94038223865661,39.8580790013525],[-83.94038481861811,39.85807716914481],[-83.94038739678298,39.85807533762662],[-83.94038997674448,39.85807350748756],[-83.94039255940092,39.85807167527973],[-83.94039513936242,39.85806984789888],[-83.94039771932391,39.85806801775966],[-83.94040030198035,39.85806618968912],[-83.94040288823007,39.85806436575602],[-83.94040547537807,39.85806253768538],[-83.94040805893283,39.85806071375218],[-83.94041064697916,39.858058891887694],[-83.9404132350255,39.858057067954356],[-83.94041582576676,39.85805524608976],[-83.9404184138131,39.85805342422508],[-83.9404210045544,39.858051604429136],[-83.94042360068558,39.85804978394349],[-83.9404261941218,39.85804796621615],[-83.94042878755802,39.858046146420044],[-83.94043138368919,39.85804433007174],[-83.94043398251532,39.85804251234425],[-83.94043657864647,39.85804069599591],[-83.94043917477765,39.858038882405765],[-83.94044177360377,39.85803706812604],[-83.94044437692146,39.85803525453579],[-83.94044697844252,39.858033444393456],[-83.94044957996357,39.85803163218231],[-83.94045218417959,39.85802982203982],[-83.94045478570067,39.85802801189734],[-83.9404573926116,39.85802620382348],[-83.94045999682761,39.85802439574962],[-83.94046260823015,39.858022587675705],[-83.94046521244616,39.858020781670476],[-83.94046782205204,39.85801897566519],[-83.94047043614952,39.85801717379735],[-83.94047304575543,39.85801536779197],[-83.94047565805629,39.85801356730316],[-83.94047827305207,39.85801176336641],[-83.9404808898445,39.85800996287755],[-83.94048350214534,39.858008163078196],[-83.94048611893777,39.8580063625892],[-83.9404887366285,39.85800456692718],[-83.94049135162429,39.85800276850686],[-83.94049397380661,39.85800097008644],[-83.9404965941923,39.857999176493045],[-83.94049921457797,39.8579973801413],[-83.94050183945524,39.85799558585823],[-83.94050446253587,39.857993793643885],[-83.94050708471818,39.85799200142944],[-83.94050971049376,39.85799020921499],[-83.94051233806594,39.85798841906922],[-83.94051496653647,39.85798662685463],[-83.94051759410868,39.857984840846264],[-83.94052022257921,39.8579830507003],[-83.94052285284636,39.85798126400224],[-83.94052548401181,39.85797947799372],[-83.94052811427898,39.85797769405384],[-83.94053074993603,39.85797590528692],[-83.94053338649138,39.8579741234157],[-83.94053601945348,39.85797234085485],[-83.94053865600883,39.85797056105226],[-83.94054129436083,39.857968778491376],[-83.94054393001787,39.85796699661998],[-83.9405465710648,39.857965218196426],[-83.94054921031511,39.85796343977284],[-83.94055185136204,39.85796166134921],[-83.94055449510391,39.857959884994244],[-83.94055713704918,39.85795810863924],[-83.94055977809612,39.85795633435295],[-83.94056242453293,39.85795455799785],[-83.94056507096977,39.857952783711475],[-83.94056771830492,39.85795101356249],[-83.94057036743668,39.85794923927603],[-83.94057301656846,39.85794747119568],[-83.94057566570024,39.85794569828825],[-83.94057831483201,39.85794393227658],[-83.94058096665871,39.85794216419613],[-83.94058362118038,39.85794039542601],[-83.94058627390542,39.85793862734549],[-83.94058893112202,39.85793686271277],[-83.94059158564369,39.85793509808005],[-83.94059424016535,39.85793333620555],[-83.94059690277187,39.85793157157274],[-83.94059955729352,39.85792981107733],[-83.94060221720507,39.8579280485131],[-83.94060487981159,39.857926288017595],[-83.94060753972315,39.85792453028042],[-83.94061020232964,39.857922771853545],[-83.94061286763109,39.85792101135791],[-83.9406155302376,39.85791925431013],[-83.94061819823399,39.85791750002061],[-83.94062086353543,39.857915743662346],[-83.94062353153181,39.85791398937275],[-83.94062619952823,39.857912237151815],[-83.94062886932124,39.85791048424125],[-83.94063153731764,39.85790873202029],[-83.94063421339888,39.85790698324714],[-83.94063688409021,39.85790523102604],[-83.94063955478154,39.85790348225279],[-83.94064223086279,39.8579017341691],[-83.94064490424907,39.85789998746453],[-83.94064757943198,39.85789824075987],[-83.94065025820818,39.857896494055225],[-83.94065293698435,39.85789475217757],[-83.9406556157605,39.85789300961027],[-83.94065829453668,39.85789126497422],[-83.94066097510951,39.857889520338055],[-83.94066365658063,39.857887781908126],[-83.94066634074669,39.857886039340656],[-83.94066902670939,39.85788430228982],[-83.94067170818052,39.857882563859704],[-83.94067439504153,39.8578808254296],[-83.94067708369917,39.857879091136944],[-83.9406797705602,39.857877352017155],[-83.94068246011615,39.85787561772436],[-83.9406851487738,39.8578738855003],[-83.94068783832977,39.857872152586594],[-83.94069053058067,39.85787041967286],[-83.9406932246282,39.85786868744861],[-83.94069591687911,39.85786695660355],[-83.94069860823168,39.85786522644799],[-83.9407013058725,39.8578634997403],[-83.94070400261498,39.85786177303255],[-83.94070670025577,39.857860046324724],[-83.94070939699827,39.85785831754817],[-83.940712097334,39.857856592909016],[-83.94071479677143,39.857854868269875],[-83.94071749710717,39.857853145699366],[-83.9407201965446,39.85785142312886],[-83.94072290227025,39.85784970055826],[-83.94072560709756,39.85784797936681],[-83.94072831012825,39.85784626093362],[-83.94073101765052,39.857844540431664],[-83.94073372068121,39.85784282130886],[-83.94073643359336,39.857841104944264],[-83.94073914111563,39.85783938789009],[-83.94074184953621,39.85783767359418],[-83.94074455975343,39.857835958608646],[-83.94074726997064,39.85783424638138],[-83.94074998647605,39.857832531395765],[-83.94075269669327,39.8578308205476],[-83.94075541230036,39.85782910969933],[-83.94075812611085,39.85782739885108],[-83.94076084171795,39.85782569007151],[-83.94076356001999,39.85782398336062],[-83.94076627832204,39.85782227458096],[-83.94076899752241,39.857820569938774],[-83.94077171851941,39.857818863227756],[-83.94077443682147,39.857817158585476],[-83.94077715781846,39.85781545187437],[-83.9407798815104,39.857813748611136],[-83.94078260610065,39.85781205017495],[-83.94078532979259,39.85781034760122],[-83.94078805617947,39.85780864640664],[-83.9407907852613,39.857806947970275],[-83.94079350895326,39.85780524884433],[-83.94079624073004,39.85780355178707],[-83.94079896981187,39.85780185541935],[-83.940801699792,39.857800160430735],[-83.9408044315688,39.85779846544212],[-83.94080716065064,39.85779677045341],[-83.94080989512234,39.85779507615431],[-83.94081262959408,39.857793383234245],[-83.94081536406581,39.85779169238291],[-83.94081810123248,39.85779000360032],[-83.94082083570419,39.85778831274891],[-83.94082357287087,39.85778662327663],[-83.94082631273248,39.857784936562595],[-83.94082905528906,39.85778325191728],[-83.94083179515066,39.857781565203204],[-83.94083453501229,39.857779877799494],[-83.94083727756883,39.85777819315406],[-83.94084002282035,39.85777650988777],[-83.94084276807186,39.85777482937971],[-83.94084551062842,39.857773148182055],[-83.940848253185,39.85777146767396],[-83.94085100113145,39.857769786476226],[-83.94085375356947,39.85776810734718],[-83.94085650151592,39.85776643097641],[-83.94085924676743,39.857764753916065],[-83.94086200010378,39.85776307685567],[-83.94086475344012,39.85776140186391],[-83.94086750677647,39.85775972894095],[-83.9408702592145,39.857758056017886],[-83.94087301255085,39.85775638309478],[-83.94087576588718,39.85775471017163],[-83.94087852461342,39.857753039317224],[-83.94088128333966,39.857751369841914],[-83.94088404116759,39.85774970105615],[-83.94088679989383,39.85774803433907],[-83.94088955862007,39.85774636693237],[-83.94089232004124,39.85774469814649],[-83.94089508325906,39.857743034877195],[-83.94089784468024,39.85774137022869],[-83.94090060610144,39.85773970695932],[-83.9409033729125,39.857738045758694],[-83.94090613882526,39.85773638317879],[-83.94090890563633,39.8577347199093],[-83.94091167424403,39.85773306077728],[-83.94091443836017,39.85773140371394],[-83.94091720786619,39.85772974458184],[-83.94091997647391,39.857728087518424],[-83.94092275136981,39.85772643045497],[-83.94092552087582,39.85772477752893],[-83.94092829487343,39.8577231246029],[-83.94093106976936,39.85772146960805],[-83.94093384376694,39.85771981599235],[-83.94093662135779,39.857718165134926],[-83.9409393953554,39.85771651634619],[-83.94094217294627,39.85771486479909],[-83.94094495053712,39.85771321601028],[-83.9409477299246,39.85771156653188],[-83.9409505102104,39.857709921880506],[-83.94095329229285,39.85770827447075],[-83.94095607437528,39.85770662912969],[-83.94095885466108,39.85770498447819],[-83.94096163943846,39.85770334120578],[-83.94096442241923,39.85770170000211],[-83.94096720989154,39.85770005672962],[-83.94096999826218,39.85769841552587],[-83.94097278573452,39.85769677639082],[-83.94097557410515,39.85769513932444],[-83.94097836157748,39.857693500189306],[-83.94098115174475,39.85769186312291],[-83.94098394281033,39.85769022812514],[-83.94098673297762,39.8576885931274],[-83.94098952673814,39.85768695744002],[-83.94099231960037,39.857685326579656],[-83.94099511515753,39.8576836908922],[-83.94099790891806,39.85768206210053],[-83.94100070986512,39.85768042848172],[-83.94100350272733,39.85767879968998],[-83.94100630187776,39.857677172277334],[-83.94100910012986,39.85767554348551],[-83.94101190377187,39.857673916072784],[-83.94101470022736,39.85767229072876],[-83.94101750386936,39.85767066538474],[-83.94102031020628,39.85766904004062],[-83.94192538261798,39.857144615279495],[-83.94217305622666,39.857002391953884],[-83.94345542015935,39.85621629527643],[-83.9438603258922,39.85594652053098],[-83.94395706187188,39.85588206988635],[-83.94513906961431,39.855090848315584],[-83.94514171605115,39.85508907395518],[-83.94514434721661,39.85508730373234],[-83.9451469747888,39.855085533509445],[-83.94514960056439,39.855083757080095],[-83.94515222095008,39.85508198065064],[-83.94515483504753,39.855080198704286],[-83.94515745004334,39.85507841468908],[-83.94516005964924,39.85507662860498],[-83.9451626665602,39.855074840452005],[-83.94516527347115,39.85507304885101],[-83.94516787229726,39.85507125035382],[-83.94517046573348,39.855069452546196],[-83.94517306186466,39.85506765266972],[-83.94517565350425,39.855065846586776],[-83.94517823885563,39.85506404050373],[-83.9451808215121,39.85506223097259],[-83.9451834014736,39.85506041661412],[-83.9451859769435,39.85505860294527],[-83.94518854882016,39.855056785138714],[-83.94519111890018,39.85505496112563],[-83.94519368538695,39.85505313780211],[-83.94519624738214,39.855051309651266],[-83.9451988066824,39.85504948012118],[-83.94520136238937,39.85504764438452],[-83.94520391360479,39.855045810716724],[-83.94520646212526,39.855043972911155],[-83.94520900795075,39.85504213165754],[-83.94521154838638,39.85504028557659],[-83.945214088822,39.85503843811641],[-83.94521662386772,39.8550365865185],[-83.94521915621854,39.85503473492055],[-83.94522168317943,39.855032879184876],[-83.94522420475042,39.855031020001164],[-83.94522672362648,39.85502915667967],[-83.94522924340086,39.855027294737425],[-83.94523175419208,39.85502542520941],[-83.94523426767823,39.85502355568135],[-83.94523677128294,39.855021682705186],[-83.94523927758256,39.85501980697054],[-83.94524177489906,39.85501792778779],[-83.94524427041891,39.85501604653619],[-83.94524676054888,39.855014163215664],[-83.94524925247548,39.85501227575749],[-83.94525173452061,39.85501038692001],[-83.94525421656574,39.85500849187605],[-83.94525669591593,39.85500659614237],[-83.94525916987622,39.85500469902945],[-83.94526164114157,39.85500279777885],[-83.94526410432209,39.8550008930801],[-83.94526657019753,39.85499898769174],[-83.9452690315814,39.85499707885526],[-83.94527148398214,39.85499516588107],[-83.94527393907781,39.85499325290682],[-83.94527638698696,39.8549913337261],[-83.94527883130284,39.85498941247645],[-83.94528127651705,39.85498748984751],[-83.94528371005315,39.854985565149704],[-83.94528614718253,39.85498363424537],[-83.94528857622704,39.85498170540984],[-83.94529100437326,39.85497976829892],[-83.94529342533296,39.8549778332568],[-83.94529584629264,39.85497589269771],[-83.9452982645574,39.854973950069756],[-83.94530067473731,39.85497200537294],[-83.9453030849172,39.8549700565384],[-83.94530549060552,39.8549681077038],[-83.9453078873107,39.85496615335229],[-83.94531028671084,39.854964200379904],[-83.94531268161938,39.854962239821795],[-83.94531507023972,39.85496027719481],[-83.94531745975839,39.85495831456774],[-83.94531984029388,39.8549563484926],[-83.94532221903276,39.85495437965897],[-83.94532459238174,39.85495240737719],[-83.94532696752735,39.85495043302658],[-83.94532933279149,39.85494845453825],[-83.94533169805563,39.854946473980995],[-83.94533405792988,39.854944492044496],[-83.94533641241424,39.8549425052807],[-83.9453387668986,39.85494051920641],[-83.94534111329811,39.854938528994445],[-83.94200768446768,39.85476229225337],[-83.94191585059451,39.85475743601309],[-83.9417350781183,39.8547478545576],[-83.94138237079167,39.85472921505753],[-83.94102435262508,39.85471028177793],[-83.94037404063134,39.854675886019265],[-83.94001862488413,39.85465708444082],[-83.93948546847479,39.854628877236216],[-83.93895231026882,39.85460066588238],[-83.93881967940702,39.85459364838476],[-83.93859329317564,39.854581656709875],[-83.93855163829592,39.85457944994907],[-83.93846280479578,39.854574747479546],[-83.93841385559594,39.855191625430564],[-83.93840226553216,39.85533747569412],[-83.93831508672878,39.85530796127725],[-83.93599086840766,39.854520728707904],[-83.93603829406474,39.85422096002637],[-83.93506091625586,39.854042366396826],[-83.93509115714158,39.853081805028324],[-83.93056664309277,39.85157849787464],[-83.93058184528232,39.85141695366026],[-83.93060766016865,39.851142572517105],[-83.93063344990213,39.85086877027284],[-83.93066230468739,39.850562118076475],[-83.9307112763451,39.8500418893762],[-83.93072992986197,39.849843759901994],[-83.9307373247934,39.84976519995822],[-83.9307819998091,39.84929068111696],[-83.93086706846988,39.84838658731389],[-83.93088610197411,39.8481844998337],[-83.93092576888212,39.84776281277385],[-83.93093485983279,39.847666220778564],[-83.93100876692617,39.84688117378434],[-83.93101347230163,39.84683111950698],[-83.93103679975292,39.84658320977167],[-83.93103949469877,39.84658177934823],[-83.93104219054294,39.846580350993754],[-83.93104488818373,39.84657892608777],[-83.9310475831296,39.846577501871415],[-83.93105028436365,39.84657607558598],[-83.9310529793095,39.84657465343863],[-83.93105568323851,39.84657323267066],[-83.9310583808793,39.84657180845419],[-83.93106108121505,39.84657038837586],[-83.93106378244912,39.84656896760781],[-83.9310664854798,39.84656754752943],[-83.9310691894088,39.84656613089949],[-83.93107189513444,39.84656471426947],[-83.93107459816511,39.84656329419101],[-83.93107730478907,39.8465618816991],[-83.93108001051472,39.846560465069054],[-83.93108271624034,39.846559050508034],[-83.93108542555925,39.846557638705754],[-83.93108813128488,39.84655622414467],[-83.93109083970546,39.846554813721745],[-83.9310935517193,39.84655340122967],[-83.93109626283483,39.84655199080669],[-83.93109897125542,39.846550582452736],[-83.9311016850659,39.84654917340905],[-83.93110439438477,39.84654776298593],[-83.93110710819526,39.84654635877006],[-83.93110982200572,39.84654495248506],[-83.93111253671452,39.84654354620003],[-83.93111525321996,39.84654214336349],[-83.9311179670304,39.846540737078406],[-83.93112068623077,39.846539336310826],[-83.9311234036345,39.846537934163855],[-83.93112612283487,39.846536533396275],[-83.93112884203524,39.84653513331831],[-83.9311315612356,39.846533732550625],[-83.93113427863933,39.84653233385202],[-83.93113700592454,39.846530935843084],[-83.93113972512491,39.84652953921349],[-83.9311424470202,39.846528142583864],[-83.93114517161047,39.84652674802327],[-83.93114789170916,39.84652535346271],[-83.93115061629942,39.84652395890206],[-83.93115334627956,39.8465225664105],[-83.93115607086983,39.846521171849794],[-83.93115879546008,39.84651978349631],[-83.9311615236436,39.846518391004665],[-83.9311642509288,39.84651700265112],[-83.93116698090894,39.8465156142976],[-83.93116971088908,39.846514225254296],[-83.93117244086925,39.84651283690072],[-83.93117517354435,39.84651145061613],[-83.93117790352449,39.846510067780045],[-83.93118063709791,39.84650868356451],[-83.93118336977298,39.84650729865925],[-83.93118610514303,39.84650591444366],[-83.93118884051307,39.84650453160746],[-83.9311915758831,39.84650315152995],[-83.93119431125315,39.8465017686937],[-83.9311970466232,39.84650038999554],[-83.93119978199323,39.846499011297354],[-83.9312025200582,39.84649763328886],[-83.93120526081816,39.8464962587288],[-83.93120800157807,39.8464948820996],[-83.93121074054137,39.84649350547043],[-83.93121347860637,39.84649212884116],[-83.93121622206124,39.84649075635012],[-83.93121896551612,39.84648938178988],[-83.931221708971,39.84648801136784],[-83.93122444973093,39.84648663818695],[-83.9312271985757,39.846485267764855],[-83.93122993933564,39.84648389941175],[-83.9312326881804,39.84648253243808],[-83.93123543433023,39.84648116201586],[-83.93123818048005,39.84647979573179],[-83.93124092662985,39.84647842875804],[-83.9312436781696,39.846477062473916],[-83.93124642701436,39.846475697569126],[-83.93124917855407,39.84647433473343],[-83.93125192739883,39.846472970518334],[-83.93125467893856,39.84647160975165],[-83.93125743317322,39.846470246915864],[-83.93126018201798,39.8464688889079],[-83.93126293625265,39.84646752814113],[-83.93126569048731,39.84646616944345],[-83.93126845011186,39.84646481074574],[-83.93127120165157,39.84646345411703],[-83.93127396127613,39.84646209748834],[-83.93127671820574,39.84646074085961],[-83.93127947244041,39.84645938629999],[-83.93128223206494,39.84645803174028],[-83.93128499168951,39.846456680629025],[-83.93128775041573,39.84645532813834],[-83.93129051273525,39.846453977716735],[-83.93129326966486,39.84645262522604],[-83.93129603198435,39.84645127618375],[-83.9312987969988,39.84644992783114],[-83.93130155662335,39.84644857878884],[-83.9313043216378,39.84644723250524],[-83.93130708665223,39.84644588553196],[-83.93130985166667,39.84644453924831],[-83.93131261668113,39.846443196413155],[-83.93131549308666,39.84644179978178],[-83.93131836410231,39.846440407978214],[-83.931321232423,39.84643901341589],[-83.93132410882855,39.84643762299167],[-83.93132698253915,39.84643623049836],[-83.93132985624975,39.846434842143154],[-83.93133273445191,39.84643345033945],[-83.93133560906082,39.84643206198424],[-83.93133848726299,39.84643067569801],[-83.93134136456683,39.84642929148088],[-83.931344242769,39.84642790519465],[-83.93134711917455,39.8464265189084],[-83.93135000366493,39.846425134001485],[-83.93135288276542,39.846423751853315],[-83.93135576456085,39.84642237177423],[-83.93135864635629,39.84642099100541],[-83.93136152815171,39.846419610926226],[-83.9313644126421,39.84641823084706],[-83.93136729982741,39.84641685007816],[-83.93137018431779,39.846415474137075],[-83.9313730715031,39.8464140975063],[-83.93137595599349,39.84641272294452],[-83.93137884587375,39.84641134907247],[-83.93138173216077,39.84640997244157],[-83.93138462204104,39.84640859994889],[-83.9313875119213,39.84640722745611],[-83.93139040180158,39.846405859101445],[-83.93139329437678,39.84640448729834],[-83.9313961815621,39.84640311894368],[-83.93139907413732,39.84640175058898],[-83.93140196671254,39.84640038223426],[-83.93140486377933,39.846399015258875],[-83.93140775635455,39.84639764897317],[-83.93141065431966,39.84639628475651],[-83.93141354958982,39.846394922608944],[-83.93141644485998,39.84639355770257],[-83.93141934552003,39.84639219762402],[-83.93142224348513,39.84639083547636],[-83.93142514055192,39.84638947470805],[-83.93142804121197,39.84638811462941],[-83.93143094187202,39.84638675799923],[-83.93143384253209,39.846385399299905],[-83.9314367458871,39.846384045428444],[-83.93143964654713,39.84638268879818],[-83.93144255169875,39.84638133423701],[-83.93144545505376,39.84637998174483],[-83.9314483611037,39.84637862718356],[-83.93145126445872,39.846377275381094],[-83.93145417050866,39.846375924957904],[-83.93145707835522,39.84637457453474],[-83.93145998440517,39.84637322549097],[-83.93146289315006,39.84637187713682],[-83.93146580458989,39.84637052878265],[-83.9314687151314,39.84636918456664],[-83.93147162118134,39.84636783621241],[-83.9314745326212,39.84636649337571],[-83.93147744675598,39.84636514915963],[-83.9314803581958,39.84636380701258],[-83.93148327143227,39.84636246210673],[-83.931486188262,39.846361124097825],[-83.93148910239678,39.846359783330115],[-83.93149201653158,39.84635844463145],[-83.93149492976804,39.84635710662246],[-83.9314978492927,39.84635576999281],[-83.93150076881739,39.846354433363146],[-83.93150368564712,39.846353096733495],[-83.93150660427347,39.84635176079347],[-83.93150952379813,39.84635043037098],[-83.93151244601776,39.846349095810325],[-83.93151536464411,39.846347763318654],[-83.93151828955868,39.846346434965206],[-83.93152120908336,39.84634510454262],[-83.93152413130296,39.84634377343034],[-83.93152705801415,39.846342445076765],[-83.93152998023378,39.84634111879228],[-83.93153290514836,39.8463397945769],[-83.93153583455451,39.84633846760266],[-83.93153875946905,39.846337143387174],[-83.93154168438362,39.84633582055108],[-83.9315446146881,39.84633449633554],[-83.93154754409423,39.846333175568454],[-83.93155047439869,39.846331855491066],[-83.93155340200819,39.84633053472394],[-83.93155633410929,39.84632921602585],[-83.93155926441374,39.846327898017506],[-83.93156219741313,39.84632658138844],[-83.93156512951424,39.84632526475939],[-83.93156806790351,39.846323950199405],[-83.93157100090293,39.846322637708454],[-83.93157393569896,39.846321321079344],[-83.93157686869836,39.84632000858835],[-83.93157980708766,39.84631870023552],[-83.93158274457863,39.8463173898136],[-83.93158568296792,39.84631607870194],[-83.93158862405217,39.84631477034903],[-83.9315915588482,39.846313461996104],[-83.93159449993243,39.846312155712226],[-83.93159744101668,39.84631084873866],[-83.93160038389755,39.846309544523855],[-83.93160332498178,39.846308239619255],[-83.93160626786266,39.84630693747347],[-83.93160921164186,39.846305632568885],[-83.93161215542105,39.84630433387152],[-83.9316150983019,39.84630303172567],[-83.93161804747098,39.84630173302826],[-83.93162099125017,39.846300434330836],[-83.93162393682599,39.84629913770247],[-83.93162688599506,39.846297843143134],[-83.93162983426582,39.84629654651471],[-83.93163278073996,39.84629525057596],[-83.93163573260398,39.8462939553269],[-83.93163868356969,39.84629266283659],[-83.93164163543372,39.84629137241534],[-83.93164458639941,39.846290079924984],[-83.93164753826345,39.84628878950368],[-83.93165049282241,39.84628750253083],[-83.93165344378814,39.84628621417855],[-83.9316563983471,39.84628492582624],[-83.93165935290607,39.84628363678426],[-83.93166231195661,39.84628235257009],[-83.93166526651558,39.846281069735326],[-83.93166822556611,39.84627978552111],[-83.9316711801251,39.846278502686246],[-83.931674137379,39.84627722192048],[-83.93167710181943,39.846275939775325],[-83.93168005907337,39.84627465900951],[-83.9316830181239,39.84627338238181],[-83.93168598076771,39.846272101615945],[-83.9316889425132,39.84627082498825],[-83.93169190515701,39.84626955042956],[-83.9316948669025,39.84626827380182],[-83.93169793285257,39.84626695579225],[-83.93170099880264,39.84626563985177],[-83.93170406744764,39.84626432115245],[-83.93170713609267,39.84626300935007],[-83.93171020473766,39.84626169340952],[-83.93171327338268,39.84626037884831],[-83.93171634472263,39.84625906911493],[-83.93171941336765,39.84625775662279],[-83.93172248470759,39.84625644826877],[-83.93172556143745,39.84625514060439],[-83.9317286327774,39.84625383018126],[-83.93173170411735,39.84625252182717],[-83.93173478084721,39.84625121554212],[-83.9317378548821,39.84624991132618],[-83.93174093071364,39.84624860573079],[-83.9317440074435,39.84624730496329],[-83.93174708417334,39.846246002816294],[-83.93175016090319,39.84624470066933],[-83.93175324032798,39.84624340059146],[-83.93175631975278,39.84624210051352],[-83.93175939917758,39.84624080250467],[-83.93176248399226,39.84623950794424],[-83.9317655607221,39.84623820993535],[-83.93176864553679,39.846236913995504],[-83.93177172765652,39.84623562150407],[-83.93177480977627,39.846234329702376],[-83.93177789638759,39.84623303721095],[-83.93178098120228,39.84623174471945],[-83.93178406601696,39.84623045498675],[-83.93178715352659,39.84622916456433],[-83.93179024103623,39.846227878280075],[-83.93179333124078,39.84622658992667],[-83.93179641605549,39.84622530433208],[-83.93179950626005,39.84622402011682],[-83.93180259915958,39.84622273590154],[-83.93180568846584,39.846221451686255],[-83.93180877867043,39.846220168850344],[-83.93181187156995,39.846218888773144],[-83.9318149617745,39.846217608695966],[-83.93181805467404,39.846216330687845],[-83.93182115026852,39.846215051989994],[-83.93182424855793,39.84621377605095],[-83.93182734145745,39.846212500111825],[-83.93183043974688,39.84621122348298],[-83.93183353713796,39.846209951682006],[-83.93183663273246,39.846208677122235],[-83.93183973102185,39.84620740670065],[-83.93184282931128,39.84620613283048],[-83.93184593029562,39.84620486447791],[-83.93184903127998,39.84620359405624],[-83.9318521349593,39.84620232570362],[-83.93185523594364,39.84620106148913],[-83.93185833692802,39.84619979382617],[-83.93186143970901,39.84619853099106],[-83.93186454608326,39.84619726470741],[-83.93186764706762,39.84619600256196],[-83.93187075613682,39.84619474041643],[-83.93187385981612,39.84619348034],[-83.93187696619037,39.846192220263596],[-83.93188007525958,39.84619096156649],[-83.93188318343047,39.84618970355911],[-83.93188629249966,39.84618844693109],[-83.93188940156887,39.84618719099269],[-83.93189251333301,39.846185934364605],[-83.9318956224022,39.84618468256442],[-83.93189873416634,39.84618343007445],[-83.93190184593048,39.84618217827422],[-83.93190495769464,39.846180925784196],[-83.93190807395035,39.84617967743236],[-83.93191118571448,39.84617842908055],[-83.93191430286853,39.84617718279774],[-83.93191741732763,39.84617593237675],[-83.93192053448168,39.846174686093946],[-83.9319236516357,39.846173443949276],[-83.93192677148468,39.84617220180457],[-83.93192988594376,39.84617095759078],[-83.93193300489445,39.84616971751512],[-83.9319361247434,39.84616847468069],[-83.93193924459239,39.84616723460498],[-83.93194236713633,39.846165996598366],[-83.93194548698531,39.8461647599711],[-83.93194861222418,39.84616352403358],[-83.9319517347681,39.846162289475345],[-83.93195485910866,39.84616105353772],[-83.93195798434755,39.84615982104857],[-83.93196110958642,39.8461585885594],[-83.93196423482529,39.84615735607021],[-83.93196736275911,39.84615612633983],[-83.93197049069292,39.84615489591966],[-83.9319736159318,39.84615366963769],[-83.93197674386562,39.84615244335567],[-83.93197987359606,39.846151215004525],[-83.93198300422485,39.84614998872248],[-83.9319861348536,39.846148762440414],[-83.93198926548236,39.84614754167595],[-83.93199239611113,39.84614631953198],[-83.93199553212979,39.84614509738805],[-83.93199866275855,39.846143877313175],[-83.93200179608226,39.846142658617644],[-83.9320049312026,39.846141438542716],[-83.93200806722126,39.84614022191627],[-83.93201120323992,39.84613900597947],[-83.93201434195352,39.84613778935297],[-83.93201747527722,39.846136576864666],[-83.93202061399083,39.84613536299687],[-83.93202375539938,39.84613415257759],[-83.932026894113,39.8461329421583],[-83.93203003192828,39.84613172966985],[-83.93203317333682,39.846130523388716],[-83.93203631474536,39.84612931503843],[-83.93203945615392,39.846128106688134],[-83.93204259756246,39.84612690247596],[-83.9320457443609,39.84612569619474],[-83.93204888576946,39.84612449405166],[-83.93205203256791,39.84612328983947],[-83.9320551766714,39.846122089075706],[-83.93205832257152,39.84612088693256],[-83.93206146667501,39.84611968685847],[-83.93206461616839,39.846118488163775],[-83.93206776566178,39.84611729222784],[-83.93207090976527,39.846116095602184],[-83.93207377359441,39.846115007259094],[-83.93207663293194,39.846113921674764],[-83.93207949496446,39.846112837469796],[-83.932082354302,39.84611175533388],[-83.93208521813112,39.846110673198005],[-83.93208808016361,39.846109588992974],[-83.93209094668768,39.84610850892614],[-83.93209381141511,39.84610743092838],[-83.93209667614256,39.846106348792375],[-83.9320995399717,39.84610527079457],[-83.93210240739408,39.846104194865866],[-83.93210527212153,39.84610311617831],[-83.9321081386456,39.84610204024958],[-83.93211100606798,39.84610096432078],[-83.93211387349037,39.84609989184047],[-83.93211674270938,39.84609881591168],[-83.93211961282672,39.84609774619012],[-83.93212248024912,39.846096673709745],[-83.93212534946812,39.846095603988196],[-83.93212822497536,39.846094533576874],[-83.93213109509269,39.84609346316558],[-83.9321339643117,39.84609239551307],[-83.93213683712396,39.84609132717082],[-83.9321397072413,39.84609026089763],[-83.93214258185023,39.84608919531414],[-83.93214545735744,39.84608813111005],[-83.93214833016972,39.8460870669059],[-83.93215120477862,39.846086004770854],[-83.9321540829808,39.84608493849759],[-83.93215695579309,39.84608388050072],[-83.93215983309693,39.846082818365616],[-83.9321627112991,39.84608175829959],[-83.93216558950127,39.84608070030262],[-83.93216846680512,39.84607964230569],[-83.93217134231236,39.846078584308685],[-83.93217422051454,39.84607752769114],[-83.93217710320826,39.846076473832305],[-83.93217997871548,39.846075417904395],[-83.93218286230756,39.84607436335582],[-83.93218574320467,39.84607331156602],[-83.93218862859337,39.846072257017475],[-83.9321915094905,39.846071207296774],[-83.9321943903876,39.84607015481721],[-83.93219727577629,39.84606910716556],[-83.93220015667342,39.84606805882423],[-83.93220304296041,39.84606701048284],[-83.93220592565416,39.84606596421055],[-83.93220881194117,39.84606491655883],[-83.93221169553324,39.84606387442468],[-83.93221458631182,39.84606282815235],[-83.93221746990388,39.84606178601816],[-83.93245736949208,39.845975377108175],[-83.93285743330556,39.84583128155143],[-83.9332575321533,39.84568715741447],[-83.93365762830612,39.84554303228524],[-83.93367435134347,39.84553703462298],[-83.93405728069119,39.845398196457325],[-83.93445693307625,39.84525333273566],[-83.93481164544262,39.845124748571855],[-83.9350694879803,39.84503128828075],[-83.93513379477824,39.845007958190806],[-83.93543451120946,39.84489848474505],[-83.93578871333274,39.84476949505616],[-83.93613245187959,39.84464430751044],[-83.9363900671435,39.84455051688227],[-83.936736559925,39.84442436402632],[-83.93709075935332,39.84429536792899],[-83.93744499201931,39.84416637158931],[-83.93779918695606,39.84403739983711],[-83.93801939726987,39.843957215856776],[-83.93812660221586,39.84396380681576],[-83.93851358476216,39.843987582129344],[-83.9385485346166,39.843600214059656],[-83.9385694285318,39.84336861432155],[-83.93818244688381,39.84334483879358],[-83.93795680715243,39.84333097047906],[-83.93793547396108,39.84356732805627],[-83.93749670892853,39.843543801587394],[-83.93704870651993,39.843519782647604],[-83.93589775713014,39.843458064058936],[-83.93568281363885,39.843446533244],[-83.93537969151927,39.84343026056947],[-83.93488160893189,39.84340434829481],[-83.93427755837865,39.84337289544684],[-83.93371668624786,39.84334368557233],[-83.93321921271824,39.84331778705953],[-83.93272344868261,39.84329197613214],[-83.93222597784793,39.843266073461415],[-83.9317285384543,39.84324016871176],[-83.93122397092888,39.843213883223086],[-83.9311351518018,39.84320925584486],[-83.93055196372272,39.84317887543355],[-83.93044863141391,39.84317349280155],[-83.93003276892954,39.84315320308916],[-83.9295174324005,39.843128082517445],[-83.9285804985423,39.84308237906883],[-83.92850298471306,39.84380742034882],[-83.92846640800964,39.84414941902389],[-83.92843422406797,39.84445037316584],[-83.92839182358655,39.844847079258706],[-83.9282935020804,39.84576638],[-83.92821598555619,39.84649142259451],[-83.92809982081356,39.847577595867044],[-83.92809157427925,39.847654764466334],[-83.92808697131173,39.84769778959531],[-83.92808230546215,39.84776895783349],[-83.92807484495371,39.847882826861046],[-83.92764044214019,39.84795849092672],[-83.92720617946385,39.84803412456316],[-83.92677195092351,39.848109756736946],[-83.9263397112532,39.84818503502307],[-83.92606179675882,39.84823344550386],[-83.925558211092,39.84832114747237],[-83.92510286046435,39.84840043322732],[-83.92503318623262,39.849117141647724],[-83.92499723026505,39.8494869976817],[-83.92495730284563,39.84989764649144],[-83.92490616355312,39.85042372179673],[-83.92487291690446,39.85076592406449],[-83.92483963522149,39.85110810048862],[-83.92481220785923,39.851390076828274],[-83.9247848173279,39.85167205407851],[-83.92475739086397,39.85195403086002],[-83.92472999943433,39.85223600648325],[-83.92471725952697,39.852367125529334],[-83.92470260800468,39.85251795336274],[-83.92467517974411,39.8527999294279],[-83.92464775148355,39.853081905713935],[-83.9246203600539,39.85336388084164],[-83.924592930895,39.85364583067413],[-83.92456553856707,39.85392780624358],[-83.92453810940818,39.85420978203388],[-83.92451068024928,39.854491760113824],[-83.92448328702301,39.85477373565607],[-83.9244558569658,39.855055683145174],[-83.9244284269086,39.85533765843944],[-83.9244013256348,39.85561655556974],[-83.92432770061242,39.856374025080676],[-83.92536838180109,39.85644104538034],[-83.9254216024901,39.85644446162924],[-83.92579433595937,39.85646845260103],[-83.92614934027817,39.85649131401015],[-83.92653092035637,39.85651587939681],[-83.92691253457052,39.85654044615382],[-83.92732076047666,39.85656671688584],[-83.92745185521935,39.8565751692242],[-83.92705793318747,39.85797780300725],[-83.92901064783295,39.85810012035273],[-83.92917969549805,39.85811071570841],[-83.92994719900884,39.85815878750276],[-83.93036280726997,39.8581848224697],[-83.93087640376231,39.858216989138725],[-83.93123144311542,39.85823923003662],[-83.93158647977357,39.85826144196514],[-83.9319241457091,39.85828260228375],[-83.93186347169818,39.858857198359914],[-83.93185846808204,39.858925734665846],[-83.93185346536423,39.858994243320595],[-83.93182765227455,39.85925981007847],[-83.93180183559159,39.85952535029484],[-83.931776963038,39.859781323211664],[-83.93175118228766,39.86004686072045],[-83.93172536470641,39.86031240133909],[-83.9316995507184,39.860577967822714],[-83.93167376906975,39.860843506386146],[-83.93164795059018,39.86110904668016],[-83.93162213570385,39.8613746128389],[-83.93159631722426,39.86164015176728],[-83.93157053557559,39.86190569104714],[-83.93154312707797,39.86218747477689],[-83.9318919015803,39.86220723757426],[-83.93188482914407,39.862289417818126],[-83.93187775401287,39.86237159520538],[-83.93182235490931,39.86301402731879],[-83.93179753176307,39.86330190258872],[-83.93176969476905,39.863625123619364],[-83.93174182274072,39.86394837139763],[-83.93171395071239,39.86427159283052],[-83.93168607868408,39.86459481411974],[-83.93164519905045,39.86506870657853],[-83.93162043429469,39.86535606161552],[-83.93157899770559,39.865794130676235],[-83.93152716401536,39.86634173909708],[-83.93150126738236,39.86661554373693],[-83.93146758055921,39.86697148055069],[-83.93142628051402,39.86740781765559],[-83.93140038118607,39.8676816221776],[-83.93137448365475,39.86795542491739],[-83.93134854659753,39.86822920174322],[-83.93132003766368,39.868530383327084],[-83.93131357159028,39.86859882930312],[-83.93130710731347,39.86866729865292],[-83.93129659792298,39.86877826688303],[-83.93127731109382,39.86898216839188],[-83.93125137583326,39.86925594732543],[-83.93122547470868,39.86952974929746],[-83.93119957088913,39.86980355362404],[-83.93117367156117,39.870077327900525],[-83.93114773270734,39.8703511327993],[-83.93112183068445,39.87062493522625],[-83.93109592866155,39.87089874000759],[-83.93106647829327,39.87120967793758],[-83.93106613064526,39.87121360915653],[-83.93105866295029,39.87129573931437],[-83.93105116022106,39.871377896262146],[-83.93097765916619,39.872176960590885],[-83.93095535759095,39.87241966642378],[-83.93071136707495,39.872405155226424],[-83.93066194805621,39.87287492403632],[-83.9306547300929,39.87294332224352],[-83.93064754985885,39.87301174589131],[-83.93059031998872,39.87355568481676],[-83.93053994695917,39.87403455294924],[-83.93053529907588,39.8741030844363],[-83.93053068712521,39.87417164205262],[-83.93048441580324,39.87465073339033],[-83.93043197395359,39.87519378997748],[-83.93042536325142,39.87526223482003],[-83.93041875254924,39.87533067959422],[-83.93036586872846,39.87587821602579],[-83.93033942771639,39.87615196950386],[-83.93031302084029,39.87642575153312],[-83.93028657713327,39.87669950696202],[-83.9302390409834,39.87719173618676],[-83.93023248597676,39.87725949378685],[-83.92732130485572,39.87708242575446],[-83.92503538620674,39.876943342554604],[-83.92424347816466,39.876895146732714],[-83.92423643447452,39.87696357057448],[-83.92418014603881,39.87751089611716],[-83.92415196678667,39.87778456104204],[-83.92412382346713,39.87805822487487],[-83.92406749640386,39.87860555064305],[-83.92403935218601,39.878879214646524],[-83.92401117203555,39.87915287893662],[-83.92398302691939,39.879426540755915],[-83.92395437964498,39.879700182181004],[-83.92392573506552,39.87997382596094],[-83.92389709048604,39.88024746727023],[-83.92385899473148,39.88061138703943],[-83.92385845664062,39.88061639172845],[-83.92382090077352,39.88097530901334],[-83.92378280501897,39.88133925731895],[-83.92374035513022,39.88174460545019],[-83.92440351572746,39.881787340364774],[-83.92513144575501,39.881834225762006],[-83.9251760596853,39.88143214495654],[-83.92521342600784,39.881095715163006],[-83.92525076448263,39.88075942503546],[-83.92528508641468,39.88045007523771],[-83.92532152028598,39.88012200320466],[-83.92548315415506,39.880131705890406],[-83.92582065659718,39.88015195296119],[-83.92615812400503,39.88017222760022],[-83.92649562734549,39.88019247465899],[-83.92683309385501,39.88021271895442],[-83.92717059629715,39.8802329901287],[-83.92750806550161,39.88025323303342],[-83.92784556794375,39.880273502127686],[-83.928124949387,39.88029025068331],[-83.9280979595043,39.88056398379235],[-83.92807100735082,39.88083771442996],[-83.9280413377936,39.88113882755414],[-83.9279967975252,39.88159049372717],[-83.92796128891865,39.881950870066575],[-83.92842662791391,39.88197778938656],[-83.92901185247375,39.88201164618444],[-83.92938709763254,39.88203334375421],[-83.92957385917674,39.881938870764756],[-83.92987223549667,39.88179067745629],[-83.93039509811118,39.8815353843156],[-83.93092307393626,39.88127758169997],[-83.93109437188116,39.88119394624596],[-83.93117069184939,39.881286720338544],[-83.93118833476156,39.88140807861362],[-83.9312603895288,39.88190329472165],[-83.93128060521597,39.8820421948386],[-83.93129732645667,39.882157001710084],[-83.93132987062278,39.882380725901804],[-83.93136959053139,39.882653534545405],[-83.93140927450739,39.88292634348222],[-83.93144899441597,39.88319915202292],[-83.93148867839197,39.88347196085686],[-83.93151881686975,39.88367918394681],[-83.93152836416459,39.88374479755674],[-83.93156808497152,39.88401760628758],[-83.93155145446065,39.884295274976154],[-83.93153634569589,39.88454819005602],[-83.9315198948481,39.884822536195415],[-83.93150347993291,39.885096853664784],[-83.93148706501772,39.88537119967667],[-83.93224434929381,39.885413727607975],[-83.93235060831381,39.88541967835926],[-83.93245768480075,39.88542569941888],[-83.9335096964401,39.88548477125907]],[[-83.93849375085901,39.880450078684476],[-83.93844730795882,39.880878735500175],[-83.93883495705505,39.88089770774547],[-83.93861252071599,39.88130487559818],[-83.9383894914888,39.881412261547545],[-83.93759266966212,39.88168339343255],[-83.93673030495569,39.88201913996716],[-83.93649816950648,39.88203676493283],[-83.93649761524594,39.88204187912237],[-83.93648017714965,39.88220267224604],[-83.93645278572001,39.882455297942585],[-83.93644625317125,39.882509904781124],[-83.93641998373741,39.882728939689265],[-83.93641919411827,39.8827355117597],[-83.93640952555087,39.882816130897986],[-83.9365161088627,39.88282237346082],[-83.93822267254392,39.88292230471015],[-83.9381391759349,39.88388100835943],[-83.93640133291548,39.88377926628696],[-83.93618809801985,39.88376677926698],[-83.93620141823888,39.8836558856063],[-83.9362933949442,39.88288924040008],[-83.93630713467647,39.88277455400861],[-83.93634629493465,39.882448065464615],[-83.93637075785647,39.8822226553794],[-83.93641317450756,39.881831248507524],[-83.93647352602329,39.881274694725434],[-83.93652162990843,39.880830970529765],[-83.93654980107573,39.8805711689038],[-83.93665327621669,39.880582529416216],[-83.9366590362143,39.88052326446999],[-83.93676564557727,39.88052942658741],[-83.9374407420897,39.8805685362702],[-83.93749936165356,39.88057190719926],[-83.93751774387923,39.88038361194903],[-83.93849375085901,39.880450078684476]]]}},{"type":"Feature","properties":{"name":"NORTH HAMPTON","kind":"municipality"},"geometry":{"type":"Polygon","coordinates":[[[-83.94110020546935,39.991759185830524],[-83.94122234041538,39.991765510686676],[-83.94138449440902,39.99177389748631],[-83.94261658682177,39.9918377757399],[-83.9432471619304,39.99187046673704],[-83.9439674598713,39.99190778744843],[-83.94402623843698,39.991910825299954],[-83.94408492627281,39.991914577534956],[-83.94548510335669,39.99200392567787],[-83.94534964459837,39.99341064300675],[-83.95017181182332,39.993694202482615],[-83.95019922121928,39.993406678195214],[-83.95030592221039,39.99228737261902],[-83.95035338649507,39.99178949902317],[-83.95042673124307,39.99102016124172],[-83.95043458341696,39.99093803008129],[-83.95044703766007,39.990938808481566],[-83.9504594936998,39.99093958688184],[-83.95046056538992,39.990939658458906],[-83.9509325878509,39.990969130297174],[-83.95166412012276,39.991014832199795],[-83.951693786985,39.99101668838302],[-83.95170281595195,39.99093465150735],[-83.95179349908324,39.99011106664997],[-83.9527061173433,39.99016954164345],[-83.95321610530316,39.990202213479805],[-83.95328199313597,39.989507861155545],[-83.9532167197508,39.98939901351534],[-83.95306641812904,39.989259279457734],[-83.95260539733533,39.9888306635878],[-83.95260536858926,39.9888306635878],[-83.95069115753347,39.988711735943205],[-83.949536459474,39.98863995900313],[-83.94944476753464,39.98863425535992],[-83.94938511939976,39.9881298234633],[-83.94921855018652,39.986720753571554],[-83.94984134768143,39.98677014613567],[-83.9500704899441,39.98678831886251],[-83.94941398945636,39.98513260550343],[-83.94933381032568,39.98493039045823],[-83.94918713610103,39.984964804825196],[-83.94909488091798,39.98498644982123],[-83.94899597910015,39.98473700574548],[-83.94913814378206,39.98470365056293],[-83.94923491659269,39.984680942048],[-83.94909281209789,39.984322567479005],[-83.94907702420677,39.98428272548173],[-83.9490583410455,39.984235579134086],[-83.94879320508602,39.98356689400491],[-83.94769990328295,39.98349766324555],[-83.9462718874084,39.98340720748791],[-83.94627375500589,39.983656280599384],[-83.94491621106704,39.9837262346154],[-83.94478466806505,39.984938006511456],[-83.94465305679108,39.986150273819774],[-83.94140143483864,39.98598444828219],[-83.94136404426158,39.985982537587255],[-83.9413199360828,39.9859802868767],[-83.9412384391236,39.9859761247827],[-83.93982343265097,39.98590393405826],[-83.93975230135183,39.986675295889754],[-83.93926665593958,39.98664817131208],[-83.93879480685344,39.9866218038363],[-83.93872546948992,39.98722893804131],[-83.93871362879615,39.98733275232799],[-83.93869375177385,39.98750692199638],[-83.93867894753797,39.987636387149685],[-83.93866411814926,39.987766538953835],[-83.93863550501084,39.988017029839185],[-83.93859348182185,39.98838510954575],[-83.93853744221947,39.98887608198095],[-83.93852837462501,39.98895534557354],[-83.93850151948958,39.989190658757614],[-83.93846979548533,39.98946845165376],[-83.93846118154006,39.98954372681078],[-83.93844112305808,39.98971943665826],[-83.93812015590538,39.98970148839345],[-83.93769356035,39.989677638350834],[-83.93697397836638,39.98963744364934],[-83.93482438804492,39.98951726753817],[-83.93394143395216,39.98946787627211],[-83.93389554261755,39.990071780692844],[-83.93379814368119,39.99136018395231],[-83.93469546273366,39.99141085465724],[-83.93467925892257,39.991590552148324],[-83.93464902612168,39.991925731004166],[-83.9346156492173,39.99229543175848],[-83.93458231004216,39.99266515872886],[-83.93455163527015,39.99296344439915],[-83.93455538663478,39.99296367288833],[-83.93532653910222,39.993010584723365],[-83.93733775293732,39.99313291225381],[-83.93769096781209,39.99315436884279],[-83.93835404576433,39.9931947018712],[-83.93841780908151,39.99319858754996],[-83.93848143046489,39.99320272305164],[-83.93919021380047,39.993248836390244],[-83.93925889539383,39.99325257685205],[-83.93937163845357,39.99325871712767],[-83.93954903056934,39.993268403786395],[-83.93981032533267,39.99328263474157],[-83.93988466271907,39.99248141661271],[-83.9398926873695,39.99239494519125],[-83.94008202797687,39.99228219990351],[-83.94035264096463,39.99212109880114],[-83.9404744597037,39.99204855049707],[-83.94073324816736,39.99194044262408],[-83.94096260063583,39.99178132833035],[-83.94100233491747,39.9917540991041],[-83.94110020546935,39.991759185830524]],[[-83.9455046686636,39.989165961978536],[-83.94543796695712,39.9897169224699],[-83.94488390854775,39.98968432473278],[-83.94427330837777,39.98964839858503],[-83.94440337365114,39.98845054025485],[-83.94440756698687,39.988411887924116],[-83.94440843206449,39.98840377670647],[-83.94442137409278,39.98828457438818],[-83.94565673188163,39.98790962656964],[-83.9455046686636,39.989165961978536]]]}},{"type":"Feature","properties":{"name":"SOUTH CHARLESTON","kind":"municipality"},"geometry":{"type":"Polygon","coordinates":[[[-83.65784453411028,39.81844250032306],[-83.65782188398869,39.81843399361203],[-83.65782179415717,39.81843395635333],[-83.65761769782294,39.81824937585126],[-83.65758290786862,39.81821803705946],[-83.65720560736445,39.81778860102473],[-83.65714966567843,39.81772492805123],[-83.65676644707318,39.81728874913975],[-83.65645852256009,39.816938263681955],[-83.65627108368616,39.816724915432616],[-83.6551943558001,39.81553952491987],[-83.65459913748272,39.815920404472664],[-83.65188802734515,39.817655139004216],[-83.65080211867688,39.81835249431308],[-83.65001293612336,39.818859269915535],[-83.6499814052569,39.81887951160709],[-83.64932897503571,39.81929845677554],[-83.64912378994335,39.81943019621001],[-83.64891896777036,39.81956228865375],[-83.6490442531081,39.81967831711995],[-83.64979856306229,39.82037686346231],[-83.64938891152978,39.820641021688125],[-83.64867775215026,39.82102561525637],[-83.64951660704743,39.82179998912909],[-83.64931448880344,39.82193029697065],[-83.64891842967951,39.82218564354513],[-83.64852239930167,39.82244098848083],[-83.64785641440116,39.82175095907347],[-83.64708050086271,39.82094465857225],[-83.64696345846603,39.820823053984064],[-83.64649675762477,39.821123946137625],[-83.64579593695589,39.82106494238216],[-83.64542737975437,39.82103392708078],[-83.6459002798694,39.82074390611704],[-83.6436436193492,39.81840072159131],[-83.6435653841728,39.81831950514346],[-83.64337733803774,39.81838745334911],[-83.64273896914571,39.81863715668385],[-83.64267859337545,39.81846181274041],[-83.64264184239887,39.81835512450388],[-83.64223678574906,39.81717900588357],[-83.63884640732286,39.817821780194265],[-83.63598286386134,39.81840133015027],[-83.63580851972932,39.818436627249596],[-83.63415829299284,39.818770578848856],[-83.6330732682668,39.81898271260978],[-83.62639611411613,39.820287931489275],[-83.62629450028446,39.82030779811341],[-83.62618944231198,39.82032830156195],[-83.62555679478999,39.820451974132446],[-83.6265336434912,39.822349212501244],[-83.62623394305453,39.82240590800832],[-83.62526189045862,39.82258728502118],[-83.62527923602845,39.82264054377289],[-83.6252965483606,39.82269380524298],[-83.62537256649489,39.82292740236874],[-83.62546420992523,39.82320903287389],[-83.62575177502073,39.82409278681949],[-83.62731419682808,39.82379463975708],[-83.62799711317506,39.82494998165244],[-83.62802676656258,39.8250001595051],[-83.62815684261572,39.8252202203921],[-83.62829541583315,39.825454694077294],[-83.62832166460575,39.825499055663705],[-83.62837006224,39.82558089971781],[-83.62838961497047,39.82561395922123],[-83.628409165006,39.82564704423513],[-83.62846971864266,39.825749500328264],[-83.6285519468305,39.82588861830444],[-83.62863384803158,39.826027188908526],[-83.6286437339913,39.82604389620394],[-83.62865361725605,39.82606057589933],[-83.62873588407146,39.82619977534342],[-83.62880591942596,39.82631825484317],[-83.62889129800551,39.8264626673033],[-83.62895822518911,39.826575878318955],[-83.62900754449485,39.82665936027657],[-83.62902694630836,39.82669214468373],[-83.62922809527014,39.827032459027286],[-83.62931677066679,39.827182467737224],[-83.62933650395861,39.82721585554636],[-83.63006423006861,39.82844685583295],[-83.63036051241562,39.82894801319348],[-83.6303901684981,39.82899816053147],[-83.63043465666422,39.82907342458662],[-83.63050880181115,39.82919883713045],[-83.63159855796378,39.83104211751606],[-83.63159866755825,39.83104230791443],[-83.63338030434608,39.83385314785454],[-83.63406075661422,39.83389413907329],[-83.63399990294025,39.83444311055897],[-83.6339796342525,39.83462209387395],[-83.63490502655591,39.8346778680109],[-83.63607481182058,39.83474831578437],[-83.63678486178071,39.83479109170116],[-83.63689133909133,39.83479749867042],[-83.63718207434145,39.834814992977066],[-83.63720499216099,39.83402052925773],[-83.63807079382173,39.8338492572642],[-83.63832742992199,39.83379846986407],[-83.63819028053429,39.833571268496065],[-83.63840623103702,39.833525653192794],[-83.63899842652344,39.83340055000197],[-83.63913558130103,39.83362774986527],[-83.6393097574481,39.833590967791224],[-83.63925492607979,39.8335001600431],[-83.64022833513178,39.833150904456744],[-83.64020319667686,39.832781415022865],[-83.64017627237116,39.832385641556144],[-83.6417964145288,39.83168653366669],[-83.64373365838844,39.83181267474152],[-83.64358132477751,39.830670912802056],[-83.6444284980742,39.83018884947872],[-83.64457480309126,39.83010560291259],[-83.64590386953726,39.82934931987727],[-83.64559363365895,39.82693810761063],[-83.64557509512643,39.82679390311746],[-83.6454120122748,39.82632214861965],[-83.64539365430366,39.82626898309818],[-83.6457179380364,39.826219549191855],[-83.64587592474541,39.82619546210215],[-83.64633236862274,39.82612587206952],[-83.6464760406777,39.82610398365443],[-83.64669788951859,39.826070156529084],[-83.64678403076782,39.82606406954885],[-83.64718173021545,39.82603598581714],[-83.64747898903117,39.826014981134854],[-83.64748448222912,39.825959440049225],[-83.64748582071891,39.82594556339456],[-83.64748804045598,39.825922424132244],[-83.647513239098,39.82565597434376],[-83.64753200759924,39.8254574833644],[-83.64756906579966,39.825065941689296],[-83.64759317388695,39.8248113081486],[-83.64777975486975,39.82482430539504],[-83.64801025269018,39.8248403596368],[-83.64824071727298,39.82485641111517],[-83.64847121509342,39.824872463969626],[-83.64870171381217,39.82488851475058],[-83.6487769306492,39.8248937608335],[-83.64893217569998,39.82490456690762],[-83.6491803927894,39.824921870558796],[-83.64944062215079,39.82493998967982],[-83.64984251583249,39.82496797520239],[-83.65056823600445,39.82501850144632],[-83.65054889437808,39.82521406089631],[-83.65049814854767,39.82572653968467],[-83.65049259785752,39.82578287710551],[-83.65105786454669,39.825711843378556],[-83.65106060081504,39.82571145979262],[-83.65413272320406,39.825266652541394],[-83.65660959044479,39.82490676979282],[-83.65661292499112,39.82490629582409],[-83.65661625953744,39.82490581150673],[-83.65661959677874,39.82490532167004],[-83.65662293132507,39.82490483183334],[-83.6566262649731,39.82490433992692],[-83.65662960221438,39.82490384526086],[-83.65663293137082,39.82490335128472],[-83.65663626861209,39.82490285316909],[-83.65663960046349,39.824902353673664],[-83.65664293500981,39.82490185555803],[-83.6566462659629,39.824901355372624],[-83.6566495978143,39.82490084897807],[-83.65665292966567,39.82490034534314],[-83.65665626151706,39.82489983894858],[-83.65665959247015,39.82489933117416],[-83.65666291893163,39.82489882477959],[-83.65666625078303,39.824898312865685],[-83.65666957993945,39.824897800951824],[-83.65667291089254,39.82489728627827],[-83.65667624004898,39.82489677022492],[-83.65667956561215,39.824896252101844],[-83.6566828947686,39.82489573190901],[-83.65668622123009,39.82489521378593],[-83.65668954948823,39.82489469152336],[-83.65669287594973,39.82489416788095],[-83.6566962015129,39.824893643548656],[-83.65669953066934,39.82489311714659],[-83.6567028535376,39.82489258729501],[-83.65670617730413,39.824892056753505],[-83.65670950556228,39.82489152690187],[-83.65671282932881,39.82489099222088],[-83.65671615219705,39.824890460299514],[-83.65671947326867,39.82488992216894],[-83.65672279613689,39.82488938403843],[-83.65672611990345,39.82488884590786],[-83.65672944007675,39.82488830570755],[-83.65673276294497,39.82488776136777],[-83.65673608401657,39.824887219097754],[-83.65673940418985,39.824886672688244],[-83.65674272526147,39.82488612627873],[-83.65674604543476,39.824885576419646],[-83.65674936560806,39.824885025870636],[-83.65675268398472,39.82488447325191],[-83.65675600146305,39.824883919253324],[-83.6567593189414,39.8248833652548],[-83.65676263911469,39.82488281056629],[-83.6567659547964,39.82488225035855],[-83.65676927227474,39.82488169015075],[-83.65677258705814,39.824881129942995],[-83.65677590453649,39.82488056766547],[-83.65677921931987,39.82488000331822],[-83.65678253230666,39.82487943483149],[-83.65678584978501,39.82487886841452],[-83.65678916187345,39.824878297858056],[-83.6567924739619,39.824877727991456],[-83.65679578605035,39.82487715743498],[-83.6567991035287,39.824876578599586],[-83.6568024129222,39.82487600666327],[-83.65680572501066,39.82487542644801],[-83.65680903799743,39.824874851752035],[-83.65681234739094,39.82487426946706],[-83.65681565947939,39.82487368718208],[-83.65681896617797,39.82487310282732],[-83.65682227557147,39.82487251847261],[-83.65682558496498,39.824871932048126],[-83.65682889435848,39.82487134355392],[-83.65683220285366,39.824870752989945],[-83.65683551224717,39.82487016449573],[-83.65683881625078,39.824869569792305],[-83.65684212564429,39.8248689757788],[-83.65684542964789,39.82486838107532],[-83.65684873365151,39.82486778292232],[-83.65685204035007,39.82486718407944],[-83.65685534704863,39.824866583856654],[-83.65685865105226,39.82486597949444],[-83.65686195236093,39.82486537444228],[-83.65686525636453,39.82486477214982],[-83.6568685567749,39.82486416571787],[-83.65687186077852,39.82486355514643],[-83.65687515939223,39.82486294457498],[-83.65687846070091,39.82486233400352],[-83.65688176470451,39.82486171998249],[-83.65688506511486,39.824861105271545],[-83.65688836642353,39.82486048849092],[-83.65689166503726,39.82485987033039],[-83.65689496095604,39.824859251479985],[-83.6568982613664,39.82485863124973],[-83.65690155998011,39.82485800825983],[-83.65690485859385,39.82485738182041],[-83.65690815091935,39.824856755380935],[-83.65691144953308,39.82485613101122],[-83.65691474545186,39.82485550250196],[-83.65691804047232,39.82485487192304],[-83.6569213363911,39.8248542413441],[-83.65692463141156,39.82485360662566],[-83.6569279246354,39.824852969837515],[-83.65693121785922,39.82485233304931],[-83.6569345074898,39.8248516948813],[-83.65693780340855,39.824851053953644],[-83.65694109303914,39.8248504137159],[-83.65694438087307,39.82484977071852],[-83.65694767589355,39.824849126341284],[-83.65695096642243,39.82484848127417],[-83.656954256053,39.824847830687716],[-83.65695754388695,39.82484718424074],[-83.65696083441583,39.82484653365427],[-83.65696412135145,39.82484588099808],[-83.65696740828707,39.8248452242024],[-83.65697069612102,39.824844571546194],[-83.65697398036168,39.824843912680784],[-83.65697726819563,39.82484325450528],[-83.6569805524363,39.82484259357013],[-83.65698384027024,39.82484193263494],[-83.65698712181597,39.82484126825021],[-83.65699040875161,39.824840605245285],[-83.65699369119565,39.82483993879083],[-83.6569969727414,39.82483927164645],[-83.65700025518544,39.824838601052434],[-83.65700353942611,39.82483793045847],[-83.6570068182769,39.8248372577948],[-83.65701010072095,39.824836583061334],[-83.65701337957174,39.82483590832786],[-83.65701665842252,39.824835229454955],[-83.65701993547668,39.82483455058199],[-83.65702321702243,39.824833870329215],[-83.65702649317826,39.824833189386574],[-83.65702977202903,39.824832504304375],[-83.6570330490832,39.82483182198186],[-83.65703632523903,39.8248311306905],[-83.65703960139487,39.82483044422848],[-83.65704287755072,39.824829755696705],[-83.65704615101161,39.824829062335596],[-83.65704942806578,39.82482837173408],[-83.65705269883172,39.8248276749234],[-83.65705597229261,39.824826978112654],[-83.65705924575352,39.824826281301966],[-83.65706251382451,39.82482558242148],[-83.65706578818373,39.824824883541005],[-83.65706905894969,39.82482418121095],[-83.65707232971562,39.82482347612125],[-83.65707559778663,39.824822771031606],[-83.65707886855259,39.8248220666318],[-83.65708213662359,39.82482135533287],[-83.65708540199964,39.82482064472386],[-83.65708867007065,39.82481993549463],[-83.65709193814166,39.82481922074617],[-83.65709520621266,39.82481850599765],[-83.65709846889376,39.82481778917939],[-83.65710173696478,39.824817074430904],[-83.65710500234083,39.824816355542865],[-83.65710826592024,39.82481563458515],[-83.65711152860136,39.8248149094879],[-83.65711478858753,39.8248141850806],[-83.65711805396359,39.82481346205311],[-83.65712131394976,39.824812734886144],[-83.65712457663086,39.824812004269575],[-83.65712783661704,39.824811275032836],[-83.6571310966032,39.8248105444163],[-83.65713435838599,39.82480981104006],[-83.65713761298227,39.82480907628402],[-83.65714087296844,39.824808337388525],[-83.65714427578672,39.82480756882678],[-83.65714767950335,39.82480679612554],[-83.65715107962669,39.824806021354625],[-83.65715448244498,39.82480524727352],[-83.65715788256834,39.82480447043281],[-83.65716127999676,39.8248036894526],[-83.65716468281505,39.824802909162315],[-83.65716808024344,39.82480212473257],[-83.65717148036678,39.824801339612854],[-83.6571748777952,39.82480055311333],[-83.65717827252867,39.824799768683555],[-83.65718166995707,39.824798975974815],[-83.65718506469052,39.82479818533576],[-83.65718845942399,39.824797394696716],[-83.65719185146249,39.824796599918216],[-83.65719524619595,39.82479580306998],[-83.65719864092942,39.82479500622169],[-83.65720203296793,39.82479420385411],[-83.65720542231149,39.82479340493608],[-83.65720881435,39.82479260256853],[-83.65721220369356,39.824791798131145],[-83.6572155957321,39.824790988864436],[-83.65721898238071,39.82479018235737],[-83.65722236902933,39.8247893717108],[-83.65722576016954,39.82478856106417],[-83.65722914681815,39.82478774834786],[-83.65723253077181,39.82478693149205],[-83.65723591742045,39.824786116705944],[-83.65723929867917,39.82478529985012],[-83.65724268532779,39.82478447954476],[-83.65724606658651,39.8247836564797],[-83.6572494505402,39.82478283617428],[-83.65725283359555,39.824782008969706],[-83.6572562148543,39.82478118245505],[-83.65725959611302,39.82478035525051],[-83.6572629746768,39.824779524596345],[-83.65726635593552,39.824778693942214],[-83.657269733601,39.824777861218315],[-83.65727310946984,39.82477702642468],[-83.65727649072856,39.82477618749154],[-83.6572798665974,39.82477535062816],[-83.65728324246625,39.82477451238492],[-83.65728661204687,39.82477366931231],[-83.6572899879157,39.82477282623963],[-83.6572933610896,39.824771981787165],[-83.65729673695844,39.824771136644806],[-83.65730010923401,39.82477028805281],[-83.65730347701802,39.82476943739109],[-83.6573068501919,39.82476858465964],[-83.6573102179759,39.82476773330797],[-83.65731359025149,39.82476687643706],[-83.6573169580355,39.82476602025601],[-83.65732032851444,39.82476516338502],[-83.65732369540012,39.82476430237453],[-83.65732706048917,39.824763439294365],[-83.65733042557822,39.82476257828385],[-83.65733378976896,39.824761713823804],[-83.65733715485801,39.82476084453434],[-83.65734051994708,39.82475997800451],[-83.6573438841378,39.824759107335225],[-83.65734724383698,39.824758235976006],[-83.65735060623109,39.82475736323693],[-83.65735396503193,39.82475649049789],[-83.65735732742604,39.824755611549584],[-83.65736068443026,39.82475473260131],[-83.6573640432311,39.824753851583246],[-83.65736740023532,39.82475297056518],[-83.65737075634121,39.82475208609753],[-83.65737411334544,39.824751203009725],[-83.65737747214628,39.82475031578241],[-83.6573808237606,39.824749429245],[-83.65738417806988,39.824748538568144],[-83.65738753148082,39.82474764513158],[-83.65739088579011,39.82474675445465],[-83.65739423470949,39.82474585963827],[-83.65739758812043,39.82474496068238],[-83.65740093883646,39.8247440637962],[-83.65740429045077,39.824743164840285],[-83.65740763937015,39.82474226174492],[-83.65741098469627,39.8247413586495],[-83.6574143309207,39.82474045555405],[-83.65741767624682,39.82473954900908],[-83.65742102247124,39.8247386397044],[-83.65742436779738,39.824737729019915],[-83.65742771671675,39.82473681557577],[-83.65743105934793,39.824735904891256],[-83.65743440018247,39.824734990067235],[-83.65743774281364,39.82473407317348],[-83.65744108095323,39.82473315421],[-83.65744442358441,39.82473223317673],[-83.65744776441895,39.82473131421322],[-83.65745110166023,39.824730389040475],[-83.65745444249477,39.82472946593745],[-83.65745777973605,39.82472853869491],[-83.65746111518071,39.824727610072564],[-83.65746444972703,39.824726680760286],[-83.65746778517169,39.82472574799843],[-83.65747111971804,39.824724818686114],[-83.65747445246772,39.82472388178473],[-83.65747778701406,39.82472294488338],[-83.65748111706881,39.82472200591226],[-83.65748444892021,39.82472106694111],[-83.65748777807666,39.82472012590022],[-83.65749110813142,39.82471918485933],[-83.65749443728787,39.82471823967899],[-83.6574977673426,39.8247172924288],[-83.65750109110915,39.82471634586859],[-83.6575044211639,39.8247153965487],[-83.65750774493047,39.82471444377923],[-83.65751106869702,39.82471349031983],[-83.6575143933619,39.824712535480565],[-83.6575177144335,39.824711580641285],[-83.65752103909837,39.824710620972624],[-83.65752436016997,39.82470965992415],[-83.65752768124158,39.824708703015105],[-83.65753100051656,39.82470773989684],[-83.65753432158816,39.824706772639104],[-83.6575376381682,39.82470580607124],[-83.65754095923978,39.82470484088321],[-83.65754427492149,39.824703871555656],[-83.65754759150153,39.82470289877858],[-83.6575509044883,39.824701927381234],[-83.65755422106831,39.82470095460413],[-83.6575575340551,39.82469997699759],[-83.65756084704185,39.82469900008091],[-83.65756415823199,39.82469801902482],[-83.65756747121877,39.82469704003839],[-83.65757077881564,39.82469605691251],[-83.65757409000578,39.82469507171683],[-83.65757739760265,39.82469408652119],[-83.65758070789447,39.82469310132549],[-83.65758401369473,39.824692108540745],[-83.65758731859664,39.82469111920557],[-83.6575906243969,39.8246901278006],[-83.65759392929884,39.824689135015824],[-83.65759723150582,39.824688137401665],[-83.65760053730605,39.82468713840763],[-83.65760383951306,39.82468613941359],[-83.65760713633013,39.82468514041953],[-83.65761043943543,39.82468413935569],[-83.65761373894748,39.82468313415239],[-83.65761703576456,39.82468212687934],[-83.65762033347998,39.82468112167601],[-83.65762363299201,39.82468011233322],[-83.65762692711417,39.82467910299035],[-83.65763022482956,39.82467809019791],[-83.65763351895173,39.82467707671557],[-83.65763681037892,39.82467606185337],[-83.6576401053994,39.8246750428517],[-83.65764339682659,39.824674025229825],[-83.65764668825378,39.82467300415836],[-83.65933439809382,39.82414932841595],[-83.66107487587198,39.82314985359718],[-83.66120166409117,39.82306851098554],[-83.66119184640343,39.82302630110043],[-83.66118885142026,39.82300689199578],[-83.66116047723371,39.82282344353569],[-83.66119653650752,39.82263719000576],[-83.6612606878969,39.82245502038883],[-83.66138004165882,39.822224723699236],[-83.66152071064579,39.82194466084435],[-83.661546348564,39.82180174917108],[-83.66147664648447,39.82165113743167],[-83.66136155343195,39.82146640895309],[-83.66131701945174,39.8214328596625],[-83.66118577199548,39.82133414285318],[-83.66078631364651,39.821111847194665],[-83.6606442846102,39.820987895002006],[-83.6605196002454,39.82089836494223],[-83.66032128636664,39.82075767342988],[-83.66019245358186,39.82075463832891],[-83.66010703547644,39.82066903035018],[-83.65998091111223,39.82049302992408],[-83.65981699642066,39.820399548531284],[-83.65958794578613,39.82032219889398],[-83.6593178053122,39.82023841738446],[-83.65917488155387,39.820062610424095],[-83.65899810298743,39.819869841695464],[-83.65887710351193,39.81966353327472],[-83.65866042088223,39.81941778510425],[-83.6582040767179,39.81891221347999],[-83.65811235513414,39.81878345097297],[-83.6581034609145,39.81858468071006],[-83.65801818923448,39.81850771817593],[-83.65784453411028,39.81844250032306]]]}},{"type":"Feature","properties":{"name":"SOUTH VIENNA","kind":"municipality"},"geometry":{"type":"Polygon","coordinates":[[[-83.6268283043791,39.92711216632206],[-83.6221944168512,39.92726793302315],[-83.6222165630179,39.927041794087245],[-83.62227655700416,39.926395587398446],[-83.61936704495292,39.9262219908685],[-83.61786555317634,39.92613237210933],[-83.61530592055522,39.92597955336112],[-83.6152750813915,39.925977732612026],[-83.61367695155161,39.925891367187724],[-83.61372679727009,39.92507207995998],[-83.61374197879842,39.92458633136199],[-83.613053260233,39.924549108917596],[-83.61305703315719,39.9243594209436],[-83.61306080787801,39.924169733132935],[-83.61306454397128,39.92398004755239],[-83.61306832048872,39.923790385558476],[-83.613069600588,39.92372563767657],[-83.61307173857838,39.92361857429997],[-83.61307571272522,39.92341927606191],[-83.61307857206276,39.92327495048953],[-83.61308199015242,39.92310313931542],[-83.61308634877818,39.92288321933636],[-83.61243686772607,39.92284809168004],[-83.6123299825803,39.92284232398844],[-83.61233242509957,39.9227051682496],[-83.6123475320677,39.921844315884776],[-83.61234964760018,39.92168003948183],[-83.61235841425903,39.92098893945544],[-83.61225155157115,39.92098207411768],[-83.61118277287704,39.920913412434864],[-83.60867438465131,39.92075225128578],[-83.60862869633597,39.92133056234008],[-83.60858345358501,39.921903377691585],[-83.6085521499923,39.922299365849305],[-83.60853630730394,39.9224999019095],[-83.61080189258647,39.922622434173405],[-83.61079631494688,39.92290281858902],[-83.61079074090054,39.92318323079121],[-83.6107851318199,39.92346361566602],[-83.61077955328199,39.923744000081506],[-83.61077398103228,39.92402441297213],[-83.6107699035792,39.924228956895035],[-83.61076754729821,39.92430475100075],[-83.61158095921158,39.924348740064495],[-83.61156020004367,39.92501290928391],[-83.61151469408632,39.9257596488213],[-83.61151382451713,39.92577442772806],[-83.6110562640339,39.9257547955414],[-83.60827534940886,39.925596233979995],[-83.60400558140495,39.9253526596365],[-83.60390280964488,39.925064895380125],[-83.60249022862352,39.92534036481672],[-83.60309280504138,39.92706048006713],[-83.60326181677388,39.927542902424726],[-83.60345145202868,39.9280842648823],[-83.60347991335183,39.928165452727676],[-83.60349993320624,39.92822264223792],[-83.60350833874236,39.92824666872044],[-83.6036595027468,39.928678138906484],[-83.60367026636052,39.9287088617092],[-83.60448976615658,39.93104793565235],[-83.60451371344541,39.931116289591564],[-83.60481819471602,39.93198530240827],[-83.6048897455284,39.932189507749634],[-83.60643442740552,39.93228354914293],[-83.60644579199219,39.93231499911077],[-83.60764155473824,39.932392744675255],[-83.60761353179295,39.93269308022537],[-83.60759032381759,39.93294203021561],[-83.60756297371044,39.93323535803794],[-83.60749483919109,39.933851819791144],[-83.60738053485939,39.93488571044106],[-83.60737937872761,39.93489607213701],[-83.60742616029266,39.93502543374604],[-83.6077241305741,39.93584911552901],[-83.60776678078716,39.93596704823969],[-83.61087417462748,39.93613232561593],[-83.61085846039822,39.93639421992691],[-83.61084367951854,39.93664100330498],[-83.61084156757931,39.936676110108195],[-83.61082804613766,39.93688779819128],[-83.6107964874234,39.93738135843151],[-83.611580456155,39.93740555940447],[-83.61168735836877,39.93740888276717],[-83.61168841478755,39.937392346539376],[-83.61179506008314,39.937399735770626],[-83.61183895895444,39.93671269985145],[-83.61190220933359,39.93565707700454],[-83.61202373073027,39.934929167836636],[-83.6121621638105,39.9326193715343],[-83.61336978162336,39.932683907111915],[-83.61342434349709,39.93206480005109],[-83.61362331045106,39.93222595868104],[-83.61457714521298,39.932406708641594],[-83.61538231957519,39.93255927952945],[-83.61637958608448,39.932671059102674],[-83.61679378668558,39.93271748950433],[-83.62614639863682,39.93334280175831],[-83.62614641929807,39.93334280106947],[-83.62639386742961,39.931081789562896],[-83.62646944359278,39.93039131003107],[-83.62554032238262,39.9303310417908],[-83.62561637016132,39.929636224524536],[-83.62571965396111,39.92869249284082],[-83.62571965575773,39.92869246666382],[-83.62621179149794,39.92829136134482],[-83.62626835032654,39.927774678850795],[-83.62631488485488,39.927349579253686],[-83.62680414868112,39.927333112927975],[-83.6268283043791,39.92711216632206]]]}},{"type":"Feature","properties":{"name":"TREMONT CITY","kind":"municipality"},"geometry":{"type":"Polygon","coordinates":[[[-83.83560014778575,40.01567980351664],[-83.83561798203908,40.01568080660808],[-83.83568903608311,40.01568642474544],[-83.83576005599116,40.01569204150632],[-83.83577782915906,40.01569342987264],[-83.8358191678318,40.015696693703035],[-83.83580801434923,40.01576649863197],[-83.83575543595565,40.01609585884654],[-83.83569004938276,40.016505501702056],[-83.83562466191154,40.016915144850465],[-83.83554674923032,40.01740328341961],[-83.83667771649492,40.017473545481074],[-83.83692678159397,40.017489022814694],[-83.83695563188762,40.01749080879295],[-83.8383140480906,40.01756634544863],[-83.83839937187291,40.0175710828262],[-83.83909305452856,40.017606798899756],[-83.83913691028074,40.01760907195904],[-83.83973909682977,40.017643795957675],[-83.84027336355679,40.017674570295675],[-83.84080763208044,40.01770536938677],[-83.84148435005197,40.017744367009726],[-83.84171738291813,40.01775779344207],[-83.8420542233019,40.017777199709364],[-83.84306610360426,40.01783550034655],[-83.84552580224327,40.017977202684655],[-83.84641432858572,40.01802837649382],[-83.84649858427117,40.017131174708744],[-83.84658266748008,40.01623622666472],[-83.84675570456338,40.01439410888125],[-83.8460503015882,40.01435481006164],[-83.84526705150881,40.01431115683479],[-83.84299315052169,40.014184403458316],[-83.84200698898596,40.01412943103197],[-83.84183978017222,40.01412011266432],[-83.84143344881302,40.01409744007434],[-83.84052578027018,40.01404682954786],[-83.84037798943962,40.01557207705255],[-83.84031890185351,40.01555756866582],[-83.8403158520731,40.0155568132499],[-83.84031280049608,40.015556064713905],[-83.84030974263085,40.015555320305886],[-83.84030668656226,40.015554580713776],[-83.84030363139198,40.01555384180967],[-83.84030057442507,40.01555310428156],[-83.8402975147632,40.015552370881366],[-83.84029445510134,40.01555164298511],[-83.84029139094793,40.01555091508889],[-83.8402883276928,40.015550188568604],[-83.84028526533601,40.01554946548829],[-83.84028220118257,40.0155487465359],[-83.84027913343587,40.0155480282715],[-83.84027606838411,40.01554731207111],[-83.84027300243405,40.01554660068663],[-83.84026993289072,40.01554589274207],[-83.84026686065245,40.01554518479756],[-83.8402637902108,40.015544478916986],[-83.84026072066749,40.015543778540405],[-83.84025764932753,40.01554308091573],[-83.84025457439432,40.01554238122708],[-83.84025149676614,40.01554168910637],[-83.8402484254262,40.01554099767361],[-83.84024534779803,40.01554031105682],[-83.84024226657661,40.015539623064015],[-83.84023918984676,40.01553894057514],[-83.84023610862533,40.01553825671029],[-83.84023302920055,40.015537583165354],[-83.84022994618249,40.01553690686839],[-83.8402268622661,40.01553623401139],[-83.84022377834974,40.0155355625304],[-83.84022069622999,40.015534895177325],[-83.84021761141531,40.01553422920025],[-83.840214524804,40.0155335680391],[-83.84021143729436,40.015532908253945],[-83.84020834798811,40.015532251908766],[-83.8402052559869,40.01553159900355],[-83.84020216578232,40.01553094678628],[-83.84019907557774,40.01553029938498],[-83.8401959862715,40.015529649919664],[-83.84019289247365,40.01552900871029],[-83.8401897977775,40.01552836750091],[-83.8401867012847,40.01552772835549],[-83.84018360658855,40.01552709333803],[-83.84018050919744,40.0155264617605],[-83.84017741000972,40.015525828807],[-83.84017431261861,40.015525199981475],[-83.84017121073593,40.015524576659864],[-83.84016811154821,40.01552395265025],[-83.84016500966554,40.01552333552058],[-83.84016190508792,40.01552271770289],[-83.84015880140862,40.01552210263718],[-83.84015569862763,40.01552149169942],[-83.84015259404998,40.01552088213762],[-83.84014948947237,40.015520276015785],[-83.84014638309812,40.015519671269956],[-83.84014327582554,40.015519073404015],[-83.84014016495973,40.01551847347411],[-83.84013705499221,40.015517879048176],[-83.84013394682133,40.0155172846222],[-83.8401308359555,40.015516695700136],[-83.8401277214964,40.01551610677813],[-83.84012461242722,40.01551552267205],[-83.84012149796811,40.01551493581394],[-83.84011838350902,40.01551435721183],[-83.84011526545669,40.01551378136163],[-83.84011215279422,40.015513206199444],[-83.84010903474187,40.01551263585317],[-83.84010591758785,40.0155120668829],[-83.84010279684054,40.01551149860064],[-83.84009967609325,40.01551093651026],[-83.84009655893921,40.01551037579588],[-83.84009343459864,40.0155098157695],[-83.84009031385136,40.015509261247054],[-83.84008719310405,40.01550870672466],[-83.84008406966181,40.01550815633012],[-83.84008094532125,40.01550761006362],[-83.84007781738744,40.01550706517307],[-83.84007469394518,40.015506523722436],[-83.84007156511305,40.01550598295986],[-83.84006843807755,40.01550544563719],[-83.84006531104204,40.01550491244255],[-83.84006218041328,40.01550437924785],[-83.84005905247946,40.01550384949312],[-83.84005592185069,40.015503325242335],[-83.84005278762866,40.015502800991534],[-83.84004965610158,40.015502279492694],[-83.84004652637114,40.01550176349779],[-83.8400433912508,40.01550124750293],[-83.84004025702879,40.01550073357203],[-83.8400371201118,40.01550022376906],[-83.84003370292046,40.01549967062255],[-83.84003028303417,40.01549912160396],[-83.84002685775799,40.015498572585365],[-83.84002343787171,40.0154980297587],[-83.84002001529048,40.01549748899605],[-83.84001659091261,40.015496952361325],[-83.84001316204318,40.01549641779061],[-83.84000973946193,40.015495888035815],[-83.84000631238914,40.01549535828103],[-83.840002884418,40.01549483540612],[-83.83999945465025,40.01549431528323],[-83.83999602757744,40.015493796536305],[-83.83999259780968,40.01549327985338],[-83.83998916534699,40.015492771426366],[-83.83998573557922,40.01549226093538],[-83.8399823013199,40.015491755948275],[-83.83997886795888,40.01549125577715],[-83.83997543459787,40.01549075560606],[-83.83997200123686,40.015490258874905],[-83.83996856338426,40.01548976627167],[-83.83996512912492,40.01548927848441],[-83.83996169127234,40.0154887900092],[-83.83995825162312,40.015488307725875],[-83.83995481466884,40.015487828194516],[-83.83995137501962,40.015487355543094],[-83.83994793267546,40.015486880139704],[-83.83994449302622,40.01548640886429],[-83.8399410524787,40.01548594309281],[-83.8399376092362,40.015485480761306],[-83.83993416509541,40.01548501842974],[-83.83993072275123,40.01548456297817],[-83.83992727861043,40.015484110966526],[-83.8399238317747,40.01548365895488],[-83.83992038673559,40.01548321107119],[-83.83991693989984,40.01548276662749],[-83.83991349306407,40.01548232493575],[-83.83991004263508,40.01548188737194],[-83.83990659759597,40.01548145531211],[-83.83990314537033,40.01548102256428],[-83.83989969494132,40.01548059600839],[-83.83989624541063,40.01548016876448],[-83.83989279587993,40.015479748400516],[-83.83988934095935,40.01547932872452],[-83.83988588873372,40.0154789152405],[-83.83988243560977,40.01547850106848],[-83.83987898158749,40.01547809377635],[-83.83987552756524,40.015477687860226],[-83.83987207084803,40.015477284696075],[-83.83986861682574,40.015476884971896],[-83.83986516100686,40.01547649143965],[-83.83986170428963,40.01547609997137],[-83.83985824308085,40.01547570850314],[-83.83985478636365,40.01547532116284],[-83.83985132784979,40.015474942078434],[-83.83984786664101,40.015474560930066],[-83.83984440812715,40.01547418528564],[-83.83984094602005,40.015473811017166],[-83.83983748301462,40.01547344156467],[-83.83983402000922,40.015473074864154],[-83.83983056059706,40.01547271022765],[-83.83982709669331,40.01547235109502],[-83.8398236336879,40.01547199333846],[-83.8398201670892,40.015471641085774],[-83.8398167040838,40.015471290209106],[-83.83981323838344,40.0154709427724],[-83.83980977178476,40.015470598087624],[-83.83980630338944,40.015470258906824],[-83.83980283768906,40.01546992179005],[-83.8397993719887,40.01546958467321],[-83.83979590089845,40.01546925374832],[-83.83979243340146,40.01546892901543],[-83.8397889677011,40.01546860221852],[-83.83978549661082,40.01546828161349],[-83.83978202372394,40.01546796238453],[-83.83977855443032,40.01546764797149],[-83.83977508513668,40.01546733631044],[-83.8397716122498,40.015467028777294],[-83.8397681393629,40.01546672399618],[-83.83976466647601,40.01546641990302],[-83.83976119358913,40.0154661226898],[-83.83975772070225,40.0154658268526],[-83.83975424781535,40.01546553514331],[-83.83975077223351,40.01546524756201],[-83.83974729485506,40.01546495998071],[-83.83974381927321,40.015464679967366],[-83.83974034279306,40.01546440132997],[-83.83973686631292,40.01546412475655],[-83.83973339162941,40.01546385024712],[-83.83972991694588,40.01546358261762],[-83.83972643597414,40.0154633156761],[-83.83972295679906,40.01546305217457],[-83.83971948121722,40.015462792801],[-83.83971600204212,40.01546253686742],[-83.83971252466367,40.015462285061766],[-83.83970904459026,40.01546203394411],[-83.83970556272021,40.015461787642394],[-83.83970208264681,40.01546154478065],[-83.83969860077677,40.015461305358876],[-83.83969512070335,40.015461066625114],[-83.83969163883332,40.01546083201932],[-83.83968815696326,40.01546060291742],[-83.83968467509324,40.01546037725555],[-83.83968119322319,40.01546015296963],[-83.83967771135315,40.01545993074768],[-83.83967422678816,40.01545971334171],[-83.8396707440198,40.01545950006367],[-83.83966725945483,40.01545929022566],[-83.83966377399152,40.01545908313956],[-83.83966028673159,40.015458877429474],[-83.83965680665816,40.01545867722333],[-83.83965331939824,40.015458480457156],[-83.83855426029251,40.0153966091632],[-83.83719923612807,40.01533004156005],[-83.83637440662744,40.01528757299699],[-83.83664191503757,40.01383558810762],[-83.83684854012935,40.013846825373626],[-83.83736133352782,40.013874726919916],[-83.83832147895463,40.01392696127543],[-83.83858143253323,40.01394110192406],[-83.83812505063965,40.01259976651874],[-83.83814805469746,40.01259107610683],[-83.83814985042972,40.01259034336284],[-83.83815165065354,40.01258961337093],[-83.8381534472841,40.01258887787484],[-83.83815523852478,40.01258813893862],[-83.83815702886714,40.01258739381019],[-83.83815881561624,40.012586642489545],[-83.83816059787377,40.01258588704079],[-83.83816237563973,40.012585128151855],[-83.8381641498124,40.01258436238273],[-83.83816592398509,40.01258359317347],[-83.83816768917461,40.012582818460025],[-83.83816945256753,40.01258204099449],[-83.83817121685874,40.01258125389662],[-83.83817297126849,40.01258046679874],[-83.83817472567824,40.01257967488466],[-83.83817647649472,40.01257887471432],[-83.8381782201247,40.01257807247992],[-83.83817996195802,40.012577261989236],[-83.83818170289305,40.01257645218654],[-83.83818343664154,40.012575634127636],[-83.83818516769512,40.01257481056443],[-83.83818689425708,40.0125739814971],[-83.83818861632749,40.012573148301605],[-83.8381903339063,40.01257231579413],[-83.83819204968849,40.01257147021426],[-83.83819376187742,40.01257062532235],[-83.83819546687982,40.01256977630228],[-83.83819717098393,40.01256891971397],[-83.83819887239308,40.01256806037357],[-83.83820056571739,40.01256719552893],[-83.83820225904171,40.01256632518016],[-83.83820394428118,40.012565449327155],[-83.83820562862233,40.01256457141009],[-83.83820730667527,40.012563690740876],[-83.83820898203328,40.01256280043936],[-83.83821065289972,40.012561908761825],[-83.8382123219695,40.01256101089202],[-83.83821398295447,40.01256010820612],[-83.83821563944785,40.01255920345604],[-83.83821729683956,40.0125582925138],[-83.83821894434979,40.0125573746913],[-83.83822059186002,40.01255645549278],[-83.83822223038709,40.01255553216608],[-83.83822386891417,40.012554603335154],[-83.83822550025474,40.01255366762402],[-83.83822712979867,40.0125527326009],[-83.83822875305438,40.01255178794544],[-83.83823037451346,40.01255084260193],[-83.8382319869894,40.01254989106621],[-83.83823359766869,40.01254893333831],[-83.83823520744969,40.012547972170225],[-83.83823680465426,40.01254700687402],[-83.83823840455378,40.01254603951371],[-83.83823999636847,40.012545066649245],[-83.83824158279327,40.0125440903446],[-83.83824316742142,40.01254310578368],[-83.8382447466597,40.012542120534704],[-83.83824631960975,40.01254112909357],[-83.83824788986486,40.01254013352426],[-83.83824945742505,40.012539135890826],[-83.83825101600206,40.012538131377184],[-83.83825257188414,40.012537123423414],[-83.83825412327462,40.0125361120295],[-83.83825567017354,40.01253509581937],[-83.83825721078426,40.012534071352974],[-83.83825874870003,40.012533048262625],[-83.83826028032757,40.012532017604045],[-83.83826180656526,40.01253098350526],[-83.83826332920967,40.012529947342415],[-83.83826484915912,40.01252890705145],[-83.83826635922712,40.01252785919218],[-83.83826786660016,40.01252680995683],[-83.83826937217657,40.01252575521734],[-83.83827086876984,40.01252469497361],[-83.83827236176984,40.01252363266579],[-83.83827385207489,40.01252256691781],[-83.83827533519344,40.012521494977626],[-83.83827681292209,40.012520421661414],[-83.83827828615914,40.01251934284097],[-83.83827975670125,40.0125182571403],[-83.83828121826024,40.012517173503625],[-83.83828267532762,40.01251607954665],[-83.83828412790342,40.012514984901586],[-83.83828557868263,40.01251388612839],[-83.83828702137696,40.01251278185101],[-83.83828845598649,40.012511676197526],[-83.8382898914943,40.012510565039854],[-83.8382913189173,40.012509450442046],[-83.83829274095038,40.01250833378016],[-83.83829415669528,40.01250721023801],[-83.83829556705027,40.012506082567675],[-83.838296973812,40.01250495076922],[-83.83829837787879,40.012503817594684],[-83.8382997720641,40.01250268029196],[-83.83830115906291,40.01250153748509],[-83.83830254875666,40.012500391238035],[-83.83830392767062,40.01249924223891],[-83.8383053029913,40.012498088423584],[-83.83830666932886,40.012496931856134],[-83.83830803746304,40.012495771160516],[-83.83830939212247,40.0124946049607],[-83.83842653063891,40.012393828709],[-83.83842877642712,40.01239186990315],[-83.8384310320968,40.01238990352905],[-83.83843327519006,40.01238793165065],[-83.83843550660522,40.01238595220394],[-83.83843772813891,40.01238396381282],[-83.83843993889283,40.01238196647737],[-83.83844213976528,40.012379966389716],[-83.83844432626468,40.01237795598166],[-83.83844650288262,40.01237593800526],[-83.83844866872076,40.01237391590068],[-83.83845082377914,40.01237187934752],[-83.83845296356614,40.01236984279426],[-83.83845509436999,40.01236779592059],[-83.83845721529238,40.01236574216661],[-83.83845932004509,40.01236368428444],[-83.8384614194079,40.01236161883391],[-83.83846350349937,40.01235954306293],[-83.83846557411609,40.0123574638518],[-83.83846763664799,40.01235537225616],[-83.83846968570515,40.01235327928438],[-83.83847172398254,40.01235117805625],[-83.83847374968352,40.01234907132382],[-83.83847576190973,40.01234695633508],[-83.83847776335618,40.01234483308994],[-83.83847975402286,40.01234270434054],[-83.83848173301143,40.012340570774874],[-83.83848369942359,40.0123384289529],[-83.83848565056438,40.012336281626624],[-83.83848759272202,40.01233412604399],[-83.83848952140495,40.01233196564509],[-83.83849144110471,40.01232979974191],[-83.83849334463478,40.012327625582394],[-83.83849523738509,40.012325446606646],[-83.83849712025392,40.01232325937448],[-83.83849898964804,40.01232106801414],[-83.83850084287248,40.01231886770934],[-83.83850268801204,40.01231666465243],[-83.83850451518535,40.01231445196303],[-83.83850633696875,40.012312235145444],[-83.83850814258247,40.01231001282358],[-83.83850993561977,40.01230778499745],[-83.83851171697899,40.012305549602964],[-83.8385134875584,40.012303306640135],[-83.83851524017153,40.0123010629892],[-83.83851698649643,40.012298809017786],[-83.83851871575337,40.0122965522942],[-83.83852043333218,40.01229428731425],[-83.8385221392329,40.01229201889409],[-83.83852382986227,40.012289742905594],[-83.8385255115085,40.01228746210082],[-83.83852717698502,40.012285174415695],[-83.8385288325801,40.01228288191434],[-83.83853047200547,40.01228058597281],[-83.83853209795615,40.01227828246286],[-83.8385337167203,40.01227597413671],[-83.83853531661981,40.01227366099423],[-83.8385369084345,40.012271343035565],[-83.8385384840795,40.01226901750851],[-83.83854004445315,40.01226668854124],[-83.83854159674198,40.01226435406969],[-83.83854313375942,40.012262016157926],[-83.83854465370888,40.01225967136581],[-83.83854616647183,40.01225732038138],[-83.8385476639634,40.01225496802084],[-83.83854914438697,40.01225260533982],[-83.83855061762404,40.012250241282686],[-83.83855207558975,40.01224787240925],[-83.83855351648747,40.012245496655524],[-83.83855494750371,40.01224311677353],[-83.83855636414692,40.01224073551539],[-83.8385577673154,40.01223834600085],[-83.83855915790744,40.01223595442218],[-83.83856053502477,40.01223355321104],[-83.8385618995657,40.01223115268781],[-83.83856324883526,40.012228743220206],[-83.83856458552839,40.012226334440555],[-83.83856590515354,40.01222391740446],[-83.83856721489722,40.012221496928156],[-83.83856851206451,40.012219074387694],[-83.83856979216378,40.01221664427883],[-83.83857106058497,40.012214211417835],[-83.83857231553141,40.01221177511656],[-83.83857355340987,40.01220933055895],[-83.83857478140688,40.0122068887533],[-83.83857599592913,40.012204438003224],[-83.83857719787498,40.01220198450095],[-83.83857838095622,40.012199527558515],[-83.83857955146104,40.01219706579976],[-83.83858071118607,40.012194601288776],[-83.83858185474142,40.01219212920948],[-83.83858298302542,40.012189657130044],[-83.83858410322458,40.012187182986466],[-83.83858520455912,40.012184701962504],[-83.83858629062229,40.01218221887439],[-83.83858736321075,40.012179730970026],[-83.83858842322279,40.01217723824935],[-83.83858947245503,40.01217474484054],[-83.8385905055176,40.01217224523947],[-83.83859152061387,40.01216974495025],[-83.8385925276253,40.01216724122074],[-83.83859351577213,40.012164731987],[-83.83859449313915,40.01216222068905],[-83.83859545523482,40.01215970595091],[-83.83859640295745,40.01215718846053],[-83.83859733630702,40.01215466615388],[-83.83859825618188,40.01215214384714],[-83.83859916078536,40.01214961466003],[-83.83860004921918,40.012147084784786],[-83.83860092507659,40.012144551469355],[-83.83860178745925,40.01214201677775],[-83.83860263906216,40.01213947864591],[-83.83860347000378,40.01213693707384],[-83.83860428926731,40.012134391373536],[-83.83860509505614,40.012131845673146],[-83.83860588737022,40.012129297220504],[-83.83860666351461,40.0121267432636],[-83.83860742438767,40.012124188618515],[-83.83860817088765,40.01212163328536],[-83.8386089075062,40.01211907175984],[-83.83860962526012,40.01211651023423],[-83.83861032864098,40.01211394526838],[-83.83861101854713,40.01211137892637],[-83.83861169497852,40.01210881120822],[-83.83861235434195,40.012106238673816],[-83.83861300112896,40.01210366407519],[-83.8386136326446,40.01210108947647],[-83.83861425068552,40.01209851006148],[-83.83861485525169,40.01209593133438],[-83.83861544454653,40.01209334916709],[-83.8386160194683,40.01209076424754],[-83.83861657552548,40.012088182080056],[-83.83861712259947,40.012085594408255],[-83.83861765440211,40.01208300467225],[-83.83863585337147,40.0118859587748],[-83.8386360851368,40.011883376599556],[-83.83863635373308,40.011880799928456],[-83.8386366429906,40.011878224633286],[-83.8386369538077,40.011875647961986],[-83.83863728618434,40.0118730781709],[-83.83863763742562,40.01187050700364],[-83.83863800932815,40.01186793721231],[-83.83863840279025,40.01186537086109],[-83.83863881601528,40.01186280382168],[-83.83863924900325,40.01186023953434],[-83.83863970175415,40.01185767868707],[-83.83864017875956,40.01185512059176],[-83.83864067462959,40.01185256387248],[-83.83864119116089,40.01185001128126],[-83.83864173104838,40.01184745800191],[-83.83864228351227,40.01184490953864],[-83.83864286292561,40.01184236176337],[-83.8386434612036,40.011839819492195],[-83.83864408014283,40.01183727790896],[-83.83864471974333,40.0118347390778],[-83.8386453773101,40.01183220368665],[-83.83864605643646,40.01182967379964],[-83.83864675712238,40.01182714460062],[-83.83864747667293,40.01182461884163],[-83.83864821778303,40.01182209858677],[-83.83864897865608,40.011819580395894],[-83.83864976019038,40.011817065645126],[-83.83865056148761,40.011814554334386],[-83.83865138344609,40.01181204715175],[-83.83865222426921,40.01180954478521],[-83.83865308575355,40.01180704654678],[-83.83865396700085,40.01180455174841],[-83.83865486890939,40.01180206107817],[-83.83865578788594,40.011799576600055],[-83.83865673291362,40.01179709487402],[-83.83865769321265,40.01179461589995],[-83.83865867237631,40.011792144494166],[-83.83865967399785,40.011789675840404],[-83.83866069538233,40.01178721269084],[-83.83866173742807,40.01178475504537],[-83.8386627974401,40.01178230152807],[-83.83866387631674,40.011779854202906],[-83.83866497585466,40.011777413069936],[-83.83866609695212,40.01177497331297],[-83.8386672351176,40.01177254043617],[-83.83866839124937,40.011770114439614],[-83.8386695689407,40.01176769394721],[-83.83867076998825,40.011765277582924],[-83.83867198271388,40.01176286741083],[-83.83867322238898,40.01176046411897],[-83.83867447464047,40.011758067019265],[-83.83867575114648,40.01175567542376],[-83.83867704292388,40.01175328933242],[-83.83867835356588,40.01175090599309],[-83.83867968486912,40.01174853228614],[-83.83868103503698,40.01174616683546],[-83.83868240945937,40.01174380482486],[-83.83868379645817,40.011741453134626],[-83.8386852023216,40.011739102820435],[-83.83868663333784,40.01173676351459],[-83.83868807693051,40.011734431777036],[-83.83868954118441,40.01173210141549],[-83.8386910207097,40.0117297813743],[-83.83869252089622,40.01172747096548],[-83.8386940426423,40.011725163308704],[-83.83869557965974,40.011722863220164],[-83.83869713823678,40.011720572076],[-83.83869871208515,40.011718289188124],[-83.83870030659477,40.011716011804424],[-83.83870191637578,40.01171374542912],[-83.83870354681801,40.0117114824939],[-83.83870519522657,40.01170922919106],[-83.83870685800815,40.01170698483261],[-83.83870854324762,40.011704747354294],[-83.8387102464534,40.01170251813239],[-83.8387119685238,40.011700295102635],[-83.83871370406892,40.0116980830813],[-83.83871545488542,40.01169587725217],[-83.83871723175305,40.0116936838076],[-83.8387190211971,40.01169149380308],[-83.83872082860745,40.01168931549501],[-83.83872265398409,40.0116871454433],[-83.83872449642875,40.01168498295983],[-83.83872635863634,40.01168282873266],[-83.83872823342034,40.01168068482592],[-83.83873012796727,40.01167854917548],[-83.83873204048051,40.01167642109334],[-83.83873397096005,40.011674304019635],[-83.83873591491432,40.01167219589027],[-83.83873787773322,40.01167009876938],[-83.83873985762013,40.01166800852871],[-83.83874185367668,40.01166592998457],[-83.83874386680122,40.01166385900863],[-83.83874589789208,40.011661798353174],[-83.83874794335598,40.011659746642025],[-83.83875000588787,40.01165770456331],[-83.83875208369113,40.011655671428905],[-83.838754180359,40.01165365067902],[-83.8387562905016,40.011651639561535],[-83.83875841591558,40.01164963876448],[-83.83876055839751,40.0116476455357],[-83.8387627197441,40.01164566331541],[-83.83876489636204,40.011643692103554],[-83.83876708555637,40.011641730524104],[-83.83876929002209,40.01163978201717],[-83.83877151425074,40.01163784383068],[-83.83877375015747,40.01163591252447],[-83.83877600492882,40.01163399497883],[-83.83877827407323,40.011632086377546],[-83.83878055489573,40.0116301901608],[-83.83878285458287,40.01162830220043],[-83.83878516954135,40.01162642868866],[-83.83878749797458,40.0116245654973],[-83.83878984527242,40.01162271262639],[-83.83879220424835,40.011620867323764],[-83.83879457669902,40.01161903853388],[-83.83879696352271,40.011617220064416],[-83.83879936831273,40.011615411915386],[-83.83880178298423,40.01161361615092],[-83.83880421562202,40.011611830706904],[-83.83880666353116,40.01161005627134],[-83.83880912132179,40.01160829353228],[-83.8388115970787,40.01160654386579],[-83.8388140836154,40.01160480520777],[-83.83881658722011,40.01160308031038],[-83.83901364166083,40.011467947845055],[-83.83910748596362,40.01124653131458],[-83.83911127505748,40.0112375930373],[-83.83910821539563,40.01118261066905],[-83.83910511980115,40.01112762825652],[-83.83907861770365,40.00979596453205],[-83.83884173735312,40.009835921688556],[-83.8386521012,40.00992810660487],[-83.83833270160748,40.01035055040704],[-83.8382333155977,40.010438641453405],[-83.83813270967578,40.01044947608486],[-83.83813510458431,40.01037401824556],[-83.83770607639114,40.0103735262935],[-83.83744406656886,40.010373224929815],[-83.83741449762297,40.010373191215606],[-83.83722413922438,40.01039259889479],[-83.83630341816044,40.01066663759766],[-83.83621216549724,40.0106629985438],[-83.83622012906223,40.010691427055534],[-83.83599325953723,40.010758950055695],[-83.83546192670794,40.01079406490669],[-83.83546228872899,40.01079818351783],[-83.83539187967534,40.010811091846186],[-83.8347200386575,40.01085494202703],[-83.83397924206012,40.01116384446494],[-83.83381291179876,40.01123321643915],[-83.83358339224365,40.01132894697813],[-83.83338376592627,40.011412176486886],[-83.83318417374488,40.01149540314201],[-83.83294023802611,40.01159714396586],[-83.83270501327064,40.01169521674193],[-83.83264816248956,40.01171892492906],[-83.83264809152266,40.01171895176227],[-83.83259102424759,40.01174801557481],[-83.83259933546061,40.01179231237364],[-83.8326161618042,40.01188206246291],[-83.8326217681899,40.01191195115322],[-83.8326623405997,40.0121282672438],[-83.83284097328888,40.01308098009759],[-83.83293910614884,40.013626612325346],[-83.83251713422223,40.01360172279567],[-83.83236636188326,40.01359283711583],[-83.83179815860143,40.013559363927136],[-83.83122995621791,40.01352586113753],[-83.83067819659738,40.013493350446836],[-83.83016014715616,40.013462816404115],[-83.82994371066488,40.014900065401996],[-83.83053050907307,40.01493273366238],[-83.8310824959674,40.01496345762307],[-83.83163444423415,40.014994181569925],[-83.83218639699248,40.015024900686946],[-83.83224094089992,40.01502793407],[-83.83234995954449,40.01503399808374],[-83.83272054783684,40.01505461324955],[-83.83271500882482,40.01508978849827],[-83.83264902307562,40.01551000634359],[-83.83395586430318,40.0155852177075],[-83.83431227897698,40.0156057123082],[-83.834384395728,40.01514547773165],[-83.83567387431775,40.01521794301716],[-83.83560014778575,40.01567980351664]]]}},{"type":"Feature","properties":{"name":"CATAWBA","kind":"municipality"},"geometry":{"type":"Polygon","coordinates":[[[-83.62405039102542,40.00331394606043],[-83.62687718171372,40.00127211011324],[-83.62623557888666,39.99968850429852],[-83.6257554652999,39.99853702334429],[-83.6257214820327,39.99845548341067],[-83.6255625026853,39.9978989111853],[-83.62511336031461,39.99676728094647],[-83.62506245368576,39.99664790879072],[-83.62494967828668,39.9963671803885],[-83.62472220239887,39.995800994309455],[-83.62412882203458,39.9943239695102],[-83.62409577481189,39.99423806612808],[-83.6240417438425,39.99409755603534],[-83.6233985330311,39.99435699585023],[-83.6232096981752,39.994433146522894],[-83.623136395648,39.994462700814815],[-83.62306313085007,39.99449225647038],[-83.62211760280958,39.99488531464147],[-83.62065520481585,39.995527716260824],[-83.61988435328401,39.99586635116023],[-83.61900404383145,39.9962530239925],[-83.61894205199201,39.99628024454325],[-83.61892282445166,39.99636298038893],[-83.6183805618203,39.998695221782505],[-83.61805689343353,40.00009114462139],[-83.61793358977933,40.000458765642236],[-83.61781934832969,40.00079953134829],[-83.61774897520866,40.00100928408642],[-83.61765779171573,40.00128125338377],[-83.61757130731009,40.00153912104715],[-83.6173025161057,40.002340621702494],[-83.61706488835686,40.00304922662141],[-83.61703205044165,40.003147107995794],[-83.61701345621358,40.003156345287366],[-83.61728852664179,40.00400268893323],[-83.61763976612124,40.00390729630334],[-83.62297106700818,40.00341385630656],[-83.62310031391631,40.003401910628654],[-83.62330610447319,40.00338283951473],[-83.62405039102542,40.00331394606043]]]}},{"type":"Feature","properties":{"name":"DONNELSVILLE","kind":"municipality"},"geometry":{"type":"Polygon","coordinates":[[[-83.95163336719732,39.917882392338846],[-83.95147699386254,39.91775666231557],[-83.95140511875834,39.91769887774243],[-83.95131082799288,39.91762308872599],[-83.95101592455981,39.91738598104538],[-83.95094045978776,39.91732530450247],[-83.9505802569184,39.917367676876765],[-83.94973213859403,39.91746657320742],[-83.94970460972215,39.91735871047117],[-83.94967711768119,39.91725085032096],[-83.94959091534652,39.916913031644675],[-83.94962370475271,39.91652410411213],[-83.94969661651274,39.91565868521395],[-83.94950834939213,39.915682209691674],[-83.94946411005934,39.91568775199492],[-83.94940902536611,39.91569463922243],[-83.94914444007391,39.915727724913445],[-83.94901386994736,39.91574403142673],[-83.94925335631052,39.915457013626536],[-83.9491593521076,39.91546808655593],[-83.94753717975745,39.91565919851792],[-83.94758811423407,39.91592222463347],[-83.94736805483723,39.915949734172244],[-83.94626258715026,39.91608788319232],[-83.94622397755936,39.91646856254117],[-83.94617776283125,39.91692428829795],[-83.94615624368862,39.917106803876145],[-83.94613463022289,39.91728997970186],[-83.94611599377399,39.9174481602014],[-83.94608368586479,39.91744630684336],[-83.94569175000802,39.91742373927708],[-83.94529624604294,39.91740096776494],[-83.94526158185276,39.917398978676346],[-83.94521892175824,39.9173965121237],[-83.94475673315466,39.91736989195217],[-83.94451990849969,39.917356255629755],[-83.94440956394176,39.91734991286489],[-83.94429921938382,39.91734357009939],[-83.94427462440966,39.91734214321825],[-83.94424137057447,39.91714885531924],[-83.94437910656205,39.91579118917715],[-83.94438940484847,39.91568964191747],[-83.9444088794255,39.915497735623056],[-83.94419684917068,39.91548618177613],[-83.94428115785674,39.914757737729204],[-83.94443815731725,39.91340084825518],[-83.94652388371021,39.91351106954019],[-83.94659958563753,39.91276436041069],[-83.94678341328401,39.91095145813129],[-83.94328533314345,39.91076641594812],[-83.9405622763109,39.910622269044715],[-83.93936123865753,39.91055867389534],[-83.93816020459738,39.91049506766202],[-83.93732577749626,39.910450884343895],[-83.9370405659868,39.91346835509259],[-83.93692019802695,39.9147415660266],[-83.93690523299263,39.914893769770174],[-83.9368884102423,39.91506494009812],[-83.93685188294624,39.915436696370705],[-83.93684348639326,39.91552212898521],[-83.93681349883246,39.91582747176764],[-83.93680312329091,39.915932808989595],[-83.9367670999497,39.916299643902974],[-83.93676276468015,39.91634346034968],[-83.93672815169394,39.91669594281787],[-83.93671998870295,39.91677876742221],[-83.93670746708621,39.91690612180319],[-83.93669765927993,39.91700604125426],[-83.93667975316137,39.91718691821229],[-83.93664915833942,39.91747502561948],[-83.93662011939955,39.91774864399414],[-83.93659107866306,39.91802223578347],[-83.93694350841027,39.91798620514277],[-83.9372959749884,39.91795017586104],[-83.93754529071741,39.91792468789211],[-83.93764840293898,39.91791411693439],[-83.93793546857118,39.91788478859834],[-83.9380018262229,39.91787798840215],[-83.93835525399838,39.91784186122877],[-83.93870863865476,39.917805705099326],[-83.93905402291517,39.917770387436356],[-83.93905401662698,39.91777197001749],[-83.93905401572867,39.9177735484647],[-83.93905400854214,39.917775129667845],[-83.93905400225393,39.917776710181954],[-83.93905399057583,39.91777828725113],[-83.93905397350784,39.9177798656982],[-83.93905395104996,39.91778144896811],[-83.9390539294904,39.91778302741515],[-83.93905389894768,39.9177846065511],[-83.93905386391339,39.917786185687014],[-83.9390538288791,39.9177877648229],[-83.9390537884549,39.91778934395879],[-83.93905374264082,39.91779092309459],[-83.93905369143685,39.917792502230355],[-83.93905364023288,39.917794082055075],[-83.93905358363901,39.91779566119077],[-83.93905351985862,39.91779724032648],[-83.93905345607826,39.91779882015109],[-83.93905338421303,39.91780039584179],[-83.9390533123478,39.91780197497733],[-83.93905323239774,39.91780355273492],[-83.93905315244768,39.91780513255939],[-83.93905306710772,39.917806712383815],[-83.9390529772762,39.917808290141295],[-83.93905288654635,39.917809865831764],[-83.93905278593505,39.917811443589166],[-83.93905268262877,39.91781302341346],[-83.93905257662759,39.91781460117078],[-83.93905246882974,39.91781617755011],[-83.9390523547437,39.91781775530737],[-83.93905223796271,39.91781933168661],[-83.93905211669016,39.917820907376836],[-83.93905198733275,39.917822483756],[-83.93905185797536,39.91782406220211],[-83.93905172592301,39.917825637892214],[-83.93905158309089,39.917827214271284],[-83.93905144295368,39.9178287885834],[-83.93905129473167,39.917830365651376],[-83.93905114740795,39.91783193996341],[-83.93905098930446,39.91783351427542],[-83.93905083299762,39.9178350851425],[-83.93898526855828,39.91847801596451],[-83.93897382851316,39.91859025740402],[-83.93905262603492,39.91858143721995],[-83.93913010572818,39.91857277205289],[-83.93923931751053,39.91856055869196],[-83.93929441747511,39.91855417125562],[-83.93930589165623,39.918441821588594],[-83.93936754123756,39.917837429730454],[-83.93936772629051,39.917835480615146],[-83.93936791583504,39.91783353494471],[-83.93936810088799,39.91783158514036],[-83.93936827965271,39.917829638091845],[-83.93936845392588,39.91782769517716],[-83.9393686255041,39.91782574537263],[-83.93936878899748,39.91782380039087],[-83.93936894979592,39.91782185127522],[-83.93936910610279,39.917819902159515],[-83.9393692543248,39.91781795304371],[-83.93936939895356,39.91781600668379],[-83.93936953639579,39.91781405756793],[-83.93936967383803,39.91781210914099],[-83.93936980409376,39.917810160024956],[-83.93936992806125,39.917808209530946],[-83.9393700475372,39.91780626110384],[-83.9393701589283,39.91780430992073],[-83.93937027031939,39.9178023594266],[-83.9393703763206,39.917800413066196],[-83.93937046884706,39.917798461193975],[-83.9393705649668,39.91779651069963],[-83.93937065210338,39.91779456020528],[-83.93937073744333,39.91779261039976],[-83.93937081469844,39.9177906599053],[-83.93937088656367,39.91778870803275],[-83.93937095663227,39.917786758227116],[-83.9393710177177,39.91778480842142],[-83.93937107431157,39.917782857926746],[-83.93937112551554,39.91778090467605],[-83.93937117402457,39.91777895487019],[-83.93937121714369,39.91777700299731],[-83.93937125487294,39.91777504905751],[-83.93937128541566,39.91777309994042],[-83.93937131326342,39.91777114806743],[-83.93937133302636,39.917769194816394],[-83.93937135009435,39.917767245699196],[-83.9393713644674,39.91776529382603],[-83.93937136806066,39.91776334126378],[-83.9393713698573,39.91776139007949],[-83.93937136626403,39.917759436828185],[-83.93937135728088,39.9177574877107],[-83.93937134290783,39.9177555365262],[-83.9393713231449,39.917753583274724],[-83.93937129889038,39.917751632779094],[-83.93937126834766,39.9177496802165],[-83.93937123331338,39.91774772903183],[-83.9393711928892,39.91774577853604],[-83.93937114977004,39.917743825973275],[-83.9393710994644,39.917741875477375],[-83.93937104287052,39.91773992704838],[-83.93937098178509,39.9177379744854],[-83.93961904705924,39.917712606319704],[-83.93986711143505,39.91768723814455],[-83.93989270353917,39.91741989269649],[-83.93992871160903,39.917416319641134],[-83.94024956287906,39.91738445701869],[-83.94046967707311,39.91736261768553],[-83.94078572145806,39.91733125110507],[-83.9407943704376,39.91721520234894],[-83.94133545986924,39.9172054477267],[-83.94140759728147,39.9172041496825],[-83.94174616692217,39.917198066650194],[-83.94164120596776,39.918171800357825],[-83.9416290607451,39.9182842414122],[-83.94135687211232,39.918315729504215],[-83.94121398248998,39.91833222900237],[-83.94110179099584,39.91834519476102],[-83.94088004007132,39.91837084448173],[-83.94087443907551,39.918482546633136],[-83.94081532903151,39.919656333838155],[-83.94130256086858,39.91968112186996],[-83.94194545906628,39.91971379777206],[-83.94192123689297,39.91993857060007],[-83.94190631587608,39.92007704571641],[-83.9439321776402,39.91981581031127],[-83.94495767550394,39.91968358282867],[-83.94540593213577,39.919625755099176],[-83.94591312903002,39.91956034876761],[-83.94642032682258,39.919494942373575],[-83.94689611502125,39.91944099815596],[-83.9471478310487,39.91941246622372],[-83.94774310685824,39.91934496455628],[-83.94782545811528,39.919335629126074],[-83.94787682557985,39.919329806021715],[-83.94792073433263,39.91949147139262],[-83.94794463850234,39.91957944603117],[-83.94797247998792,39.91968186594484],[-83.94803795818899,39.91968580747458],[-83.94836455867683,39.919705467581835],[-83.94857080917114,39.91971788329217],[-83.94867880732953,39.919724373963625],[-83.94878676865702,39.919730864634516],[-83.94880572580445,39.91973200417054],[-83.94940187747139,39.91976787887729],[-83.94987610619472,39.91979641824],[-83.9505194203124,39.919835107301004],[-83.95093802714996,39.91986029555182],[-83.95129090425819,39.91988148922547],[-83.95137141217226,39.91988634223269],[-83.95142190108449,39.919500242543315],[-83.95146442463509,39.91917500165498],[-83.95163336719732,39.917882392338846]]]}},{"type":"Feature","properties":{"name":"SPRINGFIELD","kind":"municipality"},"geometry":{"type":"Polygon","coordinates":[[[-83.74828798321568,39.92685077864727],[-83.7484683757045,39.92458108738759],[-83.74856028503616,39.92340233756911],[-83.74856788568178,39.92340236305915],[-83.74864354359165,39.923402614515226],[-83.75048599632422,39.92340871973078],[-83.75430193275164,39.92342125946423],[-83.75656687573874,39.923428666737905],[-83.75697921323392,39.92342998670954],[-83.75720228468191,39.92344093158849],[-83.75727293628069,39.923444397546824],[-83.75717423568548,39.92499818394732],[-83.75710362271427,39.9249937522232],[-83.75701200803002,39.92636562891539],[-83.75701149868524,39.92637325700443],[-83.75806888763988,39.92638850698],[-83.75807824359354,39.92638864200255],[-83.75805416874394,39.92679832890867],[-83.75703650239285,39.926779891545365],[-83.75698442346257,39.92677894019268],[-83.7569843893266,39.92677894088158],[-83.75693070870017,39.92758294419969],[-83.75693811800463,39.92777386597619],[-83.75694902624711,39.928055596710315],[-83.75695257010092,39.928147091508556],[-83.75695649214543,39.92859477277809],[-83.75695655951908,39.928602463994686],[-83.75700998143073,39.92860257834683],[-83.75796279929976,39.928604796503144],[-83.75797132431182,39.928604816480366],[-83.75800487279439,39.92931786115364],[-83.7570466964747,39.92931564233155],[-83.75707448136644,39.92981123488496],[-83.75708334199996,39.92985751092668],[-83.75709744756433,39.9299024666373],[-83.75711661219142,39.92994550963827],[-83.75714058335015,39.92998607275468],[-83.75716904517407,39.930023621488914],[-83.75720162262354,39.93005766106368],[-83.7572540730469,39.9301008470448],[-83.75731062616325,39.930138501007484],[-83.75737070082637,39.93017023601537],[-83.75743367970225,39.93019572595592],[-83.75749891561281,39.93021470889162],[-83.75756573818647,39.93022698975168],[-83.75763346074692,39.930232442336596],[-83.75829973041337,39.93024383319294],[-83.75830781704755,39.93024397165215],[-83.75831091174372,39.93027373349297],[-83.75831170405779,39.93028134668067],[-83.75920175034973,39.9303015610263],[-83.75928771552915,39.928607820635456],[-83.75928771552915,39.92860779445847],[-83.7593540803674,39.92860795978686],[-83.75936996258162,39.928297690696546],[-83.7593711483578,39.92827442336857],[-83.76075806900305,39.928359075320145],[-83.76076028963844,39.92835179326559],[-83.76076654011618,39.9283312945293],[-83.76105780627064,39.92737602745864],[-83.76108725124902,39.92727945388261],[-83.76175944530476,39.92386061508514],[-83.76202788077629,39.92386654045274],[-83.76214968514229,39.923869236181375],[-83.76216054577407,39.9238694766131],[-83.7618751150757,39.924991386524226],[-83.76187330946198,39.924998479487456],[-83.76262933519835,39.92505936003598],[-83.76263927146371,39.925060160542536],[-83.76254607304962,39.92570244416442],[-83.76254425935106,39.92571493249937],[-83.76253124455923,39.925804388536505],[-83.76252932396113,39.925817588482886],[-83.76252831335644,39.925824537381146],[-83.76260701475849,39.925832531334464],[-83.76303037009065,39.92587558114043],[-83.76305011506061,39.9258775878941],[-83.76321841892064,39.925894692487276],[-83.76322841896639,39.925895708608415],[-83.76373147283054,39.92594685978225],[-83.7637474736224,39.92594848695259],[-83.76393805210824,39.9259673922995],[-83.76395091688141,39.92596866813298],[-83.7644547064658,39.9260185585755],[-83.76447727484069,39.92602079334904],[-83.7645029540814,39.92602333674718],[-83.76452781944846,39.92585584220394],[-83.76455196077339,39.92569321638013],[-83.76457689890401,39.925525200910215],[-83.7646012441465,39.925361200632366],[-83.76462510609541,39.92520044400437],[-83.76464904709606,39.92503916618732],[-83.76467356840836,39.924873815867294],[-83.76469797204138,39.92470956740014],[-83.76472230470746,39.92454559410267],[-83.76474653137235,39.9243821426069],[-83.76476673358478,39.92424618865995],[-83.76478931812935,39.92409392923301],[-83.76482092894588,39.92388122814233],[-83.76540253060017,39.923880225769636],[-83.76574102298575,39.92387961814573],[-83.76621933006047,39.923878812803],[-83.76623462567481,39.92387878800201],[-83.76624435712428,39.923878770779126],[-83.76622535236612,39.9240608889188],[-83.76620571429571,39.92424927567579],[-83.76618633853334,39.92443482911501],[-83.76617012304413,39.924589904043174],[-83.76616198790092,39.92466811374979],[-83.76615389048695,39.9247459651353],[-83.76613877184073,39.92489078568569],[-83.76612276745563,39.92504388104816],[-83.76610679810481,39.92519692095601],[-83.76609110094354,39.925347350275246],[-83.76607555649586,39.925496429020484],[-83.76605922422567,39.92565284971771],[-83.76604383069498,39.92580031095738],[-83.76602807693985,39.92595161729209],[-83.7660114347509,39.926110731900785],[-83.76599610230562,39.92625764172952],[-83.76597973769609,39.92641463866662],[-83.76596571409618,39.926549097551565],[-83.76594713064789,39.92672714759757],[-83.76591731736026,39.9270126687483],[-83.76585276891551,39.92763122424635],[-83.76585200534753,39.92763854013258],[-83.76634603024476,39.92767123221468],[-83.76662833660258,39.92768992560043],[-83.76692431531902,39.927709515210594],[-83.76727884892064,39.92773297630505],[-83.76759221722433,39.9277537211496],[-83.76760374350775,39.92764863770763],[-83.76763376879782,39.92737492249385],[-83.76766046493142,39.9271316341652],[-83.76766419743143,39.92709765912419],[-83.76769171372689,39.926846701130486],[-83.76769330464326,39.92683227172054],[-83.7677085652233,39.9266933239111],[-83.76771000342607,39.92668023848893],[-83.7677230227095,39.926561275043156],[-83.76772816107292,39.92651449257651],[-83.7677352532721,39.92644976035974],[-83.76775301925346,39.926287887527664],[-83.76775956437862,39.92622832316707],[-83.76776763753807,39.92615471222642],[-83.767777113866,39.92606837595891],[-83.76778408658924,39.926004853019215],[-83.76779372102065,39.925917142216264],[-83.76780912892443,39.9257763814396],[-83.76781294945933,39.92574155287128],[-83.76782656432577,39.92561794255213],[-83.7678291281176,39.92559433330849],[-83.76784224441906,39.925474789988755],[-83.7678435874004,39.92546239461149],[-83.76785884438719,39.92532328212991],[-83.76787254549191,39.92519851714359],[-83.76787498890948,39.92517617051439],[-83.76789199042454,39.92502133527506],[-83.7679028735142,39.92492188770833],[-83.76790828676212,39.92487263094905],[-83.76792525683615,39.92471809745364],[-83.76793338748779,39.92464382767067],[-83.76794378189393,39.92454896906907],[-83.76795830765208,39.92441667287961],[-83.76796148589155,39.92438761807061],[-83.76798294844032,39.92419191061809],[-83.76798337514008,39.92418803479443],[-83.767996036894,39.92407280782129],[-83.76800741136213,39.923969126871704],[-83.76800827733807,39.92396121674845],[-83.76801388102882,39.923909998644106],[-83.76801383790968,39.923909966953964],[-83.7680137741293,39.92390992079665],[-83.7680164663802,39.92388560138063],[-83.76801900412089,39.923862340131166],[-83.76822014499783,39.92386195089359],[-83.76836166558769,39.92386168359411],[-83.76838644830976,39.92386163468106],[-83.76855357268184,39.92386131020155],[-83.76870846649133,39.92386100707846],[-83.76886828037364,39.923860705333205],[-83.76886706225812,39.92388778868862],[-83.76886600044945,39.92391160106188],[-83.76886604716185,39.923911600373],[-83.76886611812876,39.923911600373],[-83.76886502487906,39.92393590944604],[-83.76885966822502,39.92405702617711],[-83.76885966553007,39.92405705580042],[-83.7688593214753,39.924064843285855],[-83.76885404297471,39.92418397158625],[-83.76884426660946,39.924404878040896],[-83.76884376714617,39.92441613001808],[-83.76883407791752,39.92463487530709],[-83.76883361618346,39.92464529297857],[-83.76882710519428,39.92479341704998],[-83.76882688690367,39.92479836960058],[-83.76882161558957,39.924917887923016],[-83.76882133890848,39.92492417074104],[-83.76880946497704,39.925194017919964],[-83.76880926644937,39.925198543321876],[-83.76879767458894,39.92546212456268],[-83.76879206640662,39.92558978106569],[-83.76879177804742,39.92559633180362],[-83.76878534521167,39.925742073677576],[-83.76877385755581,39.92600351174144],[-83.76876769960454,39.926143344112006],[-83.76876717588674,39.92615518687373],[-83.76876166202752,39.92628010029508],[-83.76876122185301,39.92629005271435],[-83.76874976923146,39.92655038370751],[-83.76874934971822,39.92655986764295],[-83.76874360768694,39.926690261116526],[-83.76874327531027,39.92669778239186],[-83.7687378333163,39.92682134736146],[-83.76873741559967,39.92683084021488],[-83.76873668437104,39.9268474837051],[-83.76873634211292,39.92685528258421],[-83.7687294349667,39.927012563348995],[-83.76872906126754,39.92702107589345],[-83.76872597914779,39.92709108510783],[-83.76872555604129,39.92710065094556],[-83.76872233737764,39.92717357680849],[-83.76872194930543,39.92718236764159],[-83.76871622434213,39.92731305132636],[-83.76871588118568,39.92732085841899],[-83.7687139596893,39.927364389505705],[-83.76871356173562,39.92737337664533],[-83.76870785473862,39.92750262089622],[-83.7687074819378,39.92751107138062],[-83.76870168960083,39.927642838043184],[-83.76870138327531,39.927649810178025],[-83.76869041484571,39.92789918494726],[-83.76869001599371,39.9279082250601],[-83.76868325796784,39.92806148864887],[-83.76868287887879,39.92807009061652],[-83.76867607234388,39.92822524479725],[-83.76867577589984,39.928231985411756],[-83.76866781323315,39.92841299184571],[-83.76866745929694,39.928421019251374],[-83.76866448856829,39.92848827086692],[-83.7686644301778,39.928489578341406],[-83.76866009400993,39.92857036753992],[-83.76865924061039,39.92858602621397],[-83.76865069314047,39.92874499761528],[-83.76864270981255,39.928893859546776],[-83.76863387308508,39.929058354232666],[-83.76863355058991,39.929064122089486],[-83.76862567236486,39.92921078792288],[-83.76861838343464,39.92934676576523],[-83.76861696679144,39.929372808837336],[-83.76860938141718,39.929514006533566],[-83.76860355314761,39.929622570668],[-83.76860260273004,39.92964091978074],[-83.76859527157902,39.92977662467032],[-83.76858843360307,39.92990411469138],[-83.76858761523785,39.92991974619499],[-83.76858045746167,39.93005325171037],[-83.7685753523359,39.930148656523116],[-83.76857294934251,39.93019280233461],[-83.76856570442975,39.930327406034934],[-83.76855819900555,39.93046717653215],[-83.76854805612768,39.93065589835095],[-83.76853706524018,39.930860662868106],[-83.76852652351032,39.93105694021832],[-83.76851592788154,39.93125401261796],[-83.76833549946011,39.93124937946814],[-83.76833538357742,39.93124937671278],[-83.76797393384645,39.93124010559032],[-83.767924783424,39.93202959720103],[-83.76829128617845,39.93203938897499],[-83.76831344222661,39.93164322776933],[-83.76832435945227,39.9314480473556],[-83.7684959942654,39.9314518945258],[-83.76850531159151,39.93145210255539],[-83.76849473303074,39.93164815984807],[-83.76848398558667,39.931848694011904],[-83.76847346721303,39.93204425558595],[-83.76846573092179,39.932188995947214],[-83.76819601804593,39.93218134370824],[-83.76792594943723,39.93217369215726],[-83.76791522265442,39.93239474917139],[-83.76791485524348,39.93240231734924],[-83.76818752447492,39.93240971951815],[-83.76844417045665,39.93241666705843],[-83.76845348688445,39.93241691917024],[-83.76844113235437,39.932646791705665],[-83.76843508938744,39.93275920141237],[-83.76842913445543,39.93287062040332],[-83.76842199644219,39.93300335832383],[-83.76842032018585,39.93303461922318],[-83.76841238626525,39.93318221885826],[-83.76840487814611,39.93332187813647],[-83.76839505776343,39.93350477569625],[-83.76839034609978,39.93359265518136],[-83.76838331408773,39.933723138581456],[-83.76837642041623,39.93385158972674],[-83.76837234925136,39.93392751989635],[-83.76836948003235,39.93398125087777],[-83.76836202491381,39.934119949697966],[-83.76835256655218,39.93429559401056],[-83.76834387086022,39.934458026507194],[-83.76833505748898,39.934622025656275],[-83.76832603031869,39.93478984315388],[-83.76815879725044,39.93478569309657],[-83.76815917364455,39.93477796813443],[-83.76816525793397,39.93465296207678],[-83.76816034235273,39.934652871154185],[-83.76780578808989,39.934646333681385],[-83.7676569372473,39.93464358947177],[-83.76765731004815,39.93463580525616],[-83.7676666812732,39.93444000724801],[-83.7676617737768,39.934439912881075],[-83.76736957157779,39.934434296326614],[-83.76717021295838,39.93443046378904],[-83.7669776689587,39.93442675110414],[-83.76678277227127,39.93442300880029],[-83.766584268848,39.93441919554878],[-83.76657029016388,39.93469718557363],[-83.76655926603868,39.93469689283064],[-83.76637244700233,39.93469232052889],[-83.76597768684229,39.9346826083473],[-83.76562423750724,39.93464620143034],[-83.76539774347802,39.93462294797],[-83.76514187543732,39.93459666167967],[-83.76493063749659,39.93457494424514],[-83.76432414981397,39.934512627726676],[-83.76430313103296,39.934510463488834],[-83.76425240316887,39.93448162718346],[-83.76425268613818,39.934476656735534],[-83.76427196667912,39.93413961805908],[-83.76427810307082,39.934031875955576],[-83.76534394247734,39.93405766445061],[-83.76539279645574,39.933101393084556],[-83.76544381357736,39.93210333890238],[-83.76543888272477,39.93210319906923],[-83.76439005381648,39.93207346695485],[-83.76397750970878,39.9320617430075],[-83.76313655095723,39.93203788525063],[-83.76306455727541,39.933626158602614],[-83.76306367872307,39.93364541794792],[-83.76306366524834,39.9336457210277],[-83.7630660251226,39.93364775303986],[-83.76306838409852,39.93364978091904],[-83.76307074666772,39.93365180604289],[-83.76307311193186,39.93365382910024],[-83.76307547270443,39.933655854223964],[-83.76307783707026,39.93365787590354],[-83.76308020502934,39.93365989896071],[-83.76308257209013,39.93366192064017],[-83.76308494184583,39.93366394094196],[-83.76308730890662,39.93366596193246],[-83.76308968135727,39.93366798016765],[-83.76309205111299,39.93366999840282],[-83.7630944253603,39.93367201526022],[-83.76309680140422,39.933674032117615],[-83.7630991756515,39.93367604828613],[-83.76310155349208,39.933678061699304],[-83.76310393133262,39.93368007855653],[-83.7631063091732,39.93368208990311],[-83.76310868791207,39.933684104693775],[-83.76311106844756,39.933686116729056],[-83.76311345257632,39.93368812669785],[-83.7631158367051,39.93369013666659],[-83.76311822173217,39.933692146635266],[-83.76312060765757,39.93369415453745],[-83.76312299268463,39.93369616312835],[-83.76312538040668,39.93369816827514],[-83.76312777082364,39.93370017411066],[-83.76313016213894,39.933702179946174],[-83.76313255075927,39.93370418647041],[-83.76313494566782,39.933706188172884],[-83.76313733877974,39.933708191941726],[-83.76313973368828,39.93371019295525],[-83.76314212859683,39.93371219534633],[-83.76314452709865,39.93371419498213],[-83.76314692649876,39.933716195306665],[-83.76314932410226,39.933718194942294],[-83.76315172440069,39.93372019182266],[-83.76315412559744,39.93372219008058],[-83.76315653128577,39.93372418558311],[-83.76315893427916,39.933726181774475],[-83.76316133817086,39.93372817521052],[-83.76316374655414,39.93373016864645],[-83.76316615224248,39.93373216277114],[-83.76316856152407,39.93373415551819],[-83.76317097170397,39.93373614757633],[-83.76317338008724,39.93373813756801],[-83.76317579386043,39.93374012755955],[-83.76317820763359,39.93374211686226],[-83.76318062140676,39.93374410616492],[-83.76318303787485,39.93374609340104],[-83.76318545344468,39.933748078570716],[-83.7631878708111,39.933750065117884],[-83.76319028907582,39.933752050287445],[-83.76319271093384,39.933754033390414],[-83.76319512919859,39.9337560171822],[-83.76319755375154,39.933758000973924],[-83.76319997740617,39.93375998132151],[-83.76320240106081,39.93376196304665],[-83.76320482830872,39.93376394270529],[-83.76320725196335,39.93376592167504],[-83.76320968190619,39.93376790133357],[-83.76321211005241,39.93376987823678],[-83.76321453909692,39.93377185582876],[-83.7632169708364,39.93377383066542],[-83.7632194034742,39.9337758061908],[-83.76322183790862,39.933777781027345],[-83.76322427144471,39.93377975448618],[-83.7632267094724,39.933781725189704],[-83.76322914660176,39.93378369864842],[-83.76323158283282,39.93378566866299],[-83.7632340217588,39.93378763936634],[-83.76323646248144,39.933789608003146],[-83.76323890320407,39.933791578017605],[-83.76324134662164,39.933793544587864],[-83.76324379093754,39.93379551184689],[-83.76324623435511,39.93379747841709],[-83.7632486795693,39.93379944429836],[-83.76325112658014,39.93380140949078],[-83.76325357359097,39.9338033719279],[-83.76325602419507,39.933805334364905],[-83.76325847390085,39.93380729542426],[-83.76326092540327,39.93380925579477],[-83.7632633787023,39.93381121754283],[-83.76326583379797,39.93381317653557],[-83.76326828619871,39.933815135528214],[-83.76327074309098,39.93381709383207],[-83.76327320088161,39.93381905075816],[-83.76327565867223,39.93382100561777],[-83.76327811825948,39.933822963232636],[-83.76328057874505,39.933824915336864],[-83.76328303923061,39.933826870885134],[-83.76328550151281,39.93382882298926],[-83.76328796738827,39.933830773026905],[-83.7632904323654,39.93383272650852],[-83.76329289824086,39.93383467585722],[-83.76329536321799,39.93383662589469],[-83.7632978326867,39.93383857455445],[-83.76330030035878,39.93384052183655],[-83.76330277252245,39.933842467740945],[-83.76330524199118,39.93384441433411],[-83.76330771505314,39.93384636161605],[-83.76331019081006,39.93384830545384],[-83.76331266387204,39.93385024791393],[-83.76331431497553,39.933851542198475],[-83.76331513962899,39.93385219106279],[-83.76331761808083,39.93385413352276],[-83.76332009653271,39.93385607391626],[-83.7633225767812,39.933858014309685],[-83.76332505613138,39.93385995332547],[-83.76332753817651,39.933861890963534],[-83.76333001932333,39.93386382997915],[-83.76333250496172,39.93386576623945],[-83.76333498880349,39.933867702499754],[-83.7633374753402,39.933869637382294],[-83.76333996367353,39.93387157364248],[-83.76334244931192,39.933873505769704],[-83.7633449403402,39.93387543789682],[-83.76334742867355,39.93387737002394],[-83.76334992149846,39.93387930077335],[-83.76335241252674,39.933881230833876],[-83.76335490804661,39.933883161583225],[-83.76335740087151,39.93388508888839],[-83.76335989639138,39.933887018259966],[-83.76336239370787,39.933888943498594],[-83.76336489282099,39.933890870114766],[-83.76336739193411,39.93389279466445],[-83.76336989374218,39.933894718525316],[-83.76337239465192,39.93389664307489],[-83.76337489645998,39.93389856486916],[-83.76337739916637,39.933900487352204],[-83.76337990366937,39.933902407768706],[-83.76338241086732,39.93390432749639],[-83.76338491716699,39.93390624722401],[-83.76338742616156,39.93390816488515],[-83.76338993246121,39.93391008392385],[-83.76339244415074,39.9339119995184],[-83.76339495584028,39.93391391580173],[-83.76339746752983,39.93391582932969],[-83.76339997921934,39.93391774354649],[-83.76340249540046,39.9339196570744],[-83.76340501158158,39.93392156991342],[-83.76340752776267,39.93392348068598],[-83.7634100439438,39.93392539283608],[-83.76341256371818,39.93392730360852],[-83.76341508618749,39.933929210936824],[-83.76341760596185,39.933931118953865],[-83.76342012663454,39.93393302628207],[-83.76342264910386,39.93393493223261],[-83.76342517336981,39.93393683818305],[-83.763427701229,39.93393874206702],[-83.76343022639328,39.93394064732853],[-83.76343275245586,39.933942549834775],[-83.76343528301001,39.93394445096333],[-83.76343781266586,39.93394635346942],[-83.76344034501665,39.93394825459787],[-83.7634428755708,39.933950152282186],[-83.76344540792158,39.93395205203292],[-83.76344794296732,39.93395394971712],[-83.76345047801306,39.93395584740128],[-83.7634530148554,39.93395774301895],[-83.76345555169777,39.933959637947744],[-83.76345809033677,39.93396153149883],[-83.76346062987407,39.933963425738696],[-83.76346317030969,39.93396531860091],[-83.7634657143386,39.933967210085406],[-83.76346825297757,39.933969101569865],[-83.76347079880308,39.93397099167666],[-83.76347334373028,39.93397288109454],[-83.7634758895558,39.9339747705124],[-83.76347843627963,39.933976657863795],[-83.76348098569841,39.933978543148655],[-83.76348353242224,39.933980431188715],[-83.76348608273933,39.93398231371822],[-83.76348863664968,39.93398419969176],[-83.76349118696679,39.933986080843546],[-83.76349374267376,39.9339879633729],[-83.7634962956858,39.93398984452454],[-83.76349885049447,39.933991727053794],[-83.76350140799808,39.933993606138905],[-83.76350396819663,39.93399548522402],[-83.76350652570025,39.9339973636202],[-83.76350908589882,39.93399924132757],[-83.763511647894,39.934001116968396],[-83.76351420719425,39.9340029919204],[-83.76351677188438,39.934004867561136],[-83.76351933387957,39.934006740446556],[-83.76352190036636,39.93400861333193],[-83.76352446595479,39.934010484150825],[-83.7635270342382,39.9340123556585],[-83.7635296025216,39.934014226477295],[-83.76353217439825,39.934016095229616],[-83.76353474268166,39.93401796535949],[-83.76353731545662,39.934019831356395],[-83.76353988733327,39.93402169941974],[-83.76354246010825,39.934023563350124],[-83.7635450373748,39.93402542796929],[-83.76354761374303,39.934027293966054],[-83.76355018921296,39.934029157207455],[-83.76355276827614,39.93403101907122],[-83.7635553473393,39.93403288093493],[-83.76355792550417,39.93403474073211],[-83.76356050636399,39.934036601906946],[-83.76356309171538,39.9340384610152],[-83.76356567437182,39.93404031805702],[-83.76356825882489,39.93404217509876],[-83.76357084597292,39.93404403145166],[-83.76357342952767,39.934045888493294],[-83.76357601847232,39.93404774071324],[-83.76357687366847,39.93404835582382],[-83.76357860741697,39.93404959568834],[-83.76358119636163,39.934051448596975],[-83.76358378889952,39.93405330081673],[-83.76358638053912,39.934055152347604],[-83.76358897217871,39.93405700043436],[-83.76359156651327,39.93405885127636],[-83.76359416354273,39.934060700051845],[-83.7635967578773,39.93406254607203],[-83.76359935311014,39.934064392780975],[-83.76360195283458,39.9340662401787],[-83.763604552559,39.93406808482108],[-83.76360715228344,39.93406992946347],[-83.7636097538045,39.934071771350496],[-83.76361235712218,39.9340736139263],[-83.76361495864325,39.93407545374686],[-83.76361756465589,39.93407729494492],[-83.76362016977022,39.93407913476533],[-83.76362277757947,39.93408097458573],[-83.76362538449045,39.934082810961975],[-83.76362799140138,39.93408464871581],[-83.76363060370225,39.934086485091946],[-83.76363321330814,39.93408832009044],[-83.763635825609,39.93409015302241],[-83.76363843790983,39.9340919880208],[-83.76364105380394,39.93409382095267],[-83.76364366790142,39.93409565044047],[-83.7636462828972,39.934097483372234],[-83.76364889968964,39.93409931217111],[-83.76365151648206,39.934101141658765],[-83.76365413776605,39.93410296976871],[-83.76365675725343,39.93410479581215],[-83.76365938033405,39.9341066225444],[-83.76366200251636,39.93410844789896],[-83.76366462469869,39.934110272564645],[-83.76366724777931,39.93411209723028],[-83.76366987355487,39.93411391914062],[-83.76367250112709,39.93411574036209],[-83.76367512869929,39.93411756364999],[-83.7636777553732,39.934119383493766],[-83.76368038653867,39.93412120195983],[-83.76368301680581,39.934123019737044],[-83.76368564976791,39.93412483682542],[-83.76368828093337,39.93412665322492],[-83.7636909156921,39.93412847031316],[-83.76369354865419,39.93413028533497],[-83.76369618610788,39.93413209966786],[-83.76369882266324,39.93413391124552],[-83.76370146011689,39.93413572351189],[-83.76370409936722,39.93413753508939],[-83.76370673861751,39.93413934528924],[-83.76370937966445,39.934141155489044],[-83.76371202250802,39.934142962933564],[-83.7637146662499,39.934144771066855],[-83.76371730909347,39.93414657851127],[-83.76371995463198,39.93414838320034],[-83.7637226010688,39.934150188578236],[-83.7637252502006,39.93415199188962],[-83.7637278975357,39.934153795200956],[-83.76373054666749,39.93415559713465],[-83.76373319669757,39.934157399068276],[-83.76373584762598,39.934159198935404],[-83.76373849765606,39.934160998802476],[-83.76374115127942,39.9341627986695],[-83.76374380849605,39.93416459578128],[-83.76374646122107,39.9341663935818],[-83.76374911843769,39.93416818931579],[-83.76375177655261,39.93416998298336],[-83.76375443466752,39.934171778028485],[-83.76375709457908,39.93417356962949],[-83.76375975449064,39.93417536329687],[-83.76376241619883,39.93417715558662],[-83.76376508060196,39.93417894512106],[-83.76376774141183,39.93418073672188],[-83.76377040671328,39.93418252418976],[-83.7637730711164,39.934184310968824],[-83.76377574001111,39.934186099125434],[-83.7637784071092,39.93418788452676],[-83.76378107600391,39.93418966992803],[-83.76378374489862,39.93419145326284],[-83.76378641648827,39.934193238664015],[-83.76378908807793,39.93419502062109],[-83.7637917614642,39.934196801200514],[-83.76379443395217,39.93419858246865],[-83.76379711093172,39.9342003616704],[-83.76379978341969,39.93420214156085],[-83.76380246039925,39.93420391869598],[-83.76380514097205,39.934205695831096],[-83.76380781884991,39.93420747296618],[-83.7638104985244,39.93420924803474],[-83.76381317730059,39.934211021725666],[-83.76381586236498,39.93421279541654],[-83.7638185447344,39.93421456772977],[-83.76382122800217,39.93421633935408],[-83.76382391306655,39.93421811028957],[-83.76382659992757,39.9342198791586],[-83.76382928499194,39.93422164871635],[-83.76383197364957,39.934223417585294],[-83.76383466320554,39.934225184387714],[-83.76383735276151,39.93422695050126],[-83.76384004591073,39.9342287145484],[-83.76384180032048,39.93422986693053],[-83.76384273456839,39.93423047997304],[-83.76384542951425,39.93423224333126],[-83.76384812086683,39.934234006000565],[-83.76385081850763,39.93423576660346],[-83.76383685509484,39.9344754588961],[-83.76383673292398,39.93447755563172],[-83.7638798691256,39.93450557225609],[-83.7642374282531,39.93471459792625],[-83.7646000799299,39.934906463450034],[-83.76460744252199,39.934910358642185],[-83.76508452878622,39.93617011759248],[-83.765085850208,39.93617359737098],[-83.76508890986986,39.93618165486219],[-83.76512982902936,39.936172429179315],[-83.76511901331335,39.93617185954812],[-83.76574103107058,39.93602282471505],[-83.76600245159806,39.93596018027117],[-83.76704478748347,39.935710431922594],[-83.76726481274432,39.93574953835581],[-83.7674861378674,39.93578401192385],[-83.76787423701958,39.93583211949765],[-83.76826462957071,39.93586754493924],[-83.76859488979503,39.935885083043594],[-83.76870034931441,39.935887784498114],[-83.76892575189058,39.935893559356174],[-83.76892396963304,39.93592874850938],[-83.76890199234963,39.93636589687518],[-83.7688730863604,39.93660135461623],[-83.76880577559618,39.937149827367655],[-83.76878777066293,39.93729657437137],[-83.76867910146301,39.9381817547872],[-83.76865112253519,39.93840959881928],[-83.76623807790044,39.939767184261754],[-83.76576271819816,39.940024016099436],[-83.76564533264505,39.94008812731062],[-83.76552307013826,39.94015489773399],[-83.76540515278249,39.94021928845568],[-83.76528915961805,39.94028760981795],[-83.76517970259562,39.94035242881739],[-83.76506427986139,39.94042074729169],[-83.76494854361513,39.94048928471996],[-83.76483841375457,39.94055449611478],[-83.76472315541203,39.94062604943415],[-83.76460235626084,39.94070268700669],[-83.7644901953094,39.94077387789071],[-83.76426603151003,39.94091716238058],[-83.7641574072259,39.94099056528645],[-83.76404662968,39.94106539243412],[-83.76393747359319,39.94113915745943],[-83.76382271651059,39.941216662271586],[-83.76371696054713,39.94128899110931],[-83.7636170660909,39.941361998279554],[-83.76350794414009,39.94144169027508],[-83.76340558470672,39.941516510042064],[-83.76330273479321,39.941591826307075],[-83.76318859754817,39.94167618767103],[-83.76309702238979,39.9417438594779],[-83.76299323194017,39.941820560539625],[-83.7628860997577,39.941899765754464],[-83.76278333248919,39.941975740715925],[-83.7626756694024,39.94205528116411],[-83.76257497903883,39.94212969597429],[-83.76247305618669,39.942205057020665],[-83.7616311362378,39.94282873639973],[-83.76149888356672,39.942927155857326],[-83.76113987904995,39.943194298394125],[-83.76039602009578,39.94226371488315],[-83.75846528273372,39.942130700145974],[-83.75846594658871,39.94212335481574],[-83.7585400432266,39.94130365784221],[-83.75859426643548,39.940703473555345],[-83.75860820559373,39.94054941384201],[-83.75869276850301,39.939613796045315],[-83.75874054270643,39.93908492388637],[-83.75877795035152,39.93867103189534],[-83.75885478146112,39.93782079665177],[-83.7588494436717,39.93782191040203],[-83.75875604762824,39.93784139930642],[-83.75875665129612,39.93783145958705],[-83.75875758734065,39.93781602412499],[-83.7587525064694,39.937817181268215],[-83.75865347349755,39.937839732469804],[-83.75860213837231,39.938416082208526],[-83.7584866285015,39.939712868247234],[-83.75805954156766,39.93976686743399],[-83.75785380850297,39.9420898989444],[-83.7577640093139,39.94309772165364],[-83.75716580679317,39.94306130750513],[-83.75703248153366,39.94417364796217],[-83.75568030143538,39.94689476686401],[-83.75243677420194,39.949268352671396],[-83.75209611058831,39.9495176211254],[-83.75173155268646,39.94978438395966],[-83.75155619705141,39.94991268650835],[-83.75152138733417,39.949938122625824],[-83.75151322164824,39.94994408980978],[-83.75189498767767,39.94997110912969],[-83.75198420655506,39.94997737794094],[-83.75585240786403,39.950250186711656],[-83.75616149210215,39.950271893662176],[-83.75624714107461,39.95027794965292],[-83.7563224315735,39.95028323848678],[-83.75738219747038,39.95035795423996],[-83.75743034357635,39.95036133895198],[-83.75743045945902,39.95036134514982],[-83.75758860966143,39.9503691317085],[-83.75811020744798,39.95040304630341],[-83.75823632732063,39.95041459770094],[-83.75823666868042,39.95041462593556],[-83.75829352395307,39.95041830125459],[-83.76289969036964,39.950717448975475],[-83.76412893063139,39.950797252652755],[-83.765238927624,39.9508692965932],[-83.7653488948895,39.950876423372826],[-83.76536691958567,39.950836070874125],[-83.7653669564166,39.95083607294004],[-83.76536703367171,39.95083607776053],[-83.76564351535323,39.95085337513474],[-83.7665230136271,39.950908401249535],[-83.76714248735546,39.950947148477574],[-83.76733058738942,39.95095892703555],[-83.7681929071801,39.95101286363245],[-83.76823472734985,39.95101545775009],[-83.768646104546,39.951041183376],[-83.76964870704808,39.9511038863207],[-83.77017465268062,39.95113676758889],[-83.77035953944082,39.9511483271262],[-83.77077902303411,39.95117456023077],[-83.77120793893786,39.951201377292804],[-83.77194648435713,39.95124754032491],[-83.77226225924748,39.951267287088655],[-83.77270120933298,39.95129473008815],[-83.77302877011986,39.95131519784416],[-83.77339222309392,39.95133791193646],[-83.77365670148662,39.95135443239843],[-83.77365952039997,39.95135460937878],[-83.77366735191262,39.95135509762414],[-83.77367067388255,39.95135530490463],[-83.77367342272731,39.951355476375824],[-83.77367588231455,39.9513556299424],[-83.7736762605053,39.951355654044775],[-83.77368024902516,39.95135590333226],[-83.77368015919362,39.95135675449056],[-83.77368026519483,39.95135676137697],[-83.7736734918976,39.95142096526491],[-83.77365960573992,39.95155154000197],[-83.77365891224052,39.95155806415288],[-83.77433161204777,39.951601548146556],[-83.77433433304476,39.951574861393844],[-83.77515204788834,39.95162589696733],[-83.77516147750389,39.95162648506307],[-83.77516140743529,39.951627338283956],[-83.77516149367356,39.95162734310439],[-83.77512730738711,39.952040114131144],[-83.77512661209107,39.95204850993843],[-83.7762844704237,39.9516976817965],[-83.7764581722603,39.95170955456835],[-83.776456396291,39.951725692747786],[-83.77647955665566,39.95172720361446],[-83.77683484304548,39.95175037000345],[-83.77683410552862,39.95175719024859],[-83.77682182376205,39.95187071238506],[-83.77684951972059,39.95187248768407],[-83.77699955364439,39.95188210170571],[-83.77701255136823,39.95176195009612],[-83.7770636717961,39.95176526725245],[-83.77712921467587,39.951769520263916],[-83.77713885449718,39.95177014554469],[-83.77712900357177,39.951868691243504],[-83.77707393235328,39.95240389913595],[-83.77700978276052,39.95303187344382],[-83.77679466050449,39.95513364730452],[-83.77677001252972,39.95537328774055],[-83.77669316165716,39.956124202860714],[-83.77666781119986,39.95637299530449],[-83.77661164852827,39.95692060652134],[-83.77659764558965,39.95705745269309],[-83.77654222851976,39.957598574103905],[-83.77654201741566,39.95760063639071],[-83.77615150628692,39.95757883192238],[-83.77609898808048,39.958126401120595],[-83.77648600206781,39.95814799884295],[-83.77647199823085,39.95828484600149],[-83.77641670692512,39.958824979938974],[-83.77603404527534,39.95880371776124],[-83.77601122537216,39.958802457688336],[-83.77567839327119,39.95878397455054],[-83.77546207535751,39.95877196804803],[-83.7753224385348,39.95876420723432],[-83.77532315179715,39.95875676935664],[-83.77537430456437,39.95822359012904],[-83.77536468630261,39.958223053044264],[-83.77505771490205,39.958205920036505],[-83.77505750649289,39.958205907642224],[-83.77505680041709,39.958205864950855],[-83.77505587694897,39.95820583258806],[-83.77505495078591,39.95820581261948],[-83.77505402462286,39.95820580504524],[-83.77505309756148,39.958205808488096],[-83.77505295383102,39.958205809865206],[-83.77505217499169,39.958205825013756],[-83.77505124882862,39.95820585324516],[-83.77505032266556,39.95820589249368],[-83.77504940009577,39.95820594689074],[-83.7750484784243,39.95820601230491],[-83.77504822420107,39.95820603227348],[-83.77504818826844,39.95820603502776],[-83.77504755854943,39.95820609080199],[-83.77504663867458,39.95820617825043],[-83.77504572329131,39.95820628153599],[-83.77504480880636,39.95820639583867],[-83.77504389881298,39.958206523224206],[-83.77504351972391,39.958206581064125],[-83.77504346762163,39.9582065879498],[-83.77504298971792,39.958206661626846],[-83.77504208601273,39.95820681173524],[-83.77504118320587,39.958206974926426],[-83.7750402857889,39.958207149134715],[-83.77503939106687,39.958207336425914],[-83.77503887633222,39.95820745279429],[-83.77503883141645,39.958207461057114],[-83.77503850353138,39.95820753542275],[-83.7750376177925,39.958207744059585],[-83.77503674013848,39.95820796715638],[-83.7750358660777,39.958208202647505],[-83.77503499561018,39.95820844708999],[-83.77503434522993,39.95820863988969],[-83.77503431289058,39.95820864815257],[-83.77503413143089,39.95820870392674],[-83.77503327353978,39.95820897109208],[-83.77503242283522,39.958209252717374],[-83.77503157841885,39.958209543982655],[-83.77503073849407,39.95820984419936],[-83.7750299578581,39.95821013890751],[-83.77502990575579,39.958210159564615],[-83.77502908379732,39.95821048319269],[-83.7750282663304,39.95821081783793],[-83.77502745694832,39.95821116556596],[-83.7750266565494,39.95821152224541],[-83.77502586513364,39.95821189338487],[-83.77502577889537,39.958211928501946],[-83.77502507820945,39.95821226727862],[-83.77502430116674,39.958212654943736],[-83.77502353400548,39.95821305362596],[-83.77502277492906,39.95821346332534],[-83.77502202663243,39.958213881287556],[-83.77502184337612,39.95821398939309],[-83.77502128821727,39.958214310266875],[-83.77502055968357,39.958214749574765],[-83.77501983653977,39.958215197834114],[-83.77501912776901,39.95821565504481],[-83.77501843067635,39.9582161239612],[-83.77501816657167,39.95821630436661],[-83.77501813872388,39.95821632295802],[-83.77501774077021,39.95821659769762],[-83.7750170634405,39.958217084516825],[-83.77501639509393,39.958217578910336],[-83.77501574022207,39.95821808156666],[-83.77501509792664,39.958218593862995],[-83.77501476195674,39.958218869979696],[-83.7750147296174,39.95821889407966],[-83.77501446371606,39.958219115110715],[-83.77501384208186,39.958219642555584],[-83.77501323571907,39.95822018170613],[-83.7750126383394,39.95822072429953],[-83.77501205533278,39.958221279975774],[-83.77501165648081,39.95822166764085],[-83.77501163312459,39.958221690363644],[-83.77501148310594,39.958221839094826],[-83.77501092435384,39.95822240716534],[-83.77501037727983,39.95822298349867],[-83.7750098463755,39.958223564651966],[-83.77500932535263,39.95822415544525],[-83.77500887799164,39.95822467944722],[-83.77500882139776,39.958224753812786],[-83.77500832462941,39.95822535424605],[-83.77500784582736,39.958225964319304],[-83.77500737960173,39.95822657921253],[-83.77500692864747,39.958227203057156],[-83.77500649116791,39.95822783172179],[-83.77500646871003,39.958227863396004],[-83.77500606895973,39.95822846382924],[-83.77500565842965,39.9582291028224],[-83.77500526406924,39.95822974732415],[-83.77500488228524,39.9582303952687],[-83.77500451756924,39.95823105285324],[-83.77500444839896,39.958231182304424],[-83.7750041690229,39.95823171043777],[-83.7750038339513,39.95823237353085],[-83.77500350965947,39.958233044198224],[-83.77500320602891,39.95823371555411],[-83.77500291587307,39.958234391730024],[-83.77500282514323,39.95823461000676],[-83.77500280987188,39.9582346423696],[-83.77500264009028,39.95823507272595],[-83.77500237957885,39.958235756476085],[-83.77500213344048,39.95823644366907],[-83.7750019052684,39.95823713223922],[-83.77500169057103,39.95823782769508],[-83.77500159714623,39.95823815338872],[-83.77500158546815,39.9582381933258],[-83.77500149384,39.958238523150875],[-83.77500130968535,39.958239221361],[-83.77500114529364,39.95823992439108],[-83.77500099437668,39.95824062673256],[-83.77500085962939,39.95824133045122],[-83.77500078237429,39.958241782153195],[-83.77500077518776,39.95824181451597],[-83.77500073925515,39.95824203830124],[-83.77500063774552,39.958242744085574],[-83.77500055150726,39.958243454689914],[-83.77500047784541,39.95824416598278],[-83.77500042304817,39.95824487727568],[-83.77500039070883,39.95824544947739],[-83.7750003898105,39.95824547564303],[-83.77500038262397,39.95824558856854],[-83.7750003601661,39.95824630054995],[-83.7750003538779,39.95824701459706],[-83.77500036286104,39.95824772657847],[-83.77500038621724,39.95824843718276],[-83.77500042035322,39.95824915398412],[-83.77500043113301,39.958249280681045],[-83.77500058115166,39.95825155020776],[-83.77500073925515,39.958253943676986],[-83.77500088747716,39.95825634058899],[-83.77500103030931,39.958258737500906],[-83.77500116595492,39.95826113441274],[-83.77500129890558,39.95826353063595],[-83.7750014237714,39.958265926859035],[-83.7750015414507,39.95826832445919],[-83.7750016528418,39.958270721370695],[-83.77500175974131,39.9582731182821],[-83.77500186125093,39.958275515193435],[-83.77500195826899,39.95827791141615],[-83.77500204720221,39.95828030970442],[-83.77500212715226,39.958282707992666],[-83.7750022053057,39.958285105592225],[-83.77500227447597,39.95828750319172],[-83.77500233915467,39.95828990079112],[-83.77500239664683,39.95829229976756],[-83.77500244874913,39.958294698055376],[-83.77500249546154,39.95829709496595],[-83.77500250893627,39.9582978661638],[-83.77500250983456,39.95829789370657],[-83.77500253678403,39.958299495319295],[-83.77500257092001,39.9583018922297],[-83.77500259876778,39.95830428982859],[-83.77500262212398,39.958306690181686],[-83.77500263649704,39.958309087780414],[-83.77500264637851,39.95831148675617],[-83.77500265176839,39.95831388366615],[-83.77500264997175,39.958316284707486],[-83.77500264098859,39.95831868230589],[-83.77500262751387,39.958321079904195],[-83.77500260595431,39.95832347887954],[-83.7750025825981,39.95832587716626],[-83.77500254756382,39.95832827614143],[-83.77500250983456,39.95833067442799],[-83.7750024649188,39.95833307202587],[-83.77500241461316,39.958335471689374],[-83.77500235981591,39.95833786997568],[-83.77500229603554,39.95834026619616],[-83.77500222776357,39.958342665859405],[-83.77500215140678,39.95834506276829],[-83.77500209930449,39.95834662582005],[-83.77500209930449,39.958346661625626],[-83.77500207235504,39.95834745967715],[-83.77500198521845,39.958349857962986],[-83.77500189089534,39.95835225624878],[-83.77500179387728,39.95835465246875],[-83.77500168877441,39.95835705006581],[-83.77500157828162,39.95835944697419],[-83.77500145880568,39.95836184457107],[-83.77500133663482,39.95836424010218],[-83.77500120817574,39.958366637010315],[-83.77500107432675,39.958369033229786],[-83.77500093149463,39.95837142876064],[-83.77500078506922,39.958373824291364],[-83.77500062966068,39.95837621982206],[-83.77500047245552,39.95837861604119],[-83.7750003071655,39.95838101157171],[-83.77500013289233,39.9583834050364],[-83.77499995861916,39.95838580125528],[-83.77499977446453,39.958388195408396],[-83.77499958492001,39.95839058956142],[-83.77499938908728,39.95839298371436],[-83.77499918606803,39.95839537993296],[-83.77496870533211,39.958744550082805],[-83.77496459374306,39.958744313216435],[-83.77478633115977,39.95873439581366],[-83.77478638236374,39.95873354130433],[-83.7747863158884,39.9587335378615],[-83.77478651531439,39.95873009572431],[-83.77478680187699,39.958726969638334],[-83.77481106267786,39.95846251533273],[-83.77481115700095,39.958462522218426],[-83.7748178889757,39.958383654298274],[-83.77481791143359,39.95838338024792],[-83.77481810726631,39.95838086697225],[-83.77481831028555,39.95837836195934],[-83.7748185061183,39.95837585901203],[-83.77481869566283,39.95837335262178],[-83.7748188762242,39.95837084760855],[-83.7748190478024,39.95836834121812],[-83.77481921309241,39.95836583413906],[-83.7748193711959,39.95836332705986],[-83.77481952211288,39.95836082066915],[-83.77481966674164,39.95835831565546],[-83.77481980148895,39.95835580651029],[-83.77481993084633,39.95835330080789],[-83.7748200521189,39.958350793039706],[-83.77482016530662,39.95834828389427],[-83.77482027130783,39.95834577612584],[-83.77482037102082,39.95834326835733],[-83.77482046264899,39.958340758523086],[-83.7748205461923,39.95833825075439],[-83.77482062344743,39.9583357409199],[-83.774820693516,39.958333231773906],[-83.77482075370314,39.95833072400499],[-83.77482080670374,39.95832821554734],[-83.77482085341614,39.95832570502397],[-83.77482089294202,39.9583231958776],[-83.77482092528136,39.95832068741967],[-83.77482095043418,39.95831817758455],[-83.77482096660385,39.9583156670608],[-83.774820975587,39.95831315722549],[-83.77482097738364,39.95831064876725],[-83.77482097199376,39.95830814099745],[-83.77482095851902,39.958305629784746],[-83.77482093875608,39.95830312132618],[-83.7748209109083,39.9583006101133],[-83.7748208749757,39.958298102343136],[-83.77482083095825,39.95829559113007],[-83.77482078334755,39.958293083359756],[-83.77482072405873,39.95829057558932],[-83.77482065848172,39.95828806506451],[-83.77482058751481,39.95828555660535],[-83.77482050756475,39.958283046768926],[-83.77482041952986,39.95828053899816],[-83.77482032430844,39.95827803053867],[-83.77482022369713,39.95827552139056],[-83.77482011140769,39.95827301430806],[-83.7748199937284,39.95827050653693],[-83.77481986976089,39.95826799876565],[-83.77481973860685,39.958265491682916],[-83.77481959757137,39.95826298391145],[-83.77481945204428,39.958260476828485],[-83.77481929573743,39.95825797043401],[-83.774819134939,39.95825546403944],[-83.77481896605572,39.958252957644774],[-83.7748187890876,39.95825045262718],[-83.77481860583129,39.95824794623233],[-83.7748184117952,39.95824544190309],[-83.77481821416583,39.95824293619664],[-83.774818006655,39.95824043117868],[-83.77481779285597,39.958237927537745],[-83.77481757097208,39.9582354245853],[-83.77481734279999,39.95823292025559],[-83.77481710654308,39.958230417991544],[-83.774816861303,39.958227917104516],[-83.77481661067306,39.95822541484023],[-83.77481635285656,39.95822291257591],[-83.77481608426028,39.9582204103115],[-83.77481581117246,39.95821791011268],[-83.7748155326947,39.95821541129089],[-83.77481524343719,39.95821291109189],[-83.77481494609482,39.958210410892804],[-83.77481464336257,39.9582079120708],[-83.77481433434211,39.958205413937215],[-83.7748140163385,39.958202917180714],[-83.77481369025004,39.95820042042407],[-83.77481335697509,39.95819792435597],[-83.77481301831023,39.9581954275992],[-83.77481266796727,39.958192932908034],[-83.77481231492936,39.95819043821676],[-83.77481195200998,39.958187944902576],[-83.77481158190407,39.95818545089971],[-83.7748112064083,39.95818295965104],[-83.77481082103104,39.9581804670251],[-83.77481043026388,39.95817797439914],[-83.77481002871697,39.95817548383877],[-83.77480962088181,39.958172996032545],[-83.77480920586015,39.958170505472005],[-83.77480878634692,39.95816801766564],[-83.77480835695222,39.958165529170614],[-83.77480792037099,39.95816304342977],[-83.77480747839986,39.95816055768889],[-83.77480702654728,39.95815807194787],[-83.77480656750816,39.95815558689534],[-83.77480610038423,39.95815310321983],[-83.77480562517545,39.958150620921394],[-83.77480514547509,39.95814813724576],[-83.7748046585882,39.95814565632426],[-83.77480416271815,39.95814317746842],[-83.7748036596616,39.95814069792391],[-83.77480315031681,39.9581382190679],[-83.7748026319889,39.95813574158895],[-83.7748021082711,39.95813326479845],[-83.77480157557012,39.95813078800786],[-83.77480103478435,39.95812831328291],[-83.77480048771032,39.95812583993502],[-83.77479993434811,39.9581233672756],[-83.77479937110444,39.958120895304674],[-83.77479880336917,39.95811842539931],[-83.77479822575243,39.9581159541168],[-83.77479764544077,39.9581134842113],[-83.77479705165436,39.958111015682846],[-83.77479645517302,39.95810854990862],[-83.77479587036976,39.95810619430571],[-83.77479584701358,39.95810608344572],[-83.77478912671694,39.95810717276573],[-83.77414153212693,39.95821213713876],[-83.77411950633446,39.958415729884564],[-83.7740892510757,39.95869567916273],[-83.77399914645945,39.95869067260267],[-83.77386576280944,39.9586832512426],[-83.77375923070157,39.95867732682352],[-83.7733791445217,39.95865622090441],[-83.77328750468463,39.958651122762184],[-83.77323172200043,39.95864802214956],[-83.77276992685896,39.95862236411],[-83.7727295341122,39.95862011180973],[-83.77244469001369,39.95860428855483],[-83.77237373119111,39.958600334806256],[-83.77211947023645,39.95858620610926],[-83.77202440512319,39.95858092273737],[-83.77193157771332,39.958575751601444],[-83.77131251361672,39.958541334273654],[-83.77109895622591,39.958529481279065],[-83.77037913888371,39.95848945279082],[-83.77037723355699,39.95854325675286],[-83.77012796004878,39.95852986618812],[-83.76986973393046,39.958515995689275],[-83.76953622629641,39.958498054376676],[-83.76900724166326,39.958469595875684],[-83.7689233902197,39.958465094019324],[-83.7686032171777,39.95844788395261],[-83.76827570130658,39.95843028415195],[-83.7679626339385,39.95841343488625],[-83.7676493671444,39.95839658561645],[-83.76700878570182,39.958362159247045],[-83.76698386014763,39.95836080758633],[-83.76687723820825,39.958353778674784],[-83.76668149530784,39.95834455322724],[-83.7663750610998,39.958328066816385],[-83.76582644468444,39.958298542339065],[-83.76569141262587,39.95829129721025],[-83.7655962531895,39.95828614670951],[-83.76551685379648,39.958281919580365],[-83.76517096378454,39.958263304785014],[-83.76512264789699,39.958260696482306],[-83.76494302077278,39.95825104755167],[-83.76430094363525,39.95821648614918],[-83.76403646973414,39.95820225821874],[-83.76377205152858,39.95818805645101],[-83.76357369363237,39.958177373276875],[-83.76349963023213,39.95817336648364],[-83.76309692088014,39.958151701977904],[-83.76277044256318,39.95813415925241],[-83.76269910465153,39.958130313582316],[-83.76221072566585,39.95810402530561],[-83.76207856102967,39.95809690754187],[-83.76196724898618,39.9580909121492],[-83.76196723640977,39.9580909403806],[-83.76196731276657,39.95809102645208],[-83.76028864177492,39.96164090928779],[-83.76004619905615,39.9621536118227],[-83.75996514945794,39.962324761060806],[-83.75996174933461,39.962331940352044],[-83.76007326439735,39.962336240903426],[-83.76035375525997,39.96234707628122],[-83.76036577831174,39.962347540349604],[-83.76036537945976,39.962348382420245],[-83.76036579358309,39.96234839825642],[-83.76027569166179,39.96253915281082],[-83.7602738474205,39.96254305813479],[-83.76027371896141,39.962543087052886],[-83.76027249186274,39.96254568348735],[-83.76055709341611,39.96255666135691],[-83.76090537564164,39.96257010690376],[-83.76094850555506,39.96257175730181],[-83.76126183523124,39.962583873301305],[-83.76141382478741,39.96258973472595],[-83.76184168966229,39.96260624696183],[-83.76190880010222,39.96260760680093],[-83.76202046698025,39.96260986998625],[-83.76219431434393,39.96261957269544],[-83.76244774974683,39.96263371639511],[-83.76266508635003,39.962645832383636],[-83.76267055888675,39.96264613671203],[-83.76267478546016,39.96264637287636],[-83.7626746821539,39.96264721632039],[-83.7626748052231,39.962647225271226],[-83.76265106814003,39.962839142597154],[-83.76263688284338,39.96295391666304],[-83.76260963873744,39.96317453135358],[-83.76260005191673,39.963251779858034],[-83.76259364692875,39.96330373621868],[-83.7625633755003,39.96354969477113],[-83.76255121859957,39.963646902923514],[-83.76252642869098,39.96384758566516],[-83.762525465697,39.96385544917896],[-83.76248959866265,39.96414544840935],[-83.76247652548032,39.96425213786912],[-83.762451274736,39.96444246781102],[-83.76242421208975,39.964674099292374],[-83.7624234449285,39.96468069104195],[-83.76256328027887,39.964687662157196],[-83.76295714212364,39.96470731071519],[-83.76309780931398,39.96471430730243],[-83.76330493476735,39.96472465277641],[-83.76331332862536,39.9647250548632],[-83.7635197408164,39.964735352828754],[-83.76366951333046,39.96474282723537],[-83.76373772240999,39.96474623739865],[-83.76402566659452,39.964760597537364],[-83.76404198628829,39.964761408595585],[-83.76440677954876,39.96477958097922],[-83.76456748006825,39.96478759379124],[-83.76462583373079,39.964790506852346],[-83.76466744010149,39.96439477418112],[-83.76468279949621,39.96424863335532],[-83.76470736572429,39.96424985201731],[-83.76493170649178,39.964261051313315],[-83.76515597269908,39.96427222237864],[-83.76538027394068,39.96428339344213],[-83.7656045410463,39.9642945658808],[-83.76582884498286,39.964305763103965],[-83.76610707029435,39.96431961865817],[-83.76617817374571,39.96432318995363],[-83.76624941823259,39.9643267316431],[-83.76628357217969,39.964001744383445],[-83.76632670838131,39.96359130457295],[-83.766369841888,39.96318086505259],[-83.76640415124365,39.96285439477452],[-83.76641297539467,39.96277042788802],[-83.766456110698,39.96235996209553],[-83.76649924420468,39.961949521380156],[-83.76654237681305,39.96153908439785],[-83.76657400649421,39.96123808983606],[-83.76658265367713,39.96115599172988],[-83.7666056397686,39.960937068473214],[-83.76662863933483,39.96071820373048],[-83.76665164339263,39.960499283891956],[-83.76668039756656,39.960225664953626],[-83.76678714437176,39.96023167875004],[-83.7668101448363,39.96023299525769],[-83.76714985803235,39.960252150717075],[-83.76716767252275,39.96025315531127],[-83.7674344874335,39.96026820425477],[-83.76770326875639,39.96028334890337],[-83.76770317892486,39.96028418962236],[-83.76770328402776,39.960284206836086],[-83.76770340170707,39.96028419444219],[-83.76768885259271,39.96042137471431],[-83.76767439420821,39.96055781521199],[-83.76766562305778,39.960640272768785],[-83.7676511646733,39.96077671007551],[-83.76764243035379,39.96085916736833],[-83.76762793693499,39.96099557945075],[-83.7676192035138,39.961078036479634],[-83.76760474512929,39.96121450320863],[-83.76759603775925,39.961296575080034],[-83.76759597397886,39.96129695997352],[-83.76757278127486,39.961515826994976],[-83.76756410444753,39.96159757076141],[-83.76754955443486,39.96173472498844],[-83.76752632310331,39.96195359405126],[-83.76752057298718,39.96200798604819],[-83.7675031303993,39.96217251749592],[-83.76747990266101,39.96239141269855],[-83.7674770397302,39.962418404379704],[-83.76745667222775,39.96261028172486],[-83.76743347862542,39.962829205132515],[-83.76741025088714,39.96304810029827],[-83.76738997501285,39.96323923640612],[-83.76738701955557,39.96326699751736],[-83.76736382505494,39.963485892658575],[-83.76734644175588,39.9636496790186],[-83.76734059731663,39.96370481601664],[-83.76731736598506,39.96392371251018],[-83.76730290760057,39.96406009644627],[-83.76729712514508,39.964114737385415],[-83.7672945047594,39.9641393647291],[-83.76727127612278,39.964358259142855],[-83.76725937344528,39.96447051209877],[-83.76723464911372,39.964703453710136],[-83.76721583928997,39.96488092735306],[-83.7671869126395,39.965153503173596],[-83.76718292861122,39.965191321806365],[-83.76717229974479,39.965291342209085],[-83.76717218476043,39.96529134289759],[-83.7662932470353,39.96524177851803],[-83.76625506234753,39.96561532020025],[-83.7662503300226,39.965662656338104],[-83.76624957813272,39.96567006867874],[-83.76610907533406,39.965663073566276],[-83.76593105080431,39.96565419954905],[-83.7654188071748,39.96562865223235],[-83.76536534573731,39.965625989130935],[-83.76501436856589,39.965608495140735],[-83.76430913088073,39.96557335016971],[-83.76392801253661,39.965554338719905],[-83.76357185837425,39.96553656793571],[-83.76321566738093,39.965518824686775],[-83.76285947548931,39.96550105182787],[-83.76232543873101,39.96547443039821],[-83.76232543873101,39.965474402169804],[-83.7618452577706,39.965450520949865],[-83.76183986877722,39.96550523995492],[-83.76176308707493,39.966242029612786],[-83.76171730802973,39.966707010447564],[-83.7616919970983,39.966964753900946],[-83.76164760684853,39.96741641190882],[-83.76159262007168,39.96797627072937],[-83.76159238201814,39.96797888279231],[-83.76159005987313,39.96800364368443],[-83.761587378402,39.96803098977821],[-83.76153239162512,39.96859079399593],[-83.76147457425681,39.969178054237084],[-83.76141702009488,39.969765174496125],[-83.7612995788462,39.97095930618931],[-83.76129884492263,39.97096676545812],[-83.76130332122769,39.970967017427874],[-83.76249569732511,39.97102524237994],[-83.76270914332483,39.97103566951185],[-83.76273115654087,39.97103674416861],[-83.7627179342382,39.97117460920595],[-83.76256188429694,39.97280159143418],[-83.76256106862665,39.97281010034761],[-83.76069982403666,39.972718870421254],[-83.76039548200492,39.97540739390349],[-83.7603918833539,39.9754391675578],[-83.76028965058299,39.976342075348],[-83.76022983536147,39.976870450866144],[-83.76022948142526,39.97687357681088],[-83.76110966691031,39.97692257172532],[-83.76110970643619,39.97692256552988],[-83.76237945532735,39.97674565251656],[-83.76449080885875,39.976010686035764],[-83.76482760612338,39.975899346939656],[-83.76505712567847,39.97591345140715],[-83.76508339690896,39.97566040212772],[-83.76525916217575,39.97566839645445],[-83.76526150498204,39.975668503155624],[-83.76528564540865,39.97566959839137],[-83.7653122076933,39.975808784059545],[-83.76533902869274,39.97594932695281],[-83.76533941856157,39.97595136596916],[-83.76598030632965,39.976397226202465],[-83.76717505038619,39.97701758833141],[-83.76824383267356,39.97727380256814],[-83.76933870742668,39.97741864686975],[-83.7735175398727,39.97764855130606],[-83.77439281786134,39.977713449170864],[-83.77510819033954,39.97776648148196],[-83.77540935592843,39.977788806117594],[-83.77550450368669,39.97779945180871],[-83.77572552428089,39.977824180231686],[-83.77573049016777,39.977824735748605],[-83.7761018339433,39.97852218055923],[-83.77727038402445,39.98071746441167],[-83.77738635473101,39.980928428358126],[-83.77739057052463,39.98093609648308],[-83.77938723794033,39.98105744616675],[-83.7797784686196,39.98108206327637],[-83.78016970289215,39.981106674870404],[-83.78056090033377,39.981131263740295],[-83.78095213101305,39.98115587600496],[-83.78114774904762,39.98116818213394],[-83.78134333025127,39.98118048757236],[-83.78209299771207,39.98122761950802],[-83.7834029111779,39.98131424755205],[-83.7833326566345,39.98037642985879],[-83.7833282548896,39.980310092434365],[-83.78330830240883,39.98000853415837],[-83.78330833384986,39.98000840956691],[-83.78330828623913,39.980007675784876],[-83.78341211082474,39.97961221912962],[-83.7835861567161,39.97896785055279],[-83.78366778393102,39.97827914912671],[-83.78388068824661,39.97829264733908],[-83.78412371127706,39.978308520418366],[-83.78412438770847,39.97830238292912],[-83.78420971238909,39.97752779514385],[-83.78421300651125,39.97749787625761],[-83.78423526406903,39.97729581415268],[-83.78414958545218,39.97690411207248],[-83.78414964384268,39.976903588902026],[-83.78414957018082,39.97690325297154],[-83.78415409050332,39.97686222331829],[-83.78417970147207,39.97662971345336],[-83.7841992865419,39.97645191717018],[-83.78436278261856,39.9749676615597],[-83.78439898562283,39.97466198438804],[-83.7843993898647,39.974658585045454],[-83.78439424611139,39.974658249792355],[-83.78420381764421,39.97464582615055],[-83.78413268454842,39.97464116840294],[-83.78324828865964,39.97458339674839],[-83.78324817367529,39.97458338986433],[-83.78324385906699,39.97458310761811],[-83.78324472683954,39.97457578435984],[-83.78327688832334,39.974304304881116],[-83.78332509102317,39.973936337938866],[-83.78347446558357,39.973946096867095],[-83.78356232530992,39.973158356322834],[-83.78429730621413,39.973205570206176],[-83.78432621849154,39.97294641079329],[-83.78432659847891,39.97294301067694],[-83.78432145113233,39.972942674038606],[-83.78359153762464,39.972894945033616],[-83.78359142264028,39.97289493814938],[-83.78358712869321,39.97289465658457],[-83.7835879443635,39.972887331080095],[-83.78361639311024,39.97263209448413],[-83.78364568806998,39.97236953137506],[-83.78366484554172,39.9722364306125],[-83.78369453755681,39.971970184250125],[-83.78372379658391,39.971707647512616],[-83.7837530942386,39.971445086359786],[-83.78378235416403,39.97118249528393],[-83.7838116509204,39.97091993211381],[-83.78384090994751,39.97065737137739],[-83.78386629543913,39.970391129879296],[-83.78386640952516,39.97039113745224],[-83.78386834000472,39.97039126343816],[-83.78460573737705,39.97043948230058],[-83.78460717647813,39.97042656427515],[-83.78460879883554,39.97041210619021],[-83.78463111747877,39.97017318625471],[-83.78473474443499,39.96924365893165],[-83.7847378076901,39.96921631056916],[-83.78474512267148,39.969150641821585],[-83.78478089268776,39.96886850266355],[-83.78481018495255,39.96860593955493],[-83.78483945565777,39.96834420848457],[-83.78486874522763,39.96808164611601],[-83.78486877307539,39.9680813872509],[-83.78489803569576,39.96781905588853],[-83.78489277605978,39.9678187357483],[-83.7841626936688,39.967774253451594],[-83.78416338986314,39.967766877139795],[-83.78418751052685,39.96751141006088],[-83.78420661320136,39.967380380419016],[-83.7841968826502,39.967379787639416],[-83.78401174705667,39.96736851174472],[-83.78366318365845,39.96734728802459],[-83.78331465259957,39.967326033316326],[-83.78296609099797,39.967304778601445],[-83.78261752759973,39.967283525256946],[-83.78226900103243,39.96726229600255],[-83.78192043583758,39.9672410378255],[-83.78192124342301,39.967233648375],[-83.78198143054705,39.966683022942995],[-83.78198154912468,39.96668302982786],[-83.78198497889242,39.96668323843883],[-83.7819850947751,39.96668324670063],[-83.78233010982795,39.96670425100028],[-83.78267863370031,39.9667255086558],[-83.78302719530191,39.96674676423928],[-83.78337575331024,39.96676799089978],[-83.78372427808091,39.966789243716065],[-83.78407284147914,39.9668104965258],[-83.78449966520661,39.96683649160369],[-83.78451469581793,39.9668374065983],[-83.78486920965662,39.96685882325204],[-83.78527540896347,39.96688375598217],[-83.78529002724808,39.96675264802705],[-83.78529642415123,39.96669158150055],[-83.78591058793793,39.96672688355964],[-83.78710303140902,39.966794810109086],[-83.7870960182616,39.966862894253765],[-83.78708977497037,39.9669225354681],[-83.78708889372307,39.96693096869183],[-83.78708804571345,39.96693908865494],[-83.78708740072307,39.966945264342726],[-83.78696370181015,39.968126104804675],[-83.78740971355207,39.96815389491276],[-83.78753643439762,39.96696264370281],[-83.78754594575986,39.9668838695819],[-83.78754606164253,39.96688387508975],[-83.78754949769849,39.966884055472285],[-83.78757682175448,39.966885492336424],[-83.78799019141393,39.96690722774271],[-83.78843477034299,39.96693430920927],[-83.7888793465771,39.9669614058117],[-83.78932393089605,39.966988480371974],[-83.78976851252006,39.967015550790656],[-83.789849359099,39.967020469303996],[-83.78992522002811,39.96702508350808],[-83.78993215592043,39.9669566752498],[-83.78993354291921,39.96694298821978],[-83.78993365790357,39.96694299510457],[-83.78994360764366,39.966943600969124],[-83.78994264734462,39.966947857856084],[-83.79114068911655,39.96702507662325],[-83.79258267289545,39.96710856529816],[-83.79307347733241,39.96713843571953],[-83.79410316583693,39.96720107158097],[-83.79411732867571,39.96720193355773],[-83.79410946123045,39.96727668865977],[-83.7941086886793,39.96728403404294],[-83.79409682193439,39.96736351821231],[-83.79466900026135,39.96739810321897],[-83.79467325019097,39.967318414611626],[-83.79504676339789,39.96734023662853],[-83.79506095947434,39.96734106624506],[-83.79505227186723,39.9674205606753],[-83.79492706198798,39.96856490836283],[-83.7949262588941,39.96857225085371],[-83.79512559954723,39.96858507559818],[-83.79513979472534,39.968585988504],[-83.79502831200196,39.96956556177442],[-83.79502747746704,39.96957289245403],[-83.79503176512591,39.969573169901814],[-83.79615185738568,39.96964555825551],[-83.79625971181363,39.96865804606284],[-83.79638633384452,39.967498733825956],[-83.79639505289266,39.967419075628975],[-83.79640280984515,39.967307012026716],[-83.7964029257278,39.96730701822302],[-83.79643737162739,39.96730903821977],[-83.79672195162118,39.96732571661613],[-83.79700653251331,39.967342395008494],[-83.79729118077907,39.967359070642765],[-83.79757576256951,39.96737574420761],[-83.7978603775976,39.96739242189921],[-83.79814499082907,39.96740909545592],[-83.79842957172117,39.967425768320055],[-83.79871422268188,39.967442439114734],[-83.79899880357402,39.967459112659185],[-83.79928341680548,39.967475783445714],[-83.79946805473234,39.96748658633902],[-83.79985939949766,39.96750951468436],[-83.80005693184211,39.967521081781435],[-83.8003437621157,39.9675378916251],[-83.80063037948858,39.967554672548594],[-83.80090526666046,39.967570771188164],[-83.80091495948237,39.967571339869444],[-83.80091943488914,39.96757159047473],[-83.80091718999923,39.967591516348136],[-83.80091635636263,39.967598911956195],[-83.80119666307064,39.96761532797263],[-83.8015027810717,39.96763326689295],[-83.80150789158735,39.9676335656913],[-83.80150965587858,39.967637118224864],[-83.80154720276249,39.9677126969552],[-83.80155101251762,39.96772036518615],[-83.8015531630844,39.967720491177],[-83.80169328769232,39.96772866956668],[-83.8017346164836,39.967731105389646],[-83.80208661953104,39.967751659105105],[-83.8023936601019,39.96776957389306],[-83.80267258160771,39.96502821937926],[-83.80267294362878,39.96502472316726],[-83.80266772801022,39.9650245028467],[-83.80253057682592,39.965018697399415],[-83.80192904155547,39.96499329305363],[-83.80192892567281,39.96499328823413],[-83.80192465148869,39.96499310784656],[-83.80192543122635,39.964985559109095],[-83.80195237888825,39.96472487378645],[-83.80198125613137,39.96444567074851],[-83.80201203780288,39.96419137825011],[-83.80200756059952,39.964191125566856],[-83.80200234767592,39.96419090524362],[-83.80040129292145,39.96412324462617],[-83.80040117614045,39.964123241183614],[-83.80039836441362,39.96412312138275],[-83.80039597848823,39.964115438289575],[-83.8001246863741,39.96324152298019],[-83.80007098508642,39.963030927188164],[-83.7999726590887,39.962645331825456],[-83.79991837479439,39.96241251677628],[-83.79990438622879,39.96234479862805],[-83.79988973201155,39.962273859471956],[-83.79980751190855,39.96176175892943],[-83.80298659939338,39.96189603613508],[-83.8029962931136,39.96189644581239],[-83.803000770317,39.9618966964385],[-83.80297731440662,39.962121834058074],[-83.80297653377062,39.962129322521],[-83.8031148339002,39.9621351626402],[-83.80457170276335,39.96219667320746],[-83.80458139917855,39.962197082882916],[-83.80458103805579,39.9622005813051],[-83.80457083229585,39.962299302008766],[-83.80456355324709,39.9623695581182],[-83.80455307170436,39.96247081304768],[-83.80450418628492,39.96294359983909],[-83.80449493184085,39.96303301340939],[-83.80449428056227,39.96303930649871],[-83.80449849905085,39.96304003977439],[-83.80457199112256,39.9630528290651],[-83.80507320164375,39.96314007916035],[-83.80522536726973,39.9631665810079],[-83.80576906810387,39.96326117746193],[-83.80591059767688,39.96328581888339],[-83.80592130469675,39.9632876827051],[-83.8059204674669,39.96329053317488],[-83.80572658497746,39.9639503854936],[-83.80572483236435,39.96395635076656],[-83.8057295664859,39.96395723550516],[-83.80637056923834,39.96407690920647],[-83.80708688135431,39.964210597320466],[-83.80742355015985,39.96428094372616],[-83.80745938215992,39.96428842851006],[-83.8074687201473,39.964290379056635],[-83.80746852251794,39.96429319712464],[-83.8074334855269,39.964793848851365],[-83.8073948696478,39.965344985218294],[-83.80735625287035,39.96589612265026],[-83.80731763429631,39.96644725908155],[-83.8072820286717,39.96695558813621],[-83.80727901482392,39.966998393135206],[-83.80720583446761,39.96804223664781],[-83.80720531434305,39.96804964459964],[-83.80720946905124,39.96804988694154],[-83.80768561208446,39.96807773353522],[-83.80772195253095,39.96808052528523],[-83.80773116924576,39.9680812330334],[-83.80773103180353,39.968084601033475],[-83.80770746360372,39.96865877858984],[-83.80769752733838,39.96890040534639],[-83.8067327052822,39.96913021038422],[-83.80661002865205,39.96910909185709],[-83.80597420199227,39.969649275225265],[-83.80519097526908,39.969817910055355],[-83.80490624525663,39.969879224385956],[-83.80409809836915,39.97001298721],[-83.80398262353265,39.97001073046575],[-83.80390220634841,39.970001766825774],[-83.80384404402702,39.96998333559545],[-83.80384392994098,39.96998329841904],[-83.80383985608117,39.96998200826028],[-83.8038403106287,39.969975284839116],[-83.80389432453012,39.96917701948179],[-83.80388987337787,39.969169487729324],[-83.80371724053644,39.9688773852135],[-83.80371721538363,39.96887734459421],[-83.80371467045643,39.96887303756963],[-83.803677347253,39.96889017272375],[-83.80366652704541,39.96889513929461],[-83.8034177574921,39.969009335213045],[-83.80342255539402,39.96901976265248],[-83.80347835155295,39.969973504502434],[-83.80348956612096,39.97016520505419],[-83.80330366336618,39.97020523496849],[-83.80352536578167,39.97075850250435],[-83.80316693977993,39.97072454224003],[-83.8036992230268,39.97184060955296],[-83.80370311632524,39.97184424379142],[-83.80385877280442,39.97198956084976],[-83.80385879256735,39.9719896007788],[-83.80433678613004,39.97295898481997],[-83.80450127125182,39.97329253610712],[-83.8047421041896,39.973780934253845],[-83.80478884982205,39.97386349013906],[-83.80493791626029,39.973870648943056],[-83.80507705272139,39.97387975939598],[-83.80508075467867,39.97387997624593],[-83.80678255639057,39.97397958465729],[-83.80771901234502,39.97403438495184],[-83.80843008279132,39.974081227865135],[-83.80831348506071,39.97532852005902],[-83.80760240652958,39.97528178263716],[-83.8075112257316,39.97527579976576],[-83.8074351716647,39.9752707971734],[-83.80743376490297,39.975270704239556],[-83.80730491415187,39.97527856299743],[-83.80665356280736,39.97531724478712],[-83.80581081281512,39.97536865089742],[-83.80581155931513,39.97537016606053],[-83.80580349064725,39.97536909697907],[-83.8058036056316,39.975369090095086],[-83.80580698329706,39.975368884264206],[-83.80580709917975,39.97536887738022],[-83.80581081281512,39.97536865089742],[-83.80552871037489,39.97479662382746],[-83.8051200883117,39.97396802760247],[-83.8050768479055,39.97388034385827],[-83.80478884982205,39.97386349013906],[-83.80478437441529,39.973863234049546],[-83.80399472114458,39.97381700505143],[-83.80417256690959,39.974129141224026],[-83.80412098115437,39.97464926060245],[-83.80411954474825,39.9746637301824],[-83.80411706899132,39.97468870274683],[-83.80431419350063,39.97505957206625],[-83.80450752622114,39.97542330069601],[-83.80451337066037,39.975441559736986],[-83.80465491909803,39.975880306007205],[-83.8048203752986,39.97623651857003],[-83.80509333827916,39.97682417089667],[-83.80513541177382,39.97689030725573],[-83.8051406660199,39.976898566465756],[-83.80624522012022,39.9768084151861],[-83.80624985452877,39.97680803657539],[-83.80625182633081,39.97681187431112],[-83.80665931292347,39.977604895949376],[-83.8070628882514,39.978390286784276],[-83.80728822075895,39.97882880141928],[-83.80766838419392,39.97972157935478],[-83.807762827673,39.9799752785434],[-83.80785309349184,39.98023316552915],[-83.80793781539293,39.98049292660196],[-83.80801695451021,39.980754442596854],[-83.80809047453876,39.98101759354379],[-83.80815834175137,39.98128225872269],[-83.80822052501406,39.98154831671883],[-83.80827699580037,39.981815645478534],[-83.80832772820443,39.98208412236515],[-83.80837269895281,39.98235362421535],[-83.80841188741525,39.98262402739559],[-83.80841231052175,39.98262719506496],[-83.8085948904083,39.982635649754044],[-83.80876949954333,39.982643723798745],[-83.80915071131226,39.98266133113248],[-83.80983623277353,39.98269649278542],[-83.81019589755206,39.982713124751],[-83.81187912749377,39.98279110695405],[-83.81188423172121,39.98279134304879],[-83.81188414368631,39.98279219656908],[-83.8118842478909,39.982792201387355],[-83.81203326851507,39.982798851273806],[-83.81280401224905,39.98284270774397],[-83.81364184486341,39.98289037680068],[-83.81399354158533,39.982910380806814],[-83.81430204910505,39.982927956409064],[-83.8147518876701,39.98295352892289],[-83.81498088350736,39.98296655058203],[-83.81498489987501,39.98296677910459],[-83.81713390898649,39.983089023439156],[-83.8201139082448,39.98323726603182],[-83.82047444079589,39.983255199475444],[-83.82066887664756,39.98326487172147],[-83.82086517560512,39.98327463344748],[-83.82099899044647,39.983281281910365],[-83.82100334907223,39.98328150148374],[-83.82092506718344,39.98311925512772],[-83.82087896204979,39.98302376586985],[-83.82082761614478,39.982900470351254],[-83.82070370433114,39.982643328700576],[-83.82061201688333,39.9824235167936],[-83.8205429840487,39.98228963302149],[-83.82046131101968,39.9820428030149],[-83.82030899447673,39.981580953802215],[-83.82020108704819,39.981059683272704],[-83.8202073644754,39.98060892559908],[-83.82020735998383,39.980608677794955],[-83.82121334733789,39.98066442957236],[-83.82448618480242,39.98084572062354],[-83.82509491108671,39.980879453524324],[-83.8278797549428,39.981033625458316],[-83.82791934010412,39.98088841229604],[-83.82795085929249,39.98077112629044],[-83.8280163518666,39.980663176097416],[-83.82810769975121,39.980584201625504],[-83.82823286651131,39.9805080823209],[-83.82834626713785,39.98047755899492],[-83.82857731113398,39.980419733076374],[-83.82877509500669,39.980388255661936],[-83.82910353075268,39.98034555128668],[-83.82934484878072,39.98032879071212],[-83.82960562791106,39.980017907431474],[-83.8300493354743,39.979287704476],[-83.83014212605326,39.9791444659488],[-83.83030278614856,39.97868223575424],[-83.83059250899736,39.978073995795675],[-83.83054777828609,39.97807134556979],[-83.83013998716456,39.97801902733594],[-83.82901352225615,39.97784765856105],[-83.82905294841567,39.977741723437994],[-83.8293524359516,39.97693700433978],[-83.82920822131422,39.976595959868234],[-83.82835148724796,39.97456985305701],[-83.82889509016573,39.971565736924276],[-83.82917866224979,39.96999851458005],[-83.82928659393285,39.969402001632126],[-83.83250741175591,39.96960299036591],[-83.83250752674024,39.96960299725042],[-83.83261925470372,39.96960996235616],[-83.83544605437518,39.96976210261407],[-83.83575487091534,39.96658857993647],[-83.83593492833258,39.9665973409207],[-83.83597375531579,39.96623610860257],[-83.8329886158974,39.96606426895984],[-83.83185531660632,39.964588754874335],[-83.83037922379609,39.96266682346468],[-83.83037920582977,39.96266679867775],[-83.83035257167991,39.9626321183266],[-83.83027069114007,39.96268736837481],[-83.82804404782513,39.96423450031733],[-83.82803568810309,39.964237027836546],[-83.82803560186483,39.964237087736876],[-83.82802357791475,39.96424544073626],[-83.82801074997248,39.96425435486985],[-83.8280105155122,39.96425451735813],[-83.82800561610063,39.96426120347392],[-83.82584068974064,39.96576534396678],[-83.82429081649947,39.968165892883114],[-83.82440171082636,39.96909699078316],[-83.82308538428772,39.969014758913794],[-83.82308587836111,39.96900739099733],[-83.82318634234922,39.96750928748703],[-83.82317690914044,39.96750891020179],[-83.82090300994996,39.9674178714815],[-83.81914594298345,39.96734749525656],[-83.8191414675767,39.96734724465044],[-83.81914676584024,39.96733992887862],[-83.8200175064384,39.966137613900216],[-83.82074762476198,39.96527199675868],[-83.8213817904368,39.96458519805137],[-83.82140373268595,39.96456143494388],[-83.82142076294711,39.96454299054215],[-83.8214212444441,39.96454246865411],[-83.82142128396997,39.96454242596669],[-83.82167548294086,39.96426712465512],[-83.82353250275408,39.96221558093435],[-83.82402022866454,39.961676749635465],[-83.82402052870185,39.96167642051552],[-83.82648706441849,39.95898943504121],[-83.82688226295637,39.958558894108855],[-83.82726205179388,39.95814513369886],[-83.82826952136817,39.95707034088137],[-83.8282695986233,39.95707026100591],[-83.82848374980051,39.956844580675515],[-83.83032963319913,39.95490334074121],[-83.83032974548856,39.954903347627265],[-83.83033215477013,39.95490348947962],[-83.83041833464694,39.95480913900133],[-83.83453353672641,39.950303407671385],[-83.83451752425647,39.95030321829266],[-83.83334368669155,39.950289326154454],[-83.83302029857917,39.95028549657081],[-83.83301547282946,39.950285440790175],[-83.83297786306346,39.95028498972431],[-83.83298492741486,39.950277227947424],[-83.83326381298808,39.94997085914855],[-83.83389134190958,39.949305194617395],[-83.83445768478045,39.94870444281631],[-83.83461621047863,39.94853626759048],[-83.83516202864189,39.94794403481833],[-83.83710075202683,39.94584025975385],[-83.83862303261573,39.94418827482017],[-83.83861201657541,39.94418757164564],[-83.83681707034832,39.94407305189928],[-83.83681783211968,39.94406569162589],[-83.83683688898012,39.943881466899974],[-83.83698968881669,39.9424052709858],[-83.83967846593798,39.94304780991206],[-83.84021045453746,39.94247045576038],[-83.84061103667882,39.94203566260051],[-83.84069485039316,39.941944709805426],[-83.84076011210024,39.9418738700169],[-83.84082537201068,39.94180303222122],[-83.84175275228581,39.940791513917056],[-83.84222380097303,39.94027760777753],[-83.84333769395904,39.939071508849246],[-83.84441627057797,39.93790360741136],[-83.8449991397551,39.93727246634531],[-83.8453452372779,39.936892862138855],[-83.84537723077672,39.936857758890774],[-83.84643752128973,39.935697904083284],[-83.84660257684172,39.935814394716026],[-83.84661241878398,39.93582134053313],[-83.84546050550189,39.93708135685058],[-83.84545631665772,39.93708593932443],[-83.84634620664279,39.937314366269604],[-83.84677881282575,39.93698369904527],[-83.84724477884508,39.93652676159675],[-83.84725461000754,39.93651712199836],[-83.84730438745407,39.93661009051315],[-83.84754286680581,39.93762149085691],[-83.84736554296198,39.93757597365801],[-83.84491394173695,39.940148231301364],[-83.84454404963893,39.940506364310785],[-83.84427797314333,39.940947096587536],[-83.84419197292962,39.94113777859741],[-83.84418970109026,39.941142817435704],[-83.84479517098166,39.94130024857612],[-83.84551388788765,39.94148712776392],[-83.8458037014663,39.94170200152374],[-83.84581185098254,39.9417080424322],[-83.84587094665352,39.94185323276211],[-83.84591951945924,39.94197256978523],[-83.84559583759776,39.94279075456858],[-83.84562724180176,39.94291874584479],[-83.84543779968476,39.94287661931794],[-83.84540810766968,39.94295425990686],[-83.84537692445122,39.943033082945384],[-83.84477863030232,39.94289536709259],[-83.84458761254031,39.94339598952285],[-83.84458506312154,39.94340266872474],[-83.8450610507462,39.943455418418274],[-83.84511202205371,39.943461065224774],[-83.8454536405765,39.94349891858217],[-83.8455434487487,39.94327192209323],[-83.84561614850632,39.943088158051616],[-83.84636288027278,39.943260020996796],[-83.84662460622744,39.943320274408535],[-83.84677987104114,39.94335599418945],[-83.84678999146114,39.943358322751585],[-83.84677321632151,39.943437336788534],[-83.84677194790035,39.94344331004935],[-83.84863325716903,39.94380423095047],[-83.84889273014896,39.94385456638865],[-83.8489584302339,39.94368543018869],[-83.84930995178435,39.943766321975986],[-83.84931578005391,39.9437676629057],[-83.84936214749561,39.94377833249016],[-83.84955157164632,39.94334962077474],[-83.84960699051284,39.94274782008727],[-83.84962632944426,39.94269839915253],[-83.84980718995537,39.94223624002266],[-83.85005887364345,39.94198437399414],[-83.85035686009456,39.94188075254415],[-83.85068640975149,39.941916601181205],[-83.8515637421872,39.94206792010308],[-83.85194113611615,39.941997711322074],[-83.85218010055816,39.941953254929594],[-83.85306826487955,39.941959127076046],[-83.85307730372794,39.9419591863072],[-83.85307037053059,39.94245663021573],[-83.85307026452938,39.94246430127899],[-83.8537589265009,39.9424688455123],[-83.85376407384749,39.94210097583148],[-83.85376599354726,39.94196373264026],[-83.85376611122656,39.941963733329004],[-83.85440703941883,39.94196797524139],[-83.85464001030125,39.941969519382795],[-83.85526701281,39.941973662117164],[-83.85526708198027,39.941973662117164],[-83.85549022080191,39.94197513669633],[-83.85551501789702,39.94197656444159],[-83.85558572159809,39.94198063485844],[-83.85566831360363,39.94198538367783],[-83.85568197787741,39.941986168834305],[-83.85558393125572,39.942134484041006],[-83.85542469948172,39.94237529333803],[-83.85519036765164,39.942729669397906],[-83.85518736727859,39.9427342060376],[-83.85525955679314,39.94275485748996],[-83.8552714855218,39.94275827081594],[-83.85519006222445,39.94288140870988],[-83.8551012628603,39.943015700258286],[-83.85502774383914,39.94312686769712],[-83.8550266487928,39.94312856884108],[-83.8550255851875,39.94313028100455],[-83.85502456470134,39.94313200831986],[-83.85502358194441,39.94313374734344],[-83.85502263781505,39.94313550289624],[-83.85502251294923,39.94313573912799],[-83.85502249049136,39.94313577976257],[-83.85502173231326,39.94313726671374],[-83.85502086633733,39.943139042239416],[-83.85502004168389,39.943140831539516],[-83.85501925745464,39.943142631170375],[-83.85501851275127,39.94314443975456],[-83.85501832230842,39.9431449370119],[-83.85501825673141,39.94314510092777],[-83.85501780847208,39.943146258669564],[-83.85501714551542,39.94314808653789],[-83.85501652477954,39.94314992404829],[-83.85501594536619,39.94315176637968],[-83.855015406377,39.943153619041865],[-83.85501519437462,39.94315440900601],[-83.8550151458656,39.94315459289476],[-83.85501490871036,39.9431554779025],[-83.85501445326452,39.94315734296159],[-83.85501404363274,39.94315921215292],[-83.8550136708319,39.94316108892017],[-83.85501334115018,39.94316296981966],[-83.85501317496185,39.943164067642364],[-83.85501314621577,39.943164243955174],[-83.85501305458762,39.943164852785316],[-83.85501281024585,39.94316674332687],[-83.8550126072266,39.94316863386832],[-83.85501244732647,39.943170526475924],[-83.85501233234211,39.94317242252705],[-83.85501227664658,39.943173842671406],[-83.85501227035836,39.94317391911949],[-83.85501225688364,39.943174318578166],[-83.8550122263409,39.94317621738405],[-83.8550122371207,39.943178114123796],[-83.85501228922298,39.94318001086343],[-83.85501238803766,39.943181908291756],[-83.85501251559845,39.9431836907035],[-83.85501252637822,39.94318380089899],[-83.85501270693958,39.94318569419486],[-83.8550129297218,39.9431875840471],[-83.85501319652143,39.94318947183311],[-83.85501350554188,39.943191352043144],[-83.85501385588483,39.94319323087566],[-83.85501389002081,39.94319340030116],[-83.85501389361409,39.94319342991618],[-83.85501424844863,39.943195105575775],[-83.85501468233491,39.94319697269993],[-83.85501515754368,39.94319883362559],[-83.85501567766823,39.94320069041879],[-83.85501623731867,39.94320253825857],[-83.85501637386258,39.94320295768998],[-83.85501639093056,39.94320302242981],[-83.85501683829158,39.94320437783371],[-83.8550174796887,39.94320621121025],[-83.85501816510325,39.943208033567224],[-83.85501888824706,39.94320984697071],[-83.85501965271337,39.9432116507321],[-83.85501995724223,39.94321232705653],[-83.8550200309041,39.94321249166095],[-83.85502045850217,39.94321344554006],[-83.85502130381686,39.94321522588484],[-83.8550221877591,39.943216997276195],[-83.85502311392216,39.94321875627047],[-83.8550240796111,39.94322050355649],[-83.85502461321036,39.94322142506561],[-83.85502470124527,39.94322158347153],[-83.8550250803343,39.94322223775676],[-83.85502612417666,39.9432239568051],[-83.85502720305333,39.943225662078945],[-83.85502832235419,39.943227352200935],[-83.85502947938426,39.94322902854842],[-83.85503031122423,39.94323018422261],[-83.8550303570383,39.94323025240604],[-83.85503067414358,39.94323068905529],[-83.85503190483553,39.943232333721504],[-83.85503317325671,39.94323395910352],[-83.85503447581387,39.94323557208852],[-83.85503581699858,39.943237163034375],[-83.85503701445286,39.94323853152331],[-83.85503704499558,39.94323857422402],[-83.85503719231929,39.943238738139655],[-83.85503860177597,39.943240293271955],[-83.85504004716526,39.94324183187489],[-83.85504152758884,39.943243349127435],[-83.85504261365203,39.943244424909814],[-83.8550430412501,39.94324484778453],[-83.85504458994565,39.943246324402494],[-83.85504466809908,39.94324639740693],[-83.85504616918392,39.94324778173622],[-83.85504778255817,39.943249216342146],[-83.85504942737344,39.94325062890896],[-83.85505110183314,39.94325202081413],[-83.8550528086322,39.943253391368906],[-83.8550531266358,39.9432536372423],[-83.85505317244987,39.943253676499396],[-83.85505454507563,39.94325473781838],[-83.85505631296012,39.943256060851375],[-83.85505810959069,39.94325735909039],[-83.85505993586565,39.94325863529028],[-83.8550617899884,39.94325988531873],[-83.85506239904616,39.94326028064456],[-83.85506257960755,39.94326040048197],[-83.85506367375555,39.943261110553244],[-83.8550655808789,39.943262312371246],[-83.85506751854497,39.94326348595164],[-83.85506947956723,39.94326463542676],[-83.85507146484402,39.943265758041775],[-83.855072427838,39.943266282847084],[-83.85507262097579,39.943266386843945],[-83.8550734806635,39.94326685448536],[-83.85507551534764,39.94326792406883],[-83.8550775769812,39.94326896541476],[-83.85507965927604,39.94326998058924],[-83.85508176402874,39.943270966837474],[-83.85508312228144,39.94327157911027],[-83.85508330643609,39.943271661756725],[-83.85508389393428,39.94327192484811],[-83.85508604180612,39.943272857376044],[-83.85508821123753,39.94327375753411],[-83.85509040043188,39.94327462876591],[-83.85509260849085,39.943275472448825],[-83.85509440871469,39.94327612948846],[-83.85509448507149,39.94327615979217],[-83.8550948381094,39.943276287205514],[-83.85509708210095,39.943277069592284],[-83.85509934405886,39.94327782305277],[-83.85510162308472,39.943278548275714],[-83.85510391828026,39.943279240440006],[-83.8551060356094,39.943279840315746],[-83.85510623593372,39.94327989747962],[-83.85611303626311,39.943561060936744],[-83.85611420137805,39.94356138463413],[-83.85641478396032,39.9436453248298],[-83.85640559625547,39.943642198077654],[-83.85639687757954,39.94363793484071],[-83.85638876785137,39.94363260353614],[-83.85638291973397,39.94362760526929],[-83.85637784145966,39.94362182649099],[-83.85637363615506,39.943615384553254],[-83.85637038921898,39.943608410275175],[-83.85636854364876,39.943601704564735],[-83.8563678021859,39.943594789153344],[-83.85636818419027,39.94358784460479],[-83.8563696796876,39.943581052243665],[-83.85637224962993,39.94357458942088],[-83.85658495990943,39.94313399115107],[-83.85688657465597,39.9432202487296],[-83.85717112410703,39.94330162936973],[-83.85745566906654,39.94338303264077],[-83.85779090505922,39.94347892370335],[-83.85796474882964,39.94319184723395],[-83.8581151914869,39.94294337117962],[-83.85831248847275,39.94261750610265],[-83.85846324643867,39.942368525878415],[-83.85858428094848,39.94216859900701],[-83.85859330093224,39.942153696224416],[-83.85859341681491,39.94215369897934],[-83.85859930078003,39.942143971327106],[-83.85860976525478,39.94212666624082],[-83.85920821032063,39.941137006517266],[-83.85920043899512,39.94113459729672],[-83.85840585666843,39.9408882261517],[-83.85774912890693,39.94124313129052],[-83.85749774345952,39.94163397910821],[-83.8563881237593,39.94119926741437],[-83.85622918842937,39.94113700238485],[-83.85615320802431,39.94125679384873],[-83.85615094876137,39.94126035877249],[-83.85630987331155,39.941322634020885],[-83.857407353179,39.94175268425401],[-83.85741856864531,39.94175707907886],[-83.857221196201,39.94206397021968],[-83.85722108211493,39.942063964709774],[-83.85713525078448,39.94219739763677],[-83.85675350811123,39.942047845601756],[-83.85675362399391,39.94204784904543],[-83.85599732696632,39.94175155334934],[-83.85587018750586,39.941701727406546],[-83.8558732938801,39.94169702746783],[-83.85589963428085,39.941656353424015],[-83.8558920255504,39.94165349516516],[-83.85581909851899,39.94162610339688],[-83.85582216446906,39.9416212739703],[-83.85592152802096,39.9414647217108],[-83.85643816081895,39.94065078028366],[-83.85672273542286,39.940202446412556],[-83.85675597668164,39.940148515756036],[-83.85679016925629,39.94008955647278],[-83.8568194094188,39.9400358647247],[-83.85684396935866,39.93998803698506],[-83.85687156380757,39.93993082148979],[-83.85689248646884,39.93988454750783],[-83.85692240665601,39.93981308432881],[-83.85695083384317,39.939737879061944],[-83.85697126602432,39.93967802472956],[-83.85700325682822,39.93957033267067],[-83.85702739006832,39.93947124717596],[-83.8570368574131,39.939425467412505],[-83.85713961929171,39.93888779827043],[-83.85728272989964,39.93809638144029],[-83.8574829553933,39.93688564573794],[-83.85749923915445,39.93688742280343],[-83.85750003775675,39.93688342991631],[-83.8578395641032,39.93693879099648],[-83.85792293045652,39.93695818441136],[-83.8580054299356,39.93697966552548],[-83.85808697091224,39.93700321367339],[-83.85816746804653,39.937028799923986],[-83.85824683510022,39.937056400856406],[-83.8583249876316,39.9370859854729],[-83.85840184299575,39.9371175207094],[-83.85847731405603,39.937150976256724],[-83.8588989482161,39.937356794462765],[-83.8593006254038,39.93753893667031],[-83.8595633826244,39.93764006305559],[-83.86043480234893,39.93796576655677],[-83.86100621980283,39.938160891879114],[-83.86157092953653,39.93833101359055],[-83.86176078308193,39.93838580526442],[-83.8618317212433,39.93840723702779],[-83.86190176378432,39.938430347315766],[-83.86197085051786,39.93845510926474],[-83.86203890957873,39.93848150152102],[-83.86210587628823,39.93850949997588],[-83.86217199678471,39.938539216896494],[-83.8622368892842,39.938570496619114],[-83.86230049180296,39.938603310213324],[-83.86236274325552,39.938637626682365],[-83.86242358075981,39.93867341227444],[-83.8624829486203,39.93871062979378],[-83.86254078754818,39.93874924893238],[-83.8628249983344,39.938957380711926],[-83.86310832877165,39.939166397606506],[-83.86338210832079,39.939368359582154],[-83.8634156684815,39.939392332561674],[-83.86345021139911,39.93941546731237],[-83.86348570114104,39.939437735595895],[-83.86352209997804,39.93945911743914],[-83.86355936928254,39.939479588047575],[-83.86359747491859,39.93949912813684],[-83.86363637376702,39.939517718422366],[-83.86367602360703,39.93953534030855],[-83.8637163938959,39.93955197244464],[-83.86376286823712,39.93956962669362],[-83.86381009177327,39.93958605426031],[-83.86385801779201,39.9396012344827],[-83.86390658430953,39.93961515427534],[-83.86395573832525,39.93962779297625],[-83.8640054232453,39.93963913887731],[-83.86405557978087,39.939649178892694],[-83.86407186354202,39.939480867073016],[-83.86406663444878,39.93947976299239],[-83.86403137826879,39.93947231888501],[-83.86399129633914,39.93946270931816],[-83.86395166626207,39.939452050769624],[-83.86391253205504,39.93944035425904],[-83.86387394222706,39.93942763493867],[-83.86383593989727,39.939413905205534],[-83.86379856908314,39.93939918365555],[-83.86376187559873,39.9393834847521],[-83.86372590076654,39.93936683260104],[-83.86369068680742,39.9393492409769],[-83.86365627504381,39.93933073054179],[-83.8636227076966,39.93931132677905],[-83.8635917158193,39.93929201461607],[-83.86356158093479,39.93927191519372],[-83.8635323362807,39.939251050551725],[-83.8631318942765,39.93895564364853],[-83.86292581176717,39.93880361461415],[-83.86275071394861,39.938674440603705],[-83.86268616999546,39.93862836413716],[-83.8626196982577,39.93858394550415],[-83.86255136880392,39.938541226034026],[-83.86248125709263,39.93850025532126],[-83.86240943678565,39.93846107400649],[-83.86233598693477,39.93842373030656],[-83.86226098569338,39.93838826072934],[-83.86218451211325,39.93835470316014],[-83.8621066515343,39.93832309341776],[-83.86202748390663,39.93829346800979],[-83.86183589571442,39.93823157089519],[-83.8614865876128,39.93813077599487],[-83.86117690060514,39.93803690243123],[-83.86087190819313,39.93793997540171],[-83.8605712106265,39.93783540213822],[-83.8602751286038,39.93772329487641],[-83.86014351912648,39.93767318773442],[-83.8596044068868,39.937472730559705],[-83.85934860981303,39.93737050807789],[-83.85912199181631,39.93726836465323],[-83.85889827717457,39.937162492697674],[-83.8587962923387,39.937110266449146],[-83.85869231414118,39.93706042541744],[-83.8585495341133,39.93699260984451],[-83.85849736355483,39.93696817936033],[-83.85844412759448,39.93694515261026],[-83.85838988731763,39.93692355783581],[-83.85833471009794,39.93690341914586],[-83.85827866330904,39.936884759960364],[-83.8582218089347,39.936867603699234],[-83.85812850272278,39.93683900257406],[-83.85803395324248,39.93681292652577],[-83.85793828176642,39.93678940655268],[-83.85784159878733,39.936768471586305],[-83.85750960661115,39.936713403102786],[-83.8575105444523,39.93670709106013],[-83.8576040366155,39.93607770571371],[-83.85759839250058,39.936077158123126],[-83.85676199449573,39.9359959025167],[-83.85676180674784,39.93598863091766],[-83.856752424743,39.93562567472184],[-83.85675092545479,39.93556769239058],[-83.85675138000232,39.93554988832869],[-83.85675427976408,39.93543628331638],[-83.85676733857335,39.93492458728472],[-83.8576284627064,39.934905348963504],[-83.85756342018824,39.93463401642248],[-83.85749982575435,39.93436866650205],[-83.85748840996371,39.934320972563754],[-83.85720884975571,39.93315457365639],[-83.85722604890013,39.933150611548506],[-83.85715108089641,39.93283778683975],[-83.8571278055474,39.93271878174378],[-83.85711664667494,39.93262389851188],[-83.85711267252813,39.932557211665895],[-83.85711177331454,39.93250595039683],[-83.85711488238373,39.93241359556519],[-83.85712214885606,39.932336490637056],[-83.8571371085005,39.932241007591536],[-83.85715972089282,39.932141947304025],[-83.8571930385084,39.93203344227206],[-83.85722144233937,39.93195855909641],[-83.857252965121,39.93188683001612],[-83.85760409051441,39.93113945469368],[-83.85788378726633,39.93054406795625],[-83.85792978460215,39.930446177635424],[-83.85797362598127,39.930352354149996],[-83.85802764617087,39.93022327991503],[-83.85806528647959,39.930117490745175],[-83.85810462280757,39.92998383242936],[-83.85812217049835,39.92991153986271],[-83.85814413071378,39.92980055554526],[-83.85816000574147,39.929690756571624],[-83.85816834210732,39.9296062089067],[-83.85817339692741,39.929518898123064],[-83.8581748072824,39.92942114410819],[-83.85817338255437,39.92935950555846],[-83.8581700102788,39.92929533469845],[-83.85816202425592,39.92920552157025],[-83.85814987633833,39.92911349569526],[-83.85813351622036,39.92902074432261],[-83.85810850981781,39.928910007930114],[-83.85808357078889,39.92881950887443],[-83.85804199585922,39.92869469928348],[-83.85794878307209,39.92841473675425],[-83.85794689930493,39.92841511907729],[-83.85580784262848,39.928850500960266],[-83.85576077899243,39.92886008032939],[-83.85507167504979,39.929021438697745],[-83.85466599496917,39.92914236801659],[-83.85443021505486,39.92921265818404],[-83.85438416022687,39.92922639685239],[-83.85391224736034,39.929367060294666],[-83.8532149741385,39.929617040514344],[-83.85325931947249,39.92816721142001],[-83.85307260553903,39.926993143005014],[-83.85306309956668,39.92693342908105],[-83.85297825728135,39.92639986127587],[-83.8520804693083,39.92600868533965],[-83.84868080050545,39.92621036718611],[-83.84792507121311,39.92620700125721],[-83.84781903228034,39.92621357880294],[-83.84736343641265,39.926241837166586],[-83.84736665238135,39.926179743840464],[-83.84737986839582,39.925924634642904],[-83.84738569397044,39.92581216617859],[-83.84644483896602,39.92596444658463],[-83.84645737405751,39.92581253267158],[-83.84649874057803,39.92530998977539],[-83.84650067105757,39.92528638524789],[-83.84653372367013,39.924884861095656],[-83.84655825755887,39.9245866386153],[-83.84656466254683,39.924508811849385],[-83.84685382574523,39.924402576390285],[-83.84726331198772,39.924252130528096],[-83.84886230241365,39.92366466362707],[-83.84883930015248,39.923614768024635],[-83.84890409653225,39.92359118082456],[-83.84886214251354,39.92350015529207],[-83.84900814928992,39.923304645090134],[-83.8466729400813,39.92319335795813],[-83.84667790776481,39.92313306615778],[-83.84700368270092,39.919174631681685],[-83.84704559180388,39.918665575473625],[-83.84707222954698,39.91834182155577],[-83.84828169788933,39.91872730908358],[-83.84756367358442,39.9192469100947],[-83.84769063248352,39.9203406301388],[-83.84829902728949,39.92090794082706],[-83.85002397948456,39.9219051331001],[-83.85016201640777,39.922052378508],[-83.85095318872962,39.922896392977854],[-83.85100249186567,39.92294898555761],[-83.85113570393747,39.9232101525178],[-83.85134415799915,39.923134297952956],[-83.85398139967091,39.92217447341134],[-83.85472289695421,39.92190461915399],[-83.85465993852752,39.92161789241482],[-83.85560014943985,39.921275673650904],[-83.85560773750906,39.921582561561294],[-83.85571418427698,39.922040185746795],[-83.85594401375084,39.92284717540804],[-83.8561791316068,39.923124358853386],[-83.85630211096918,39.92320450404031],[-83.85795103065693,39.924250404802976],[-83.85803210001805,39.92501733480669],[-83.85863829484988,39.92503789033651],[-83.86027761514052,39.92467251793866],[-83.86087407942118,39.924534253966364],[-83.86192751938182,39.92444498365326],[-83.86247732247168,39.92439837679051],[-83.86247743206614,39.92438790396858],[-83.86441405069837,39.924234229141796],[-83.86446445157569,39.92423022931635],[-83.86446789841145,39.92419354885278],[-83.86541731525881,39.92414917596461],[-83.86555794292329,39.92402686412988],[-83.86566235500709,39.92397940203908],[-83.86595530280776,39.92381994766352],[-83.86628861460908,39.92371570141856],[-83.86720536332282,39.92361890360303],[-83.86779156974127,39.923394911691766],[-83.86844869186318,39.922949197057676],[-83.86900486670335,39.922560814303715],[-83.86923995760984,39.92240456153059],[-83.86927967841675,39.92237021280987],[-83.86933108720383,39.92240556323599],[-83.86948678410718,39.92227132700563],[-83.8692773185425,39.92208226929606],[-83.86922125199068,39.92203166569366],[-83.86861050539531,39.92148042351126],[-83.86792200601884,39.92053087558376],[-83.86783266047898,39.920019126688196],[-83.86774977562266,39.91880630539745],[-83.8671795008258,39.91803385189929],[-83.86700102803673,39.91779209711177],[-83.86690998827426,39.917668776969386],[-83.86681252555752,39.91749497711109],[-83.8666110046932,39.91713560891764],[-83.86575848642057,39.91657188072691],[-83.86417738055363,39.91636512775996],[-83.86333796959931,39.9162553499563],[-83.86276972679161,39.916181032410265],[-83.86214090070284,39.916105259627834],[-83.86129789828402,39.91600367907307],[-83.86052863317698,39.91591097677243],[-83.85925005204996,39.91568523646175],[-83.85726874492728,39.9154327690654],[-83.85702217444978,39.91540134372494],[-83.85555591639528,39.91518144999619],[-83.85373775949788,39.91516278213344],[-83.85291455145634,39.91525138174641],[-83.85285673498635,39.91503594953233],[-83.85203870393579,39.91507899027945],[-83.85151260199639,39.914982346304974],[-83.85071814004395,39.914836379649415],[-83.8498053412225,39.914669917435354],[-83.84983106807394,39.91450214500812],[-83.84906462906677,39.9144549836141],[-83.84912766115534,39.91435915661604],[-83.84737573794213,39.914653271674005],[-83.84738316341627,39.91456298321357],[-83.8473905700258,39.91447302467013],[-83.84758044962234,39.91216550099994],[-83.84788978269381,39.91218261866494],[-83.84802304956284,39.91063600110771],[-83.84813920711896,39.90928829580711],[-83.84815102535484,39.90915129827938],[-83.84818507419905,39.90875607475612],[-83.84801183858808,39.90861961157099],[-83.8471293183816,39.908555040906265],[-83.8454161727443,39.90842967619459],[-83.84505298297661,39.90840309388212],[-83.84363543247511,39.90829934097223],[-83.84357609785229,39.90829499705772],[-83.84347625370174,39.90829196651568],[-83.84309551714159,39.90856758680506],[-83.8430474222396,39.908526953712666],[-83.84272823914105,39.908257293742665],[-83.84208473368221,39.907713557759],[-83.8423276704744,39.90750747264498],[-83.8423322087632,39.90727534302363],[-83.84234437734206,39.90664988846404],[-83.84109640900326,39.906592018031226],[-83.841189592146,39.90548448521723],[-83.83898128524261,39.90540391616763],[-83.8389544588533,39.90540293213018],[-83.8389493402528,39.9054481261704],[-83.83889127494945,39.905959533964555],[-83.83888280024307,39.90603403487523],[-83.8375637275546,39.90548313457921],[-83.83693912983586,39.90522226868411],[-83.8367808233266,39.90515614984535],[-83.8357677518582,39.90473303090426],[-83.83549865612494,39.90462064616132],[-83.83522955859506,39.90450823573691],[-83.83489330031959,39.9043677631046],[-83.8348037454723,39.90433037186358],[-83.83379138187634,39.90390752691511],[-83.83325571647242,39.90368376685261],[-83.83284647816495,39.90351284579929],[-83.8299789596583,39.90231501373475],[-83.8300107851722,39.90224744422073],[-83.82991601111308,39.90220717124255],[-83.82881102492313,39.901737754995764],[-83.82864045910519,39.90166528582042],[-83.828621439974,39.90165720841665],[-83.82908895738383,39.90087522838874],[-83.82920065570289,39.90068840234702],[-83.82924126224867,39.90055885387961],[-83.82926017268372,39.90049851527571],[-83.82926826560612,39.900472701735545],[-83.82927010355918,39.90046683361086],[-83.82935991801962,39.90031803806274],[-83.82947839682242,39.90012175460738],[-83.8296923279124,39.8997673274989],[-83.82969244469339,39.89976732612056],[-83.82976600054548,39.89977976060665],[-83.83003073495803,39.89982451660576],[-83.8300881220333,39.89972679738512],[-83.83094466296178,39.89995958522768],[-83.83104545932655,39.89998696817004],[-83.83119845769079,39.89965008637266],[-83.8310976595294,39.899622704673966],[-83.83042440725825,39.89943972280787],[-83.83045098211929,39.899394843886526],[-83.83057289697807,39.8991889639307],[-83.83140306516644,39.89778699222556],[-83.832177246753,39.89647951728674],[-83.83224609183976,39.896363242297305],[-83.8321527550851,39.896356309707066],[-83.83207054486357,39.896350204836736],[-83.83197720900723,39.896343272934324],[-83.83184581422725,39.89633351327222],[-83.83165781300796,39.89631954953031],[-83.83171123581789,39.89623101916137],[-83.83174733012603,39.896172651289476],[-83.83063128028503,39.89608547017571],[-83.83054488930415,39.89607870916701],[-83.83047395832932,39.896073172169245],[-83.82946418188138,39.89599427369248],[-83.82946980084347,39.89593954733611],[-83.8294726170619,39.89591216691165],[-83.82963208599112,39.89436214123067],[-83.82971985408932,39.893508991003],[-83.82378543060884,39.89285181657171],[-83.82143500843088,39.89259143122787],[-83.8213378205986,39.892580664754504],[-83.82063919631057,39.89250062640362],[-83.81922679495229,39.892338843569256],[-83.8192929055673,39.89177316823004],[-83.8185652540175,39.891722698692185],[-83.81858276577564,39.89157284547236],[-83.81644997125504,39.89144968627917],[-83.81567470360527,39.89140490895809],[-83.81291804798447,39.891245636521965],[-83.8122438300244,39.89120667767087],[-83.81228905930062,39.890768483496956],[-83.81235083284946,39.89017017759019],[-83.81237849646864,39.889902262258055],[-83.81236763763347,39.88975357748844],[-83.81236408120327,39.88970488475367],[-83.81231924538913,39.88909097009996],[-83.81233624959913,39.88892679090606],[-83.81314915306605,39.8889766876538],[-83.81317557162022,39.888726165512054],[-83.81319343372134,39.888556685638],[-83.81328159797658,39.88856227976326],[-83.81331832919024,39.8881820539707],[-83.81513397978799,39.888306412167715],[-83.81685103309678,39.88842396908688],[-83.81893402232308,39.888566542905494],[-83.81901022461201,39.88791453064951],[-83.81694081431954,39.887746576212095],[-83.81667991212001,39.887734937039156],[-83.81640494679469,39.88772266372704],[-83.81678657628021,39.88411366390747],[-83.8127104877465,39.88391608017434],[-83.8126037948402,39.88391090615388],[-83.81272888883679,39.882696784512476],[-83.81274674914127,39.8825234536012],[-83.81264535899008,39.88246657611228],[-83.81187841872301,39.882036210706055],[-83.8109241213287,39.881780382173446],[-83.81104517649976,39.880605930135616],[-83.81110256357505,39.88004912237593],[-83.80667837068223,39.879776319225726],[-83.8034251632033,39.87957560983732],[-83.80342516410161,39.8795756374118],[-83.80315541978472,39.88210642858547],[-83.80297548723331,39.88379400668901],[-83.80295583928142,39.8839855606272],[-83.80294179502027,39.88412241339393],[-83.80291934701964,39.88434137077299],[-83.80343181612629,39.88437710202524],[-83.8035027929152,39.884382051294395],[-83.8035737741957,39.884387001252456],[-83.80408841363207,39.88442289791604],[-83.80453013591853,39.88445397075205],[-83.80495071276151,39.88448355810621],[-83.80512815877621,39.88449605119947],[-83.80574403205691,39.884539406158304],[-83.80574506422117,39.88453946681773],[-83.80645473329562,39.88458096129813],[-83.80682234546946,39.88460244919363],[-83.80717769384302,39.88462322433497],[-83.80789356937777,39.88466506893438],[-83.80856169586191,39.88470414799661],[-83.80845835546826,39.88575422238218],[-83.81224130396181,39.88602027697061],[-83.812383255743,39.886030272462115],[-83.81246881488394,39.88522062534543],[-83.81257556887567,39.88522538775212],[-83.81335853418909,39.88526038236655],[-83.81332451319265,39.885581903511856],[-83.81329052453556,39.885903400402476],[-83.81325777196031,39.88621299304368],[-83.81402604622558,39.88625080912549],[-83.81400302869305,39.886468155035026],[-83.81397929340662,39.886692537906775],[-83.8139555886629,39.886916891783265],[-83.81393185157984,39.88714124630415],[-83.81390811090351,39.88736562490504],[-83.81388225469468,39.88760996503487],[-83.81327747111617,39.887582947980455],[-83.81293397511445,39.887567590107786],[-83.81233071957024,39.88754062335419],[-83.812230229531,39.887537871742516],[-83.81218348389855,39.888038928620524],[-83.81235971359435,39.88804958414449],[-83.81289909892187,39.888082202072276],[-83.81292198350374,39.888539400780644],[-83.81237736189642,39.88850475730069],[-83.8121415685074,39.88848974427052],[-83.81209582629313,39.888980164316614],[-83.81195563700652,39.89048338883453],[-83.81186351207917,39.89137490346355],[-83.81248114965109,39.89146459665329],[-83.81335738165059,39.891591836814214],[-83.81387741996183,39.89165909564909],[-83.81367431357103,39.89295063250667],[-83.81367101495731,39.892983587201904],[-83.81364912750541,39.893202430816324],[-83.81362736491934,39.89342022887096],[-83.81360545321293,39.89363951081369],[-83.8135834750312,39.893859093932356],[-83.81356029939518,39.89409091061484],[-83.81348454356895,39.894848803743386],[-83.81319293425805,39.89482204661662],[-83.81291180109999,39.894800935475345],[-83.81262691927225,39.894779544508886],[-83.8123475611852,39.89475856637182],[-83.81221291360558,39.89474845498742],[-83.81225395224102,39.89433170351555],[-83.81178820361399,39.89432957108992],[-83.81171809190268,39.894325579856144],[-83.81168976083525,39.89459992477479],[-83.81133279729079,39.894609683305376],[-83.81136574300383,39.894322960156565],[-83.81136774984019,39.894295151773825],[-83.81141796656287,39.893603163401295],[-83.81132096198694,39.893503790826905],[-83.81121426638569,39.893497412770785],[-83.8112457532347,39.89318762765007],[-83.8091348928784,39.89234222287967],[-83.80804309485514,39.892023607555686],[-83.80767134773605,39.89198135459485],[-83.80749701258718,39.89196155626437],[-83.80686304184677,39.89188955646003],[-83.80610186966213,39.89183632040548],[-83.80576782303888,39.89181297176562],[-83.80456914705637,39.89151827342185],[-83.8045167986315,39.89065042537797],[-83.80308813776658,39.89053552175917],[-83.80229946006627,39.890512329136364],[-83.80231628730816,39.890337729769136],[-83.80227368111254,39.89033459780185],[-83.80221689590849,39.890330423683274],[-83.80136471270747,39.8902769334616],[-83.80144181061672,39.88947114535995],[-83.80157262598334,39.88810276799791],[-83.80132646513763,39.88808974344082],[-83.8003833517686,39.88803989153975],[-83.799433315982,39.88798922970201],[-83.79844408759786,39.88792211063604],[-83.79784901929915,39.88788852006089],[-83.79768722014006,39.88787525214797],[-83.79745171151697,39.887861882219276],[-83.79727106839817,39.89031069724757],[-83.79716423086312,39.89030757148238],[-83.79701673917157,39.89030327329646],[-83.7959346806826,39.890326607976256],[-83.79497471222389,39.89029855949031],[-83.79489622821414,39.891003537685116],[-83.79459521444053,39.89369585040204],[-83.79538457755542,39.89374284757976],[-83.79552689584926,39.89223341561737],[-83.79712097967713,39.89232670479263],[-83.79724508193364,39.891096411540566],[-83.79755624487332,39.89111749142835],[-83.7980332332212,39.89114979635753],[-83.79794044623551,39.892069742267374],[-83.79820723779005,39.89208562226138],[-83.79812462602158,39.89290486367844],[-83.79811631480857,39.892986987846555],[-83.79805459605699,39.893598928141124],[-83.79802425905152,39.893899635097846],[-83.79837953645819,39.89392088780627],[-83.79856248375567,39.892106754226816],[-83.79891776655224,39.89212791099823],[-83.7993829402575,39.89215556035769],[-83.79931030517855,39.89326047176873],[-83.7999501257481,39.8932985403541],[-83.79990502493094,39.8939843440151],[-83.79990336843755,39.89400967548014],[-83.80018809665339,39.89401927281814],[-83.80025528434844,39.89331679168114],[-83.80064971572507,39.893340254908956],[-83.80075519141415,39.892237200891934],[-83.80075530729682,39.89223720295967],[-83.80211179032531,39.89231787984831],[-83.80203977418559,39.892970967459135],[-83.80199359449179,39.89338963497324],[-83.8019097116072,39.89415035612426],[-83.801904710686,39.894195465231626],[-83.80189974749406,39.89424062806803],[-83.80539605256361,39.89444551664023],[-83.80518311411203,39.89668824346492],[-83.80500114238491,39.898604593497936],[-83.8049122909185,39.89859954188005],[-83.80397602900013,39.89854634618494],[-83.8039545035693,39.898772814916676],[-83.8034920832004,39.898746576887646],[-83.8033030300539,39.89873582929957],[-83.80303172895663,39.89872042430555],[-83.80245280068861,39.89868756678487],[-83.80253985103292,39.89778382820728],[-83.80255570539936,39.89761960918663],[-83.80321669387025,39.89765712469619],[-83.80361127526554,39.89767953337189],[-83.80400582162653,39.8977019137839],[-83.80402624302788,39.89748698874941],[-83.80403645417772,39.89737952666854],[-83.80404666622587,39.89727206441921],[-83.80406705259293,39.897057111158354],[-83.80408747309598,39.89684218548006],[-83.80410789449732,39.89662723500604],[-83.80371335622117,39.89660482736465],[-83.80331877931745,39.89658244590516],[-83.80265922904933,39.896544997347966],[-83.80168310528856,39.89648959326697],[-83.80168313583128,39.89648926865778],[-83.80179076837537,39.895374575753955],[-83.80179026262387,39.895374545429036],[-83.80179029586152,39.89537422219294],[-83.80188912671247,39.89435027918679],[-83.80188964504039,39.89435016270977],[-83.80189287089055,39.894316758615254],[-83.80189974749406,39.89424062806803],[-83.80136721361723,39.89420895591598],[-83.80076399580224,39.89417306920103],[-83.8007552533979,39.894263705019874],[-83.79961533082823,39.89422528340363],[-83.79961632885652,39.89421494105373],[-83.79962160735712,39.894160179505015],[-83.79619300112401,39.89395618054824],[-83.7961893737269,39.89399380695941],[-83.79602022545046,39.89398009361572],[-83.79583435862831,39.89396943281066],[-83.7957638004543,39.89470108494775],[-83.79537295694892,39.89467726241828],[-83.79505319174206,39.89465776122681],[-83.79512351994735,39.893928662177125],[-83.79154848023809,39.89372354117144],[-83.7915412757495,39.89434203688806],[-83.79118052041623,39.89431850301418],[-83.79119325673034,39.893703153372314],[-83.79111143997089,39.89369845703045],[-83.79111139236018,39.89370276258487],[-83.79110838480062,39.89397319938048],[-83.79110521734093,39.894257585489655],[-83.79109877821695,39.8945559269416],[-83.79109716933428,39.89484367258973],[-83.79110266343058,39.89513191532517],[-83.79012525597726,39.8950632773512],[-83.79001829357638,39.895055778791395],[-83.79002013781765,39.89522054429169],[-83.7901274622396,39.89522828474412],[-83.79111029911049,39.89529930650768],[-83.79111878998656,39.895585869123444],[-83.79114352689453,39.89587003006549],[-83.79117021673994,39.89616141810465],[-83.79119736921773,39.896447088058174],[-83.79123548563352,39.89673574307705],[-83.7902305870376,39.896663921963636],[-83.79012136806872,39.89665611757863],[-83.79014551927511,39.89679545852189],[-83.7902547741766,39.896803454485344],[-83.79125639122684,39.896876793732844],[-83.79130021913122,39.89716392935708],[-83.79030510498535,39.89709356563038],[-83.79019588960973,39.89708584537497],[-83.79021672693106,39.89720603301601],[-83.79007897567213,39.897033869742465],[-83.7899054247525,39.89681696257525],[-83.78977313614882,39.896808590316574],[-83.78862603783666,39.896735956725614],[-83.78784457989626,39.89668644950464],[-83.78706312375252,39.896636964991146],[-83.7862816694054,39.89658745011754],[-83.78551987917984,39.89653919367096],[-83.78556260934296,39.89614540672953],[-83.78570493572161,39.894834246980025],[-83.78586159022908,39.893390487541666],[-83.78588151216714,39.89325807120163],[-83.78531198926017,39.89322162709556],[-83.78483045903022,39.89319080359736],[-83.78450536950865,39.89317001244323],[-83.78420301365202,39.89315064797864],[-83.78390087159443,39.89313130763153],[-83.78296419645102,39.89307136223879],[-83.78294996174704,39.89320203795835],[-83.78289336788416,39.893724107709694],[-83.782834944153,39.894263000643285],[-83.78282434223603,39.89436069250517],[-83.78275461859694,39.89500398012375],[-83.78264145063406,39.896047598180644],[-83.78258774575313,39.89654289600481],[-83.78244015255196,39.89790426755231],[-83.78234498323411,39.89789671485833],[-83.78203943656159,39.89787562189363],[-83.78179763703655,39.897858937592375],[-83.78148802279242,39.8978375586072],[-83.78127502595035,39.89782286602138],[-83.7810341489951,39.897719082616284],[-83.78083218885463,39.8976320895483],[-83.78064481286277,39.89755136171287],[-83.78044022964166,39.89746321336349],[-83.78023945527733,39.897376727209036],[-83.78004644056044,39.897293558674434],[-83.77984362163053,39.89720618877168],[-83.77964349405322,39.89711997038591],[-83.77944641984956,39.89703506134506],[-83.77925258137756,39.89695154435648],[-83.77904861170578,39.89686366401878],[-83.77821239785557,39.89651781978759],[-83.77820675823222,39.89650481681595],[-83.77816436942891,39.89640708252364],[-83.7774061446167,39.89635459154931],[-83.77740040168709,39.896409427155845],[-83.7766813380314,39.89636164750527],[-83.77587887119147,39.896308320504694],[-83.77587680057474,39.89630818266601],[-83.77587796029977,39.8962972382754],[-83.77616671296806,39.89354947999476],[-83.77625873638576,39.892694521451375],[-83.77628656259999,39.89243616874516],[-83.77806569757978,39.89255791255306],[-83.77836900924387,39.89258633643449],[-83.77866928639897,39.8926298578954],[-83.77896526421708,39.8926882977074],[-83.77920313361273,39.892736168140175],[-83.77935143827963,39.892746128190986],[-83.77960263687747,39.89069608198531],[-83.77961862419457,39.890565415273215],[-83.77944773318652,39.89055821880255],[-83.77832783586115,39.89051213959215],[-83.77769956852447,39.890486283692326],[-83.77695094939762,39.89051954628937],[-83.77604770146426,39.890557615018565],[-83.77604360334995,39.89055768876845],[-83.77590194441954,39.89054363217937],[-83.77340589994412,39.890555272253906],[-83.77324790155701,39.89125718205091],[-83.77314076757791,39.891939998994786],[-83.77330501823941,39.892233456971404],[-83.77326364992226,39.892492210885294],[-83.77302638868603,39.89270006078983],[-83.77258755538155,39.89724419727408],[-83.77252178073644,39.89801010235453],[-83.7724853253056,39.898302701820406],[-83.77240462155878,39.89913830688731],[-83.77233850824881,39.8998228178314],[-83.77430973807061,39.89996168922269],[-83.77430985664823,39.89996169818172],[-83.77423049318783,39.90061062147187],[-83.77417034828461,39.90110233170715],[-83.77415289401864,39.90124490120694],[-83.77410328725202,39.90165053616756],[-83.77420168242003,39.90165877345247],[-83.77416163372803,39.90200802156901],[-83.7744499965275,39.90202833453833],[-83.77480953464354,39.90205366509759],[-83.77500359769438,39.90206734099075],[-83.77557393896657,39.902107508613426],[-83.77576593319732,39.90212101290128],[-83.77595642634321,39.9021344510295],[-83.7761659098742,39.902149194376044],[-83.77635205068253,39.9021622948229],[-83.77655196625744,39.90217637245965],[-83.77684786502383,39.90219722772762],[-83.77735051015453,39.902231313669155],[-83.77718311269459,39.90376865525123],[-83.77668548016318,39.90373443087252],[-83.776383481836,39.90371366910351],[-83.77618867048855,39.9037002788342],[-83.77600645801296,39.90368776581085],[-83.77579687117569,39.903673354261734],[-83.77560702032524,39.90366029200537],[-83.77541074472386,39.903646804559784],[-83.7752297108379,39.90363436181687],[-83.7750522109243,39.90362215199422],[-83.77493142614614,39.903613857748354],[-83.77492014689943,39.90361307421913],[-83.77483701770136,39.90360733316143],[-83.7746465622847,39.9035942481515],[-83.77427896178898,39.90356898018262],[-83.77388880369816,39.90354214032043],[-83.77352866550748,39.903517362297215],[-83.77331561296988,39.903502710898216],[-83.77311794677644,39.90348912487726],[-83.77308839310189,39.903487084389695],[-83.77289665309439,39.90347390150158],[-83.7727049130869,39.90346071861096],[-83.77222216923299,39.903427493304896],[-83.77196207911047,39.90340961610716],[-83.77177908240563,39.903397023781686],[-83.77167260689163,39.903389528201146],[-83.77154599564054,39.90338024986067],[-83.77153178429273,39.90351155438682],[-83.77151696119223,39.903648412964706],[-83.77150217582097,39.90378518857498],[-83.7714843918733,39.90394936801204],[-83.77146365516329,39.904140869763296],[-83.77145389766267,39.90423116507041],[-83.77144414016205,39.9043214609476],[-83.77142529620232,39.904495591240895],[-83.7714104713052,39.90463239341353],[-83.77139568323899,39.90476919669114],[-83.77136606937732,39.90504277486277],[-83.7713364573123,39.905316379506104],[-83.77130684434898,39.90558998512406],[-83.77129263210286,39.90572131987035],[-83.77127768772978,39.90585930277548],[-83.771261402172,39.90600976906221],[-83.77124807296981,39.90613290967072],[-83.77123209463586,39.90628062449729],[-83.77121849414246,39.90640645896771],[-83.77121214664668,39.9064666821145],[-83.77118124999078,39.90683394948118],[-83.77115908406114,39.907097672386925],[-83.77114856209421,39.90721246623762],[-83.77113616803825,39.90734759402797],[-83.77106856082996,39.90803532570091],[-83.77104166077876,39.90830914923244],[-83.77099232530338,39.90885550996897],[-83.77096767283705,39.90885256765233],[-83.77056022487193,39.90879809273861],[-83.76976810123416,39.90871755721589],[-83.76816221084854,39.90860328958015],[-83.76506585730303,39.9083829516254],[-83.76488808969147,39.9083703181806],[-83.76467201971282,39.90835493947014],[-83.76465612222722,39.90862949351579],[-83.76454786265909,39.909173166415336],[-83.7644810899857,39.90950842206454],[-83.76443862482559,39.90972178933015],[-83.76439971609568,39.90991716673723],[-83.76436080916241,39.910112515335875],[-83.76432190222914,39.91030791505631],[-83.76428299080429,39.910503291480715],[-83.76424408387102,39.91069869490981],[-83.76420517693775,39.910894068841515],[-83.76416626641121,39.91108944497213],[-83.76412735857963,39.91128481916742],[-83.76408844984972,39.911480193494505],[-83.76404954201816,39.91167559620393],[-83.76401059376238,39.91187099904492],[-83.76397168503247,39.91206640201757],[-83.76393277630257,39.912261803743746],[-83.76389386757266,39.91245717941831],[-83.7638549543512,39.9126525255964],[-83.76381604472297,39.91284792840659],[-83.76377713509476,39.913043302409285],[-83.7637382227716,39.91323867861077],[-83.76369931224507,39.913434081815794],[-83.76366040171854,39.91362945483554],[-83.76362148670042,39.913824829365076],[-83.7635825761739,39.91402020471525],[-83.7635487285523,39.914190184544154],[-83.7632591521289,39.91417046290935],[-83.7627054503507,39.914132744913886],[-83.76252756865308,39.914120603796604],[-83.76189619045059,39.9140775714044],[-83.76127084713015,39.91403493654683],[-83.76109296812749,39.914022792656155],[-83.76046630338529,39.91398008472882],[-83.7604832132722,39.91381550351765],[-83.76006049035401,39.91378858567667],[-83.75977625710989,39.913770471404476],[-83.75950123339409,39.91375294417067],[-83.75920636319871,39.9137341477612],[-83.75887240820364,39.91371288879538],[-83.75857754249984,39.91369409030788],[-83.75824355247046,39.913672799634796],[-83.75794868407169,39.913653999758225],[-83.7576155510351,39.913632782797684],[-83.75692490917669,39.91358876480111],[-83.7569198965774,39.91363497043318],[-83.75688540037218,39.91395348458882],[-83.75687623755628,39.91403819834379],[-83.75685527716576,39.91423159286194],[-83.75685283374818,39.914254297904634],[-83.75682924578545,39.91447201802563],[-83.75682639992263,39.91449807571312],[-83.75680752003029,39.9146725032847],[-83.75679462651102,39.91479157420192],[-83.75654629353895,39.91477545762791],[-83.75632362723115,39.91476104083218],[-83.7561129884667,39.914747375052],[-83.7556700462681,39.91471862343766],[-83.75561564249787,39.914718750215144],[-83.75553968904228,39.91538551943105],[-83.75559237253873,39.91540741933779],[-83.75630489376422,39.91564415423029],[-83.7565166096087,39.915715381513536],[-83.75668833784661,39.915772601404285],[-83.75669767224072,39.915686425673],[-83.7567420804568,39.915701352821664],[-83.76125320152303,39.91730952612595],[-83.76123634014515,39.91739421368241],[-83.76133843727045,39.91743209179222],[-83.76128486803512,39.91795247566164],[-83.76128005037026,39.91799941899798],[-83.76127274527036,39.9180704137142],[-83.76126150195626,39.9181798572122],[-83.76125292214698,39.91826302795296],[-83.76124025320652,39.918386189250825],[-83.76123894705611,39.91839880362401],[-83.76122900899414,39.91849563293315],[-83.76122770553864,39.91850827760085],[-83.76121773244236,39.91860510744413],[-83.7612172760982,39.91860953131419],[-83.76120648912826,39.91871457902428],[-83.76120518567278,39.918727222273645],[-83.76119954694775,39.91878194420862],[-83.76119521167817,39.918824050429436],[-83.76118393153315,39.91893352579334],[-83.76117702528526,39.91900083564514],[-83.76117256694651,39.919044096436004],[-83.76117138745853,39.91905561247864],[-83.76116117091881,39.919154860498914],[-83.76116010731351,39.91916508609446],[-83.76114980184056,39.919265323995006],[-83.76114886669436,39.9192745588463],[-83.76113889090314,39.919371359358664],[-83.76113758744765,39.919383976306214],[-83.76112764758903,39.919480833847615],[-83.76112634413357,39.91949344801915],[-83.76111637013895,39.919590305405706],[-83.76111506668349,39.91960292162399],[-83.76110512682487,39.91969977954467],[-83.76110382247106,39.91971239367589],[-83.76109254502099,39.91982186624174],[-83.76109102776648,39.91983657133388],[-83.7610813017069,39.91993134001046],[-83.76107132681398,39.9200281974666],[-83.7610700233585,39.920040812226276],[-83.76106008529652,39.920137640591506],[-83.76105874680675,39.92015028495606],[-83.76105314042105,39.920205007820684],[-83.76104880694812,39.9202470869863],[-83.76103756363405,39.920356559386256],[-83.76103622424596,39.92036920233246],[-83.76102628528564,39.920466030922285],[-83.76102498183015,39.920478646979184],[-83.76101500514062,39.92057550572806],[-83.76101370168513,39.920588119697946],[-83.76100348784036,39.92068750604246],[-83.76100245747271,39.92069756537269],[-83.7609919121496,39.92080013931597],[-83.760991178226,39.92080706598825],[-83.7609808790413,39.92090749439012],[-83.76097993760686,39.920916511313045],[-83.7609692072308,39.92102089685303],[-83.76096866015679,39.92102598264283],[-83.76095741504608,39.921135428995626],[-83.76095622837157,39.92114677934009],[-83.76094685624822,39.9212433546774],[-83.76093685710077,39.92135061880531],[-83.76092649593231,39.92146148247839],[-83.76091685341605,39.92156487029246],[-83.76090619310855,39.921679002629986],[-83.76089571426077,39.92179132080628],[-83.76088661073368,39.92188907538189],[-83.76087884839131,39.92197226366352],[-83.76086368213437,39.92213468268949],[-83.76087684694487,39.92213514771964],[-83.76080831537014,39.92295891917119],[-83.76080830908195,39.92295899908649],[-83.76080819679252,39.922959010109324],[-83.76080734788458,39.92295915202791],[-83.76068475736899,39.92297766334133],[-83.7605616689876,39.922992507653625],[-83.7604381924051,39.92300367173938],[-83.76041622949472,39.92300527142267],[-83.76032877945234,39.92301050047248],[-83.760241239474,39.92301390709401],[-83.76002153311508,39.92301242452809],[-83.76002141723241,39.92301242383916],[-83.75964002220718,39.923009852772175],[-83.75963990632451,39.92300985208328],[-83.75954982057287,39.92301012558636],[-83.75946160062206,39.923010394267024],[-83.759391278705,39.923010381866376],[-83.75890605190764,39.92301029299507],[-83.75825911847768,39.92301048244939],[-83.75780997431036,39.9230104969168],[-83.75735487610933,39.92301051620671],[-83.75713515537736,39.92301056649819],[-83.75670008331895,39.92301058992162],[-83.75671452553378,39.92289998503721],[-83.75678856647613,39.922333220641676],[-83.75635081833647,39.92232108786752],[-83.75633682078772,39.92242146444584],[-83.75609293267966,39.92241007504362],[-83.75589490536348,39.92240082959233],[-83.75587763076058,39.922400026298966],[-83.75566507678795,39.92239008571497],[-83.75546033815829,39.92238052679733],[-83.7554434183899,39.92251578311849],[-83.75539262854205,39.92292177575742],[-83.75538153883987,39.92301062919032],[-83.75520863560556,39.92301064021316],[-83.75492712785002,39.92301066019195],[-83.75351861619693,39.92301070703885],[-83.75352622941897,39.92286939810176],[-83.75316463236426,39.922869721208095],[-83.75278164013446,39.92287008013863],[-83.75243091898292,39.922870392911086],[-83.75207502712861,39.922870708439255],[-83.75172783366118,39.922871038434856],[-83.75137946519737,39.92287135120732],[-83.75103177316497,39.922871655712626],[-83.75066742996047,39.922871973996486],[-83.75052890435376,39.92287210695922],[-83.7503122639449,39.92288490376036],[-83.7499797543391,39.922904507146114],[-83.75016108197414,39.920929416644135],[-83.75081974830003,39.92096756975455],[-83.75086045006725,39.9204584738259],[-83.75114122749244,39.92047730559319],[-83.75146448445079,39.92049897789611],[-83.7518173364062,39.920522611632094],[-83.75218361548015,39.920547171996986],[-83.7525386108158,39.920570972442114],[-83.75292966362866,39.920597187645136],[-83.75313289488528,39.92061080127586],[-83.75319256278308,39.919970473371436],[-83.75322617324944,39.91960977332083],[-83.75324927252865,39.91936205149052],[-83.75301888520099,39.91930389347672],[-83.75263347560477,39.919206565123325],[-83.75261272991159,39.9194345494842],[-83.75212329810039,39.919409688333275],[-83.75147269954407,39.91937660510998],[-83.75050625692714,39.919327475953054],[-83.75030208333777,39.919317107077724],[-83.75033516559475,39.919027301543515],[-83.74964558913825,39.91897587099191],[-83.74957461145102,39.91897058731682],[-83.74949656492082,39.91896477382689],[-83.74952884408391,39.91867187608957],[-83.74939187615593,39.918662927078934],[-83.7493121830138,39.91832568859296],[-83.74685507691271,39.91808574132622],[-83.74686795785557,39.9179326407402],[-83.74687850317869,39.91780869250387],[-83.74680743386331,39.91780417901513],[-83.74420501089195,39.91763862244278],[-83.74281499555053,39.91755016095813],[-83.74264701149073,39.91785253898904],[-83.74237712164675,39.918338380142096],[-83.74210722641291,39.91882424540706],[-83.741998241006,39.919020464945575],[-83.74190396820683,39.919190144377644],[-83.74106680843063,39.91913619096335],[-83.74104334802867,39.91913421639343],[-83.74102326798713,39.91913224664612],[-83.7410000689949,39.91912964305216],[-83.74098281505326,39.919127479705914],[-83.74096101563626,39.919124467556195],[-83.740941551839,39.91912150776766],[-83.74092430149058,39.91911867405931],[-83.74090726583954,39.91911567913334],[-83.74089464900138,39.91911332907745],[-83.74087163326547,39.919108764691316],[-83.7408532204971,39.919103233688375],[-83.74083981044653,39.91909428817894],[-83.74083310991283,39.91908632375332],[-83.74082900461197,39.91907754290415],[-83.74082763827444,39.91906594556742],[-83.74083179657589,39.91905200368248],[-83.74072221019605,39.919252758697795],[-83.74072823160343,39.91924452421726],[-83.74073467342232,39.91923886094448],[-83.74074325143495,39.919233753664095],[-83.74075312122498,39.91923004291087],[-83.74076452533753,39.91922788507948],[-83.74077408970034,39.91922757986899],[-83.74078466466788,39.919228795888266],[-83.74079697428222,39.919231785297605],[-83.74081565115529,39.91923627802343],[-83.74083439719863,39.91924053719059],[-83.7408556423551,39.919245060230146],[-83.7408757071253,39.91924904312282],[-83.7408938629755,39.91925240594896],[-83.74091084203269,39.9192553471299],[-83.74092306181548,39.91925734443217],[-83.74093599935222,39.91925934931288],[-83.74094969327041,39.91926134937087],[-83.74096470591542,39.91926340178991],[-83.7409923039576,39.9192667818394],[-83.74104951855635,39.919272218441336],[-83.74183042043956,39.9193225402308],[-83.74154725529235,39.9198322660437],[-83.74191173054919,39.91985822041508],[-83.74183266622777,39.920492186226895],[-83.74174137403872,39.92122421034081],[-83.74159156649036,39.92241416453641],[-83.73897169464293,39.92223387802177],[-83.73898728220975,39.92220414506551],[-83.73756507843508,39.9221030303205],[-83.73758138195917,39.92192319630627],[-83.73715292958609,39.92189323379938],[-83.73590366857161,39.92180586839789],[-83.73525615213504,39.921760583187215],[-83.73528438348947,39.921336691164356],[-83.7351636508136,39.92132859954538],[-83.73505056998732,39.92302584477972],[-83.73469911760714,39.92302523508149],[-83.73422717509621,39.923024382192914],[-83.7342270574169,39.923024382192914],[-83.73434370365656,39.921273705343104],[-83.73447335300993,39.91932804365755],[-83.73790178946146,39.91957248547574],[-83.7379651871643,39.91904787540683],[-83.73884548404047,39.91911179819956],[-83.73893276704841,39.918389345427975],[-83.73900432953889,39.91779730095647],[-83.73905631234943,39.9173669803165],[-83.73780632639452,39.91727622485856],[-83.73926365070353,39.915748299079105],[-83.74003018403377,39.91545559084006],[-83.74012664692563,39.91463538844851],[-83.73753257020157,39.91446427216791],[-83.7351552470741,39.914307398033834],[-83.73281477104297,39.91415288754699],[-83.72927154157625,39.913918919411955],[-83.7295678966868,39.91168356975978],[-83.72739910667276,39.91153061058474],[-83.72572932900242,39.911412814237345],[-83.72326349666665,39.911238803503956],[-83.72347955856046,39.909341226142516],[-83.7277681309982,39.909619729369325],[-83.73108003978771,39.9084799839006],[-83.73291721312135,39.90784767299559],[-83.7327362313377,39.90768537099309],[-83.73223458333695,39.90723552986313],[-83.73189783727628,39.90693355355388],[-83.73232590696703,39.906649677602736],[-83.73237988583415,39.90661388560601],[-83.72994292714823,39.904468149458495],[-83.73020434318413,39.904486766485306],[-83.73055506253903,39.90451174813472],[-83.73191993044237,39.90460896230519],[-83.73252807102511,39.90465229007186],[-83.73304080333814,39.90468879425388],[-83.73386931323647,39.90474778265005],[-83.73373755374048,39.90592307180538],[-83.73373755284217,39.90592310212563],[-83.7336931140834,39.90631968158906],[-83.73401050773789,39.90634028200979],[-83.73361185427942,39.90724701963894],[-83.73436671490086,39.907832613899735],[-83.73494963079042,39.90822637915881],[-83.73520058235155,39.908411826486784],[-83.73521207090573,39.908420325495086],[-83.73585721758658,39.908897030384374],[-83.73599712300555,39.90900048677991],[-83.73661220846375,39.90937751835138],[-83.73661492227423,39.9093791128405],[-83.73661765135606,39.90938071077489],[-83.73662037774294,39.9093823100874],[-83.73662310862142,39.909383909399864],[-83.73662583770326,39.90938550733415],[-83.73662856678507,39.909387105268394],[-83.73663129586691,39.90938870113544],[-83.73663402494874,39.909390297691466],[-83.73663675672552,39.90939189631467],[-83.73663948940063,39.90939349287068],[-83.73664221758413,39.909395085981274],[-83.73664495025922,39.90939668184813],[-83.736647682036,39.90939827771495],[-83.73665041471111,39.909399872892656],[-83.7366531482845,39.90940146669223],[-83.73665588006129,39.90940306118079],[-83.73665861453301,39.90940465291307],[-83.73666134900475,39.90940624671248],[-83.73666408347648,39.90940783844474],[-83.73666681794819,39.909409430865985],[-83.73666955241993,39.90941102259812],[-83.73667228778994,39.90941261501929],[-83.73667502495661,39.90941420537321],[-83.73667776212329,39.909415797105225],[-83.73668049749334,39.909417387459115],[-83.73668323466,39.90941897643483],[-83.736685972725,39.90942056472142],[-83.73668870899336,39.909422155764275],[-83.73669144885497,39.90942374336173],[-83.73669418602164,39.90942533302636],[-83.73669692588325,39.90942691924565],[-83.73669966484655,39.90942850684303],[-83.7367024056065,39.90943009512941],[-83.7367051454681,39.90943168134858],[-83.73670788622803,39.90943326618962],[-83.73671062608966,39.90943485309774],[-83.73671336505296,39.90943643862773],[-83.73671611030446,39.90943802484676],[-83.73671885016608,39.909439608309505],[-83.73672159541758,39.909441194528455],[-83.73672433707584,39.90944277730206],[-83.73672707873408,39.909444360075675],[-83.73672982398558,39.90944594422729],[-83.73673256923709,39.90944752631177],[-83.73673531089536,39.90944911046332],[-83.73673805614685,39.909450691858645],[-83.73674080229667,39.909452273253876],[-83.73674354754817,39.90945385327098],[-83.7367462927997,39.90945543535527],[-83.73674903894951,39.90945701537231],[-83.73675178689597,39.90945859538931],[-83.73675453214747,39.909460174717196],[-83.73675728189056,39.90946175473411],[-83.7367600289387,39.909463332683835],[-83.73676277688514,39.90946491270069],[-83.73676552662823,39.90946648996126],[-83.73676827457469,39.90946806791087],[-83.73677102431778,39.90946964448231],[-83.73677377316255,39.90947122105369],[-83.73677652290564,39.90947279762506],[-83.73677927264872,39.90947437350731],[-83.73678202508674,39.9094759487005],[-83.73678477572815,39.90947752458267],[-83.73678752816618,39.90947910115394],[-83.73679028060421,39.909480674279806],[-83.73679303304225,39.909482247405634],[-83.73679578548025,39.909483821909575],[-83.7367985379183,39.9094853957244],[-83.73680129035633,39.90948696678296],[-83.73680404548931,39.909488541286784],[-83.73680679972396,39.90949011234527],[-83.73680955485695,39.90949168409279],[-83.7368123090916,39.90949325584022],[-83.73681506512291,39.90949482689859],[-83.73681781935755,39.90949639657884],[-83.73682057538885,39.90949796694807],[-83.73682333231847,39.909499536628246],[-83.73682609104469,39.909501106308326],[-83.736828847076,39.90950267598838],[-83.73683160580222,39.9095042442903],[-83.73683436273184,39.90950581397033],[-83.73683712145807,39.909507380204964],[-83.73683988108262,39.90950894643961],[-83.73684264160548,39.90951051336324],[-83.73684539763677,39.90951208166498],[-83.73684815815965,39.90951364789952],[-83.73685091778421,39.90951521275588],[-83.73685368190033,39.9095167789903],[-83.73685644152488,39.909518343846585],[-83.73685920204775,39.90951990801383],[-83.73686196436725,39.90952147080282],[-83.73686472668676,39.90952303703715],[-83.73686749080288,39.90952459844799],[-83.73687025312238,39.909526161926],[-83.73687301544189,39.90952772540393],[-83.73687578135463,39.90952928681467],[-83.73687854367414,39.90953084891442],[-83.73688130868858,39.909532410325085],[-83.73688407370304,39.909533971735705],[-83.73688683961578,39.909535531079136],[-83.73688960463022,39.909537092489686],[-83.73689236964466,39.90953865252211],[-83.73689513735407,39.909540211176356],[-83.73689790236851,39.90954177120871],[-83.73690067097621,39.90954332917381],[-83.73690343868562,39.90954488782795],[-83.73690620729332,39.90954644579298],[-83.7369089741044,39.90954800237988],[-83.73691174450872,39.909549558277675],[-83.7369145122181,39.9095511162426],[-83.73691728352075,39.90955267351847],[-83.73692005392512,39.909554228727096],[-83.73692282163448,39.90955578393567],[-83.73692559203883,39.90955733983329],[-83.73692836513811,39.909558893663714],[-83.73693113554245,39.90956044818317],[-83.7369339077434,39.909562002013466],[-83.73693667814774,39.909563555154705],[-83.73693945124704,39.909565108295915],[-83.73694222434631,39.90956666212615],[-83.73694499834392,39.90956821320009],[-83.73694777144318,39.9095697649631],[-83.7369505463391,39.90957131672602],[-83.73695331854007,39.90957286711081],[-83.73695609433429,39.90957441887367],[-83.73695887012852,39.90957596856933],[-83.73696164682106,39.909577516886856],[-83.73696442171698,39.90957906658244],[-83.73696719571458,39.90958061558892],[-83.73696997240712,39.909582165284434],[-83.73697275089629,39.90958371497991],[-83.73697552848714,39.90958526191912],[-83.73697830517969,39.90958680954737],[-83.7369810854655,39.90958835717552],[-83.73698386305637,39.90958990411464],[-83.73698664154553,39.90959144898654],[-83.7369894200347,39.90959299592557],[-83.7369921994222,39.909594541486435],[-83.73699497970799,39.909596084291024],[-83.73699775909549,39.909597629851866],[-83.7370005393813,39.90959917610169],[-83.73700332236204,39.90960071821715],[-83.73700610354618,39.909602261710674],[-83.73700888383198,39.90960380520416],[-83.73701166771103,39.90960534800854],[-83.73701445069177,39.909606891501966],[-83.73701723367255,39.90960843223911],[-83.73702001665329,39.9096099736653],[-83.73702280143067,39.90961151509144],[-83.73702558441141,39.90961305445035],[-83.73702836649385,39.90961459518736],[-83.73703115306786,39.90961613592433],[-83.73703393874355,39.9096176759722],[-83.73703672441924,39.90961921464194],[-83.73703950919663,39.90962075468975],[-83.73704229666896,39.90962229129221],[-83.73704508144635,39.90962382858371],[-83.7370478707153,39.90962536656425],[-83.73705065818763,39.909626903855674],[-83.73705344476164,39.9096284390799],[-83.73705623313228,39.909629977060334],[-83.73705902150292,39.909631511595435],[-83.7370618125685,39.909633049575795],[-83.73706460004082,39.90963458135458],[-83.73706738841148,39.909636117267716],[-83.73707017947707,39.90963765249169],[-83.73707297144097,39.90963918495945],[-83.73707576070993,39.90964072018341],[-83.73707855267384,39.9096422526511],[-83.73708134373942,39.90964378442969],[-83.73708413480502,39.9096453182754],[-83.73708692766722,39.90964684867578],[-83.7370897187328,39.909648381832405],[-83.73709251249335,39.90964991223271],[-83.73709530625389,39.909651444011125],[-83.7370981000144,39.909652972344205],[-83.73710089467325,39.90965450274441],[-83.73710368843379,39.90965603314463],[-83.73710648309263,39.90965756147761],[-83.73710927864981,39.90965909049962],[-83.73711207510529,39.90966061745439],[-83.73711487156076,39.909662146476336],[-83.73711766711793,39.90966367343108],[-83.7371204635734,39.909665200385746],[-83.73712326272383,39.90966672734043],[-83.73712605828099,39.90966825429503],[-83.73712885743143,39.90966977918242],[-83.73713165568353,39.90967130613701],[-83.73713445483396,39.90967282826811],[-83.73713725218775,39.90967435522261],[-83.73714005133817,39.90967587873175],[-83.73714285318356,39.90967740430805],[-83.73714565143567,39.909678926439014],[-83.73714845238271,39.90968044994809],[-83.7371512542281,39.90968197207899],[-83.7371540524802,39.90968349283177],[-83.73715685612218,39.90968501634069],[-83.73715965706926,39.90968653709339],[-83.7371624580163,39.909688057157005],[-83.73716526255663,39.90968957859866],[-83.73716806440198,39.90969109935127],[-83.737170868044,39.90969261803664],[-83.73717367168601,39.90969413878912],[-83.73717647712462,39.909695657474465],[-83.73717928076663,39.90969717615973],[-83.73718208440864,39.909698694844955],[-83.73718489074558,39.90970021215206],[-83.7371876952859,39.90970172945914],[-83.73719050072454,39.90970324607711],[-83.73719330795979,39.909704763384056],[-83.73719611429675,39.909706279312886],[-83.73719892243031,39.90970779593075],[-83.73720172966559,39.909709311170495],[-83.73720453600254,39.90971082503207],[-83.73720734413611,39.90971234027169],[-83.737210153168,39.909713855511285],[-83.73721296130157,39.90971536799467],[-83.7372157712318,39.90971688047796],[-83.73721857936538,39.909718395717455],[-83.73722139199053,39.909719906133525],[-83.73722420281906,39.90972141861677],[-83.73722701185095,39.909722931789],[-83.73722982357778,39.909724442893996],[-83.73723263530464,39.90972595262092],[-83.73723544703145,39.90972746372584],[-83.73723825785999,39.90972897414171],[-83.73724107228176,39.90973048317945],[-83.7372438831103,39.90973199359526],[-83.73724669753207,39.90973350194382],[-83.73724951195385,39.909735011670534],[-83.73725232547734,39.90973651932997],[-83.73725513989913,39.90973802630039],[-83.73725795342258,39.909739534648814],[-83.73726077053932,39.90974104161913],[-83.7372635840628,39.90974254790038],[-83.73726640117953,39.90974405349248],[-83.73726921739794,39.90974555908459],[-83.73727203361636,39.90974706467663],[-83.73727485163141,39.90974857026868],[-83.7372776669515,39.90975007241541],[-83.73728048406824,39.909751577318275],[-83.73728330387992,39.90975308222116],[-83.73728612009833,39.909754584367775],[-83.73728893901168,39.909756087892454],[-83.73729175882336,39.909757590039014],[-83.73729457773672,39.90975909218553],[-83.73729739934502,39.909760592953894],[-83.7373002182584,39.9097620951003],[-83.7373030398667,39.90976359586863],[-83.73730585878006,39.90976509663689],[-83.73730868128668,39.90976659740511],[-83.737311502895,39.909768094727994],[-83.7373143245033,39.90976959549616],[-83.73731714880655,39.90977109419712],[-83.73731997041486,39.909772593587114],[-83.73732279112485,39.90977409090988],[-83.73732561542809,39.9097755882326],[-83.73732844062967,39.90977708555535],[-83.73733126493293,39.90977858287801],[-83.73733408923619,39.90978007882256],[-83.73733690365796,39.90978157614515],[-83.73733729801837,39.90978178079534],[-83.73906987870686,39.910681328127374],[-83.73944852848058,39.90939522517178],[-83.73973966527764,39.9084062539647],[-83.74003872970708,39.907390486630206],[-83.74065228892762,39.905306177339654],[-83.74081129881773,39.90510733919054],[-83.74084033057109,39.90505150858489],[-83.7410480039968,39.90465212813113],[-83.74104792584335,39.904652052329105],[-83.74157626189287,39.903573476003245],[-83.74193000407872,39.902752167240116],[-83.74240257181707,39.900519703225044],[-83.74253678012053,39.9005287180081],[-83.74263704108938,39.90053545239002],[-83.74391368185542,39.90062119923505],[-83.74408536517757,39.900632729401636],[-83.74635726741316,39.900808177761725],[-83.74635737880428,39.900808186720646],[-83.74639951877424,39.900692655086964],[-83.74674815763096,39.899478800339175],[-83.74414540228294,39.89933595632382],[-83.7444941201914,39.89813871905174],[-83.74591594847028,39.898205841208245],[-83.7460069028928,39.89764210884634],[-83.74605906716303,39.897318850322144],[-83.74735230340562,39.89744511682816],[-83.74785173166929,39.8959778646119],[-83.74792700869348,39.895782959527715],[-83.74807396229417,39.895793034921134],[-83.75349489708017,39.8961641728161],[-83.75321283057252,39.898499415015706],[-83.75302175621665,39.900081092385435],[-83.75297848167446,39.90043918071276],[-83.75292054033865,39.90091896718064],[-83.75286979091499,39.90133901542469],[-83.75275835849725,39.90226123033658],[-83.75156944720186,39.90217138588371],[-83.7508778854686,39.90211910813253],[-83.74956550702562,39.90201990847461],[-83.74785698771203,39.9018907298346],[-83.74624317328725,39.90176870007317],[-83.74616386103082,39.90176267907076],[-83.74580066766987,39.90275427735158],[-83.7456549735072,39.90315207630143],[-83.75020863070046,39.90350812807782],[-83.7525851722936,39.90369388174253],[-83.75253475794156,39.90411097665738],[-83.75253490885852,39.904110987683204],[-83.75252922791267,39.90415766830622],[-83.7524273499763,39.905000984049224],[-83.75242151541853,39.9050492827745],[-83.75241816470252,39.90507693794675],[-83.75231876431971,39.90589974450298],[-83.75183726912405,39.90586691798877],[-83.75167493726399,39.907289456820365],[-83.75572504831631,39.907733840784616],[-83.76107016080074,39.9080985428237],[-83.76467201971282,39.90835493947014],[-83.76498679028667,39.90677432616388],[-83.76610740895921,39.901175495446246],[-83.76617818003392,39.900821935222915],[-83.766082417828,39.89938192484944],[-83.76505033082167,39.899309164423215],[-83.76456100321505,39.899274660773315],[-83.76404205006867,39.899238060669695],[-83.76361814586589,39.89920817438388],[-83.76307721184281,39.89917002224623],[-83.76203952653563,39.89909682811006],[-83.76150861321956,39.89906092121207],[-83.76073330155236,39.89900845018873],[-83.76063051721586,39.899001510974394],[-83.76017555016885,39.89897071143982],[-83.75971137898345,39.8989393233429],[-83.75906612180981,39.89889565702828],[-83.75837257839302,39.89884871369324],[-83.75842614583175,39.898385499733905],[-83.75848224562122,39.897900568737896],[-83.75851994521875,39.89757485243665],[-83.7585551124655,39.897270769443196],[-83.75859444160696,39.89693070403248],[-83.7586344462815,39.896584757450235],[-83.75867371703247,39.89624548810045],[-83.75871295005417,39.89590619226004],[-83.75875369673716,39.895553950169955],[-83.7587828219153,39.895302150850256],[-83.75883040837084,39.894890778564395],[-83.75887398923854,39.894514015322954],[-83.75891349624641,39.894172275225614],[-83.75895205373504,39.89383894188614],[-83.75898974614604,39.893513143562146],[-83.75855160903589,39.89348254143526],[-83.75804916243285,39.893447466243565],[-83.7581277874781,39.892753746929365],[-83.7582034588627,39.892086057169124],[-83.75827998274849,39.89144965526326],[-83.75496965140063,39.891219354256506],[-83.75491600850344,39.89166370942187],[-83.75440330403818,39.8916319961031],[-83.75437266430046,39.89188556646262],[-83.75401438472413,39.891863400572],[-83.7538869838539,39.89291820367605],[-83.75382120651386,39.893462758701276],[-83.75368232786924,39.894612759251274],[-83.75352344374328,39.89592805359651],[-83.7535114332679,39.8960274922649],[-83.74814625870825,39.89566018075648],[-83.74807088646264,39.89565499728442],[-83.7479957639487,39.89564986756953],[-83.74447000042603,39.895408327380096],[-83.74363057509866,39.89536323285501],[-83.74355898476041,39.89535844289531],[-83.74355687821108,39.89524060495675],[-83.74347735664719,39.89390759280298],[-83.74392004821583,39.8931751506144],[-83.7439321368446,39.89315601635247],[-83.74394507078807,39.89313721360248],[-83.7439588374698,39.893118764419974],[-83.74397342072011,39.89310069154963],[-83.7439888007761,39.893083013600915],[-83.74400496326469,39.89306575538619],[-83.74402188393138,39.89304893620413],[-83.74403954660649,39.893032573285744],[-83.74405792973047,39.8930166886866],[-83.74407700815048,39.8930012996376],[-83.74409676659516,39.89298642612678],[-83.74411717362345,39.89297208400666],[-83.74413820857416,39.89295829050819],[-83.74415985078598,39.892945062862466],[-83.74418206702127,39.892932415543505],[-83.74420483392383,39.892920364403864],[-83.74422812903579,39.89290892322849],[-83.74425191732281,39.89289810786984],[-83.7442761781237,39.892887925909726],[-83.74430087730244,39.892878395268404],[-83.74432598611294,39.89286952283841],[-83.74435147760576,39.892861321026075],[-83.7443773176449,39.89285379810238],[-83.74440348287418,39.89284696578441],[-83.74442993376772,39.89284082958625],[-83.74445664337608,39.89283539708952],[-83.74448358025818,39.8928306765652],[-83.74451071207471,39.89282667077036],[-83.74453800648631,39.8928233865973],[-83.74453701833949,39.8927681731811],[-83.73526842132517,39.892152420202656],[-83.73538595330369,39.8910940908502],[-83.73548787166426,39.89017633056958],[-83.73552679297057,39.889825845590146],[-83.7355237620548,39.889825629852226],[-83.73591570869135,39.886805567587096],[-83.73601900057601,39.88600979965912],[-83.73613786295944,39.885093751787565],[-83.72926813157144,39.88414866736116],[-83.72907958327812,39.88486710550914],[-83.72789654696471,39.884751828930504],[-83.72774243468952,39.88570529313401],[-83.72698233060174,39.8856312609038],[-83.72693389254331,39.88593091992755],[-83.72619344539059,39.88585879729753],[-83.72617726313906,39.88595876754709],[-83.7261230462184,39.88629384314232],[-83.72606792649088,39.8866343638743],[-83.72605355973454,39.8867231106684],[-83.72601638295652,39.88697545157682],[-83.72596608538545,39.88731663752847],[-83.72591579050932,39.887657792143145],[-83.72587246566148,39.887951708900516],[-83.72559557075493,39.888165484486514],[-83.72528094660645,39.88840839841733],[-83.72496631886472,39.88865131217668],[-83.72465169022465,39.88889422576455],[-83.72456357627507,39.88896224475094],[-83.72446350664737,39.88903953085719],[-83.7244634680198,39.889039531546466],[-83.72435388882651,39.88914620991317],[-83.72425306820722,39.889257772929476],[-83.72289972209572,39.89101602614402],[-83.72232967816586,39.89175809939805],[-83.72232969433556,39.89175822828578],[-83.72134323276248,39.89304224175087],[-83.72121449160585,39.893209826195275],[-83.72127534438152,39.89323840694942],[-83.72133482363311,39.89326634051044],[-83.72098592246834,39.89383079188118],[-83.72105951694797,39.89414314417801],[-83.7208382789615,39.89416367106765],[-83.72077893805046,39.89409745333826],[-83.71950196850105,39.895212400653854],[-83.71855268550264,39.8955361708522],[-83.71858094290822,39.895607423867986],[-83.719026182099,39.89673106210514],[-83.71955268738198,39.89695116116859],[-83.72110609279885,39.89695250990725],[-83.72105297092452,39.89630995871717],[-83.72102699703639,39.8959959856565],[-83.72149204857077,39.89555400737362],[-83.72221346850745,39.89518889051178],[-83.72221344694789,39.895188766454964],[-83.72221358528844,39.895188889133344],[-83.72269235769048,39.89505365190193],[-83.72423845710912,39.89480864289317],[-83.72521242491321,39.89545568521452],[-83.72485869799874,39.8961031659583],[-83.72480985480009,39.89665114920911],[-83.72472904954367,39.89751530445277],[-83.72460503442373,39.897816459421676],[-83.72460491764275,39.8978164614892],[-83.7247393379486,39.89796646921747],[-83.72488837384414,39.8981327418376],[-83.72523223995174,39.8987338355339],[-83.72549635273012,39.899129331203746],[-83.72625937724088,39.899980545922105],[-83.72662507869809,39.90038535311476],[-83.72699459530031,39.90078808909298],[-83.72716873461647,39.900976444767856],[-83.7271848351213,39.90099384640041],[-83.72721645042941,39.901028052851935],[-83.72736651130269,39.901190345127276],[-83.7280460212381,39.90081899462867],[-83.72820675319863,39.90067901682267],[-83.72680953786022,39.899152142559394],[-83.72642966727602,39.898535979677],[-83.72611379177435,39.897678522345515],[-83.72628420577699,39.89758970220876],[-83.72646655749146,39.896760559390394],[-83.72715743111524,39.896806178157554],[-83.72722100039633,39.896809535882866],[-83.72728468286513,39.89681122094819],[-83.72734840306317,39.896811232664376],[-83.72741208553198,39.8968095696531],[-83.72747565750801,39.89680623329263],[-83.72753904622772,39.896801230474566],[-83.72760217623262,39.89679456326615],[-83.72766497206425,39.89678624200467],[-83.727727363654,39.89677627564906],[-83.72778927913663,39.89676467867148],[-83.72785064215537,39.89675145865221],[-83.7279113871332,39.89673663419843],[-83.72797144040827,39.89672022391719],[-83.72803072831869,39.896702244347885],[-83.72808918798245,39.89668271616501],[-83.7281467493309,39.89666166555637],[-83.72820334319381,39.896639113196365],[-83.72825890668908,39.896615087340216],[-83.72831337244305,39.896589617621665],[-83.72836668206527,39.89656272953907],[-83.72841876548715,39.896534456861126],[-83.7284695679114,39.896504833356566],[-83.72851903004926,39.89647389279398],[-83.72856709261191,39.89644166963119],[-83.72861369900546,39.89640820108274],[-83.7286587971277,39.896373529187606],[-83.72870233577457,39.89633769253875],[-83.72874425835225,39.89630073179674],[-83.72878452174159,39.89626269313577],[-83.72882307653528,39.896223616527294],[-83.72885987871582,39.896183550213195],[-83.729872878319,39.89526285521649],[-83.72992988361032,39.895212796946325],[-83.72998907360439,39.89516426316064],[-83.73005037823263,39.89511731313439],[-83.73011372203658,39.89507199993957],[-83.73017903315099,39.89502837389159],[-83.73024623971065,39.89498649013011],[-83.73031525727394,39.894946392767615],[-83.73038601038235,39.89490813143017],[-83.7304584172892,39.89487175023019],[-83.73053238816294,39.89483729052302],[-83.73060784305356,39.894804792974995],[-83.73068469033284,39.89477429549536],[-83.73076284376258,39.89474583323639],[-83.73084221171455,39.89471943721504],[-83.73092270076401,39.89469514327267],[-83.73100421658785,39.89467297553375],[-83.73108666935451,39.89465295881202],[-83.73116995665606,39.89463511929927],[-83.73125398596606,39.89461947905194],[-83.7313386584698,39.894606051166505],[-83.73142387445428,39.89459485425303],[-83.73150953869809,39.89458590071837],[-83.73159554609835,39.894579201590716],[-83.73168180233192,39.89457476514135],[-83.73217799216899,39.89459637258385],[-83.73483319834982,39.89477426723778],[-83.73497619307506,39.89478384723851],[-83.734404550144,39.89993088943049],[-83.73423313901138,39.90147394185481],[-83.7339686201945,39.90385525737969],[-83.7295519336242,39.903554472131674],[-83.72917641537755,39.90376738865184],[-83.72917088804361,39.9037616028144],[-83.72773115454449,39.902162717951406],[-83.72664150798632,39.90097883334908],[-83.72594840115076,39.9002183430523],[-83.7256226819102,39.899854955327164],[-83.72552802912368,39.89982187230668],[-83.72499364471733,39.899225737040695],[-83.72463528968251,39.89892544696696],[-83.72390426585713,39.89830483894659],[-83.72355009876817,39.898428319381175],[-83.72240303369365,39.898563501711564],[-83.72192374565866,39.89875988473564],[-83.72111634077959,39.89938259471528],[-83.72098642462659,39.89948278438122],[-83.72088919726843,39.89942260195872],[-83.71970569742433,39.90055663205819],[-83.71945460213274,39.90075340287424],[-83.71874002825683,39.90143808306402],[-83.71880372689532,39.901547952150956],[-83.71837677920036,39.90191759170692],[-83.71753909121476,39.90280783226139],[-83.71701881844322,39.9032720817115],[-83.71687431544662,39.90340099725912],[-83.71673556795602,39.903524858552956],[-83.71455181021273,39.905443648389465],[-83.71450807483482,39.90631344736782],[-83.71438846145979,39.90681154035375],[-83.71433192778402,39.90704694332373],[-83.71420189844326,39.90758839409691],[-83.71412301558154,39.907581812694865],[-83.71390928391754,39.90757284018455],[-83.71385901239763,39.9075691570518],[-83.71381423138071,39.90749693384437],[-83.7138733216618,39.90701868186229],[-83.71387332256012,39.907018655677],[-83.71384959086693,39.906341337699374],[-83.71335342079279,39.90629553371208],[-83.7128583233071,39.9066430947323],[-83.7075050190856,39.910036127403906],[-83.7067780143228,39.91049987723523],[-83.70591829335822,39.910991397983686],[-83.7048709852977,39.91165494846576],[-83.7125378969402,39.91220297133773],[-83.71345365121894,39.91226839503163],[-83.7134581742364,39.912230108225366],[-83.7117260094679,39.91210635706767],[-83.71177322671585,39.911707198269625],[-83.711828248527,39.91124202960384],[-83.71245889280591,39.91129713373701],[-83.71259374969299,39.91130677550877],[-83.71264713028211,39.9108556696414],[-83.71269282847894,39.91043220692314],[-83.71355130617515,39.910497726019294],[-83.7136577259936,39.910505848547224],[-83.71376414042216,39.91051397245227],[-83.71377660005516,39.9105149157623],[-83.71439779226064,39.91056232034771],[-83.71432516885982,39.9111425813181],[-83.71370589276084,39.911092765478166],[-83.71346644592352,39.91305326777695],[-83.71429688360647,39.913123959626766],[-83.71411337216696,39.914615318303255],[-83.7134759186582,39.914565771635736],[-83.71326442290096,39.914549347021236],[-83.71325192374209,39.914665205305226],[-83.71327412201109,39.914703190342735],[-83.71329750156467,39.914740757131334],[-83.71332204353823,39.914777878111444],[-83.71334773535536,39.914814536058635],[-83.71337456443963,39.9148507061694],[-83.71340251192643,39.91488637259735],[-83.71343156344273,39.9149215105391],[-83.71346170281883,39.91495610277022],[-83.71349291298674,39.91499012655439],[-83.71352517328522,39.91502356466741],[-83.71355846574797,39.91505639575091],[-83.7135927742053,39.91508860258069],[-83.7136280744027,39.915120166554516],[-83.71366435017052,39.91515106907011],[-83.71370001238898,39.9151839324757],[-83.71373469364714,39.91521741321223],[-83.71376837508042,39.915251493364856],[-83.71380104051909,39.91528615708558],[-83.7138326728952,39.91532138232543],[-83.71386325693736,39.91535715323655],[-83.7138893260469,39.91539120575957],[-83.71391421566847,39.915425780528444],[-83.71393790783576,39.91546084791532],[-83.71396038727745,39.9154963879385],[-83.71398163512887,39.91553237303719],[-83.71400163881361,39.915568779784664],[-83.71402038216202,39.91560558062037],[-83.71403785439428,39.9156427514287],[-83.71405404473066,39.91568026533804],[-83.71406893700143,39.915718094788],[-83.7140825240201,39.9157562156631],[-83.7140947959052,39.91579459971389],[-83.7141057445719,39.91583322282515],[-83.71411536013868,39.91587205261359],[-83.71412363811402,39.91591106496395],[-83.71413056861644,39.91595023438315],[-83.71413615254426,39.915989529177075],[-83.71414038360923,39.91602892660875],[-83.71414325821814,39.91606839360615],[-83.71414477457434,39.91610790743244],[-83.7142443061112,39.916114920703635],[-83.71434629813362,39.91612210139962],[-83.71528554335703,39.91618828337664],[-83.71603197328953,39.91610968503735],[-83.71591835886399,39.916958517111084],[-83.71586181440841,39.91738088533948],[-83.71586172098363,39.917381683868875],[-83.71588188636512,39.9178027893483],[-83.71601171627987,39.91781379782362],[-83.7160068105801,39.917848775798724],[-83.71598439042724,39.918008513469054],[-83.71595932922746,39.918210618485716],[-83.71578302946304,39.91963270393689],[-83.71574891144857,39.919908080173485],[-83.71570382051289,39.92027177008353],[-83.71566992348396,39.920547734868755],[-83.71563595818304,39.920823947251556],[-83.71553091817688,39.921678703630874],[-83.71537378307075,39.92295757025559],[-83.71517178969259,39.92295806490387],[-83.7124023923678,39.922948209827695],[-83.71009317770854,39.92301416544077],[-83.7101011035443,39.92317871696777],[-83.70880763373975,39.923215641853616],[-83.70880476991063,39.923050945741274],[-83.70709311188342,39.92309978287871],[-83.70525408173208,39.92319664205336],[-83.70524122594206,39.92330421038048],[-83.70455031099578,39.92334062608581],[-83.70456288651145,39.92323303783712],[-83.70224547472523,39.923355021096654],[-83.70222046742435,39.92357197445279],[-83.70221323778294,39.92363469568199],[-83.70221232868788,39.92364258861997],[-83.70452453473702,39.923561181157005],[-83.70481831617428,39.923550832901405],[-83.70492814689587,39.92354695910825],[-83.70521341320253,39.92353691604179],[-83.70563249075731,39.92352217729832],[-83.70640149804787,39.923494944991596],[-83.7064113094474,39.92349459708703],[-83.7063195977451,39.92431235245187],[-83.70603249618028,39.926872194733946],[-83.70603168949314,39.926879384635214],[-83.70693297730254,39.926951073496284],[-83.71186978842238,39.92734420184799],[-83.71187933751384,39.92734496237271],[-83.71176827430368,39.928545834852244],[-83.71165046923733,39.92981922286186],[-83.71164979909412,39.92982647169521],[-83.7120560936224,39.92981835903618],[-83.7122814108586,39.92981385804962],[-83.71364547836302,39.92978661033524],[-83.71365549457843,39.9297864105668],[-83.7136479927475,39.92984042309688],[-83.71353875132074,39.930961760546026],[-83.7115958139388,39.930829340357405],[-83.71151365312461,39.93164999973378],[-83.71151292459092,39.931657282815166],[-83.71244876879267,39.9317231136247],[-83.71420275633437,39.931639078210075],[-83.71426668224662,39.931011362168235],[-83.71425705500171,39.93101070569968],[-83.71375211737039,39.93097630136721],[-83.7137528279378,39.93096899410381],[-83.71386318956371,39.929836128079714],[-83.71386856957395,39.929782153433386],[-83.71391840810591,39.92978116974617],[-83.71440113579014,39.92969273841462],[-83.71570720356823,39.92945345302176],[-83.71631050223158,39.92934292674303],[-83.7163755788857,39.92832572707226],[-83.71678350026296,39.92831564888551],[-83.71696229285227,39.92831124010887],[-83.7172309987167,39.92834430661555],[-83.7186617796057,39.92852039353724],[-83.71896826411938,39.92855811463012],[-83.71915752926827,39.928581405283204],[-83.71938496024035,39.928609378855725],[-83.71961872074189,39.92863816252569],[-83.71986370030301,39.92866828603134],[-83.72148597416282,39.92887394581978],[-83.72156609669965,39.928811519403126],[-83.72156777385426,39.928810212623674],[-83.7215680819764,39.9288099722093],[-83.72165009456859,39.92873049007461],[-83.72172051170709,39.92864464684061],[-83.72177849795868,39.928553472342536],[-83.72182335712901,39.92845801295241],[-83.72184323145638,39.92813812651446],[-83.72187898889626,39.92756330013188],[-83.72189436446065,39.927316188492235],[-83.72198447177186,39.925867527947126],[-83.72197948881697,39.9258671545655],[-83.72046593446275,39.92575370019505],[-83.72008984398927,39.925725492608315],[-83.71885427958793,39.925632834468765],[-83.71885397416074,39.925625465323044],[-83.71875750228574,39.923289730621526],[-83.71971739977752,39.92329393993421],[-83.72075087647761,39.92329820987175],[-83.72144325747442,39.923301157768144],[-83.72214373319026,39.923304155266734],[-83.72312901976693,39.92330601811115],[-83.72331090435746,39.9233063584385],[-83.72438125240838,39.92330835217794],[-83.72462180507178,39.923308803421655],[-83.7246308636831,39.92330882064473],[-83.72462865472582,39.923410672132015],[-83.72462848135099,39.92341861194245],[-83.72485979933327,39.92341904802918],[-83.7277938264086,39.92342448912382],[-83.72780326321066,39.92342450703575],[-83.72779621053736,39.92352657467168],[-83.72779567963302,39.923534266457686],[-83.72978207930504,39.92353793495359],[-83.72979154844646,39.923537952865495],[-83.72958241436011,39.92638951964935],[-83.72958187986251,39.92639680880155],[-83.73589431980446,39.92684410127429],[-83.73613924995824,39.924069282648176],[-83.73783703889578,39.924115782264415],[-83.73795144833035,39.92411891268765],[-83.73832286486942,39.923443517795526],[-83.73843877628714,39.92344371344888],[-83.73971187140275,39.9234459393505],[-83.73972546021805,39.92333616945318],[-83.74459932458927,39.923344611495885],[-83.7445993739966,39.92334461218483],[-83.74459942520058,39.92334461287376],[-83.74580764847794,39.92334667481532],[-83.7458514853655,39.923346749218794],[-83.74585064723732,39.92335723735626],[-83.74584206742806,39.92346463182324],[-83.74549806926811,39.92777035959334],[-83.74549805399674,39.92777055592321],[-83.74549467992453,39.92781278268099],[-83.745476175528,39.92804438735259],[-83.74546484238238,39.928186222240605],[-83.7454604065015,39.92824174190757],[-83.74545365206887,39.92832627748035],[-83.74548095815857,39.928328193231174],[-83.74549245839083,39.928329000588235],[-83.74581842556641,39.92835187386348],[-83.74663782385281,39.92840936700982],[-83.74663796758327,39.92840936700982],[-83.74671317903044,39.92840928296766],[-83.74736421237135,39.92840856172036],[-83.74780281121555,39.92840805884498],[-83.74799349031271,39.92840783978418],[-83.7480190276196,39.927312302512256],[-83.7480275966491,39.92694467306492],[-83.74809871986339,39.926945655415096],[-83.7480992489711,39.92694539019435],[-83.74828798321568,39.92685077864727]],[[-83.80842200424196,39.956398118466026],[-83.8084220177167,39.95639814463243],[-83.80845759459521,39.95646891773734],[-83.80851918488771,39.95659143876806],[-83.80856492081378,39.95668240651995],[-83.80858450678193,39.9567213956134],[-83.80858834618144,39.95672903891087],[-83.80990258054379,39.95681038626635],[-83.80991226617918,39.956810986023434],[-83.80991190864971,39.9568143993367],[-83.80984241587764,39.95747918515214],[-83.8097738654383,39.958134956617826],[-83.8092746231259,39.958101242099644],[-83.80892349144428,39.9580970597162],[-83.80849912730406,39.95815203524626],[-83.80835264262393,39.95817104944297],[-83.8081641913487,39.958134437435156],[-83.80784855210395,39.957953655590266],[-83.80784013668635,39.95794598695245],[-83.80765206899173,39.95777459126154],[-83.80765175188644,39.95777447351526],[-83.80716291206502,39.95759222611628],[-83.80697107593778,39.95854403965361],[-83.80719569967457,39.958760568169126],[-83.80773470052313,39.959280066351326],[-83.8077595892464,39.95930403097655],[-83.80790358110161,39.95944281135819],[-83.80791179529658,39.95945072770898],[-83.80810531845991,39.959462175671874],[-83.80811599224211,39.95946280707939],[-83.80808995726855,39.959571380851564],[-83.80792075868648,39.96027722356647],[-83.80718784480572,39.96023380223835],[-83.80627745975745,39.96017988874985],[-83.80616232178916,39.96017370418829],[-83.80599243419927,39.96016455816961],[-83.80479825967464,39.96010025851837],[-83.80413114918508,39.96005908106818],[-83.80409093071151,39.96005659195345],[-83.80343671463953,39.960016228345644],[-83.80333220284275,39.960009758020135],[-83.80319435995565,39.96000125646459],[-83.80319424586962,39.960001249579044],[-83.80318997348212,39.960000986552046],[-83.80319078555915,39.959993278896334],[-83.80323731649423,39.959552074407576],[-83.80324771539196,39.959455867793615],[-83.80326718637573,39.95926717789092],[-83.80327392284205,39.95920019545295],[-83.80328927594859,39.959046993338376],[-83.80329272458096,39.95901403806553],[-83.80330837952141,39.95886522650549],[-83.80332154523022,39.95873983341226],[-83.80334484213878,39.958513516846864],[-83.80338207371406,39.958175989938276],[-83.80338431051912,39.95815647239759],[-83.80337910478205,39.95815612398069],[-83.80324661944731,39.95814726689196],[-83.80341851926346,39.95646300758681],[-83.80354636929133,39.956471301628774],[-83.80355608726606,39.95647193168671],[-83.80355620314873,39.95647193926114],[-83.80369834177951,39.95648037239676],[-83.80502147575139,39.95655885552602],[-83.80516373026484,39.956567263861785],[-83.80589885130624,39.95661280974171],[-83.80590408399276,39.95656281696711],[-83.80590919899998,39.95651798098755],[-83.80593776901928,39.95624432201781],[-83.8059663049026,39.95597066815039],[-83.80597498262824,39.95588765890787],[-83.8059928770687,39.95571608935229],[-83.80599487312526,39.95569698633275],[-83.80601077240748,39.955544549664566],[-83.80602340541532,39.95542333440677],[-83.80602866774626,39.955372979248224],[-83.80604656039009,39.955201436634056],[-83.80605193770538,39.9551497082413],[-83.80606445483053,39.955029894278276],[-83.80606624157964,39.95501287959879],[-83.80608054275896,39.9548760548141],[-83.80608235196594,39.95485829709244],[-83.8061002805424,39.95468675525318],[-83.80610904360799,39.95460256486896],[-83.80611817677949,39.95451521091783],[-83.80613607032163,39.95434366752941],[-83.80614320384329,39.95427528101335],[-83.80614474714896,39.954260519967235],[-83.80615392882946,39.95417212577653],[-83.80617043986439,39.954014244981224],[-83.80617186010086,39.954000582904825],[-83.80622324463343,39.95350805565284],[-83.80623031976461,39.95343456357262],[-83.80623043564727,39.953434569770195],[-83.80693164618502,39.9534792425029],[-83.80694130307431,39.95347985812744],[-83.80703855109371,39.953486178952055],[-83.80703653527421,39.95350746275299],[-83.80703446645411,39.95352931327947],[-83.80703173647397,39.95355814155794],[-83.80700840273445,39.95380453318497],[-83.80698377272601,39.95406461835551],[-83.8069604335966,39.954311072198664],[-83.80695012453042,39.95441992201901],[-83.8069501182422,39.954421061666174],[-83.80700810629041,39.954502768465794],[-83.80701936128263,39.95451862710005],[-83.80702993175856,39.95453352099168],[-83.80755402237004,39.95527197134465],[-83.8076761411464,39.95544403573934],[-83.80773674778366,39.95552942875597],[-83.80778393179398,39.95559591142521],[-83.80794122230864,39.955817528348646],[-83.80795291298375,39.95583400021568],[-83.8080204123942,39.9559291039784],[-83.80805376504406,39.95597609770566],[-83.8081249843781,39.95607644352107],[-83.80814568785047,39.956105613644475],[-83.80815408081017,39.95611743882693],[-83.80841834989539,39.9563942912902],[-83.80841578610357,39.95638927561001],[-83.80842200424196,39.956398118466026]],[[-83.80977161875178,39.95366494256626],[-83.80977666997862,39.953619824419945],[-83.80977943499308,39.953592447083274],[-83.8097801248992,39.95358560567407],[-83.80997037460168,39.95170265512534],[-83.81002547726118,39.95170591030729],[-83.8102316118728,39.951718133593346],[-83.81027439593484,39.95172067465927],[-83.81046281487073,39.95173185948014],[-83.81060509363869,39.951740289068404],[-83.81069398193607,39.95174555575286],[-83.8109251498997,39.95175925477743],[-83.81103189580661,39.95176558471331],[-83.81115635379595,39.95177294966736],[-83.81141173584808,39.9517881065269],[-83.8116329405969,39.9518012002328],[-83.81181075222592,39.95181175907142],[-83.81204192108788,39.95182545532814],[-83.8122410560268,39.95183725645983],[-83.81244022420339,39.951849058966744],[-83.81246508328225,39.951850538153536],[-83.81268914467366,39.95186381777872],[-83.8129465614099,39.95187905656557],[-83.81298427268554,39.95188129738103],[-83.81313366072065,39.951890141508564],[-83.81335415310545,39.95190321178139],[-83.81357821449689,39.9519164900191],[-83.81377181311872,39.951927966788645],[-83.81380223905737,39.95192976618836],[-83.81402626721115,39.95194304373227],[-83.81425029266995,39.95195632058501],[-83.81446560626715,39.95196906374441],[-83.81448339111313,39.95197012699412],[-83.81462660143406,39.95197862679361],[-83.81463988572047,39.9519794118354],[-83.81467902711402,39.95198171806774],[-83.81491019867093,39.95199540878138],[-83.81535767826004,39.95202193629588],[-83.81596454772664,39.952057878093555],[-83.81622812061752,39.95212871904406],[-83.8162907260063,39.952145559528695],[-83.81656484152536,39.95221924581053],[-83.81660725907477,39.95223065710934],[-83.81684605643011,39.95229485742247],[-83.81685982490848,39.95229854572446],[-83.81712920989924,39.952370966829704],[-83.81739709111024,39.95244299396278],[-83.81757303514176,39.95249029927936],[-83.8181287248917,39.95282375142426],[-83.81794643066941,39.953017239524605],[-83.81814291557825,39.95306590378429],[-83.81833931874039,39.95311457076383],[-83.81797830020074,39.95368243272618],[-83.81830885058089,39.953766337090556],[-83.81830914163503,39.953766416281255],[-83.8183094335875,39.95376648996309],[-83.81830972823492,39.95376656157904],[-83.81831002467896,39.95376662837472],[-83.81831031213986,39.95376668966148],[-83.81831061936367,39.953766750259604],[-83.81831092209593,39.95376680741466],[-83.81831122123494,39.95376685768359],[-83.81831152306886,39.95376690519802],[-83.81831178986849,39.953766942383254],[-83.81831182669943,39.953766945826345],[-83.81831213032999,39.95376698783185],[-83.81831243575719,39.953767021574],[-83.81831273848945,39.953767052561645],[-83.81831304481496,39.95376708010625],[-83.81831329993649,39.95376709869887],[-83.81831335473372,39.95376710283058],[-83.81831366195755,39.95376712073457],[-83.81831396738474,39.95376713519548],[-83.81831427640522,39.953767146213345],[-83.81831458542565,39.95376715309946],[-83.81831482078427,39.95376715585392],[-83.81831489085286,39.95376715378809],[-83.81831519987331,39.95376715378809],[-83.81831550889378,39.953767148279184],[-83.81831581791424,39.953767138638554],[-83.81831612334142,39.95376712555485],[-83.8183163515135,39.953767111093946],[-83.81831643146359,39.953767103519205],[-83.81831673958573,39.95376708423796],[-83.81831704501292,39.9537670580706],[-83.81831735133842,39.95376702708291],[-83.8183176558673,39.953766994029394],[-83.8183178669714,39.95376696717341],[-83.81831795949788,39.95376695615553],[-83.81831826223011,39.953766912084184],[-83.81831856406406,39.95376686663559],[-83.81831886769461,39.95376681498945],[-83.81831916773193,39.953766760588856],[-83.81831936176803,39.953766722714995],[-83.8183194650743,39.95376670343381],[-83.81831976421329,39.9537666393926],[-83.81832005796238,39.95376657397412],[-83.81832035260979,39.95376650373542],[-83.81832064366394,39.95376642798775],[-83.81832082153036,39.95376638185053],[-83.81832093651472,39.953766350862836],[-83.81832122487393,39.95376626891763],[-83.81832151323312,39.95376618284072],[-83.81832179889739,39.95376609332077],[-83.81832208186671,39.95376600104631],[-83.81832223637693,39.95376594664572],[-83.8183223630394,39.953765903263005],[-83.81832264151714,39.95376580203655],[-83.81832291909654,39.953765698055655],[-83.81832319218441,39.95376558994308],[-83.81832346527224,39.95376547838744],[-83.81832359642628,39.95376542192096],[-83.81832373476684,39.95376536270008],[-83.81832399887153,39.953765242881076],[-83.81832426387454,39.95376512030755],[-83.81832452528428,39.953764995668195],[-83.81832478220245,39.953764865519936],[-83.81832489988176,39.95376480561043],[-83.81832503912061,39.95376473192859],[-83.81832528885228,39.95376459558279],[-83.81832554127887,39.95376445579391],[-83.81832578741724,39.95376431462782],[-83.8183260308607,39.95376416726414],[-83.81832612338717,39.953764110109084],[-83.81832626711763,39.95376401714606],[-83.81832650606948,39.953763866339344],[-83.81832673783482,39.953763710712295],[-83.8183269651086,39.95376355026496],[-83.8183271887891,39.95376338637455],[-83.81832726694253,39.953763333351205],[-83.81832741426625,39.95376322523858],[-83.81832763165855,39.953763057905086],[-83.81832784455925,39.95376288643993],[-83.81832805656167,39.95376271290889],[-83.81832825958091,39.953762535246184],[-83.81832831976804,39.95376248773176],[-83.81832846529512,39.953762357583486],[-83.81832866382278,39.95376217647765],[-83.81832885875721,39.953761993306045],[-83.81832904830173,39.95376180737993],[-83.81832923065974,39.95376161594489],[-83.81832927647382,39.95376157118491],[-83.8183294157127,39.953761424509864],[-83.81832959178249,39.95376123169762],[-83.81832976605565,39.95376103613093],[-83.81832993583724,39.953760837121095],[-83.81833009753399,39.953760636045494],[-83.81833012538176,39.953760599548886],[-83.81833025833242,39.95376043290401],[-83.81833041374097,39.953760227696634],[-83.81833056375962,39.95376002042349],[-83.8183307092867,39.95375981177303],[-83.81833084852556,39.95375960105681],[-83.81833086649188,39.95375957695528],[-83.8183309859678,39.95375938758606],[-83.81833111802015,39.953759174804006],[-83.8183312446826,39.95375895789018],[-83.81833136595517,39.95375873822195],[-83.8183314854311,39.95375851442201],[-83.81833159322895,39.95375829888543],[-83.81833170102678,39.9537580764627],[-83.8183318025364,39.95375785197413],[-83.81833189955445,39.95375762748556],[-83.81833199208093,39.95375740093115],[-83.8185627207684,39.953169880837336],[-83.81873265686731,39.953211923900426],[-83.81927354866956,39.95334586119017],[-83.81944200703985,39.953387563967304],[-83.81955003574096,39.95341432644945],[-83.819835052316,39.953424739051904],[-83.81990523319756,39.953427323437445],[-83.82019139332796,39.95343777735501],[-83.8205477693742,39.95345078742231],[-83.82059285581832,39.95345245112417],[-83.82084306177778,39.95343307822252],[-83.82089888039458,39.95342874336888],[-83.82094771371175,39.95342498213427],[-83.82126277264483,39.95339996392781],[-83.82131425689039,39.953396582809255],[-83.8216834842351,39.95329938143187],[-83.82199585630715,39.953609448343826],[-83.82235841006764,39.953378972067924],[-83.82249467641138,39.95350597740447],[-83.82261074593262,39.95343221813801],[-83.82297375424062,39.95320148647517],[-83.82321445692268,39.953507555027734],[-83.82350422289062,39.95387596522309],[-83.82374430753177,39.954181214064775],[-83.82376043049449,39.95420156802486],[-83.82385221136707,39.954150702394394],[-83.82406930812009,39.95442645071653],[-83.82411331568755,39.95448234298009],[-83.82418600915697,39.95457858895564],[-83.82456879387594,39.95508822989662],[-83.8252942849775,39.95603729361792],[-83.82599657349357,39.95695597559799],[-83.82437744822884,39.95680530864403],[-83.82374365535487,39.956744345472195],[-83.82365326956592,39.956734276979155],[-83.82341606851683,39.95670784907152],[-83.82285113061106,39.95664497842919],[-83.82265064909753,39.956625084483385],[-83.8223381494647,39.95659406779208],[-83.82211659077967,39.956570811461624],[-83.82184330710055,39.95654215453411],[-83.82160442620189,39.956515854629465],[-83.82109516767405,39.956459816669955],[-83.82031634539072,39.956377242520695],[-83.81952068867895,39.956289277991424],[-83.81868964193825,39.95619739802257],[-83.81868999856941,39.956194207781934],[-83.81868988358507,39.95619419469869],[-83.81868561209588,39.956193722325466],[-83.81868570552066,39.95619287604747],[-83.81868559592621,39.95619286365283],[-83.81883054718213,39.95489777406868],[-83.81785009713496,39.95466795148975],[-83.81721989482716,39.954520240507605],[-83.81721333892223,39.954518732457046],[-83.81701556223602,39.95447237606807],[-83.81657780960481,39.954084690019435],[-83.81571297722627,39.95403330164517],[-83.81569899405055,39.95412070579186],[-83.81563968458055,39.954117635272745],[-83.81536846792491,39.95405824938151],[-83.81481953440425,39.9539380506373],[-83.81044829899406,39.95366222666403],[-83.81044807711018,39.95366510232526],[-83.81044469046157,39.953708947191295],[-83.80977161875178,39.95366494256626]],[[-83.82405952726327,39.950038142614844],[-83.82404213587937,39.95031239179888],[-83.82402545506287,39.9505752372627],[-83.82258155248252,39.950492741400986],[-83.8225931712924,39.95031223409804],[-83.82259848931886,39.95022992110027],[-83.82261613582432,39.949955671585585],[-83.82262665240135,39.94979233379527],[-83.82263556458727,39.94968148295043],[-83.82266951821009,39.94927068240959],[-83.82351961821796,39.949301341564215],[-83.82387898834905,39.949313348352064],[-83.82495301500107,39.949408433635604],[-83.82506396322685,39.949418271817706],[-83.825023641447,39.949817917329675],[-83.82407695188483,39.94976383930482],[-83.82405952726327,39.950038142614844]],[[-83.76882957735793,39.93570478378772],[-83.76852795901814,39.93569342690242],[-83.76822701082155,39.93567421566042],[-83.76812739753801,39.9356657813373],[-83.768027956731,39.93565639647264],[-83.76819550510791,39.93561691941296],[-83.76883762356795,39.935465591735884],[-83.76882957735793,39.93570478378772]],[[-83.76776222608682,39.93554294592801],[-83.76778338590331,39.9351075101802],[-83.76814268237256,39.93511636543067],[-83.76812615876123,39.93545593545681],[-83.76776222608682,39.93554294592801]],[[-83.78817291143767,39.904161355068005],[-83.78835078415213,39.90417046446972],[-83.78852851672941,39.904179604191214],[-83.78871428114364,39.90418912085693],[-83.78889986140325,39.90419863958859],[-83.78908562132591,39.90420815625166],[-83.78927120607707,39.90421767291336],[-83.78945700372898,39.904227189573746],[-83.78964344187968,39.904236750336096],[-83.78983184374758,39.90424640068184],[-83.79000964819008,39.90425553694767],[-83.79018745083594,39.90426464426956],[-83.79036529121106,39.904273752279295],[-83.79089874047119,39.90430109904195],[-83.79094145087137,39.90430329317749],[-83.79102473457966,39.90430756498825],[-83.79106551539863,39.90454182781475],[-83.79092103845316,39.904534412296236],[-83.79087836308727,39.904532219546354],[-83.7903448743013,39.90450481705794],[-83.79016707075711,39.904495682892666],[-83.78998922948367,39.90448654734798],[-83.78981142593949,39.9044774124912],[-83.78962305641093,39.90446773323529],[-83.78943657873437,39.90445817043785],[-83.789250853846,39.904448627623296],[-83.78906523585715,39.90443908274008],[-83.78887951007049,39.904429539233796],[-83.78869389028502,39.904420020534154],[-83.78850816539666,39.904410477025195],[-83.78833039419182,39.90440133802359],[-83.78815251698578,39.9043922017772],[-83.78796900285133,39.904382767833155],[-83.78806852271009,39.902832837264214],[-83.78828927380968,39.90284372754826],[-83.78829558447455,39.90277444469362],[-83.7891744126052,39.90281522040165],[-83.78931412668304,39.90234081073083],[-83.78937383590336,39.902343134486046],[-83.79041940572377,39.90238530663262],[-83.79069429918387,39.90240924156772],[-83.79070590990892,39.902476020488585],[-83.79077789281095,39.90288946561965],[-83.79089420757226,39.90355761727726],[-83.79094177246824,39.90383089983145],[-83.79000134326527,39.90377895687962],[-83.79001971471116,39.90351065784059],[-83.78823882801659,39.90341501330956],[-83.78817291143767,39.904161355068005]],[[-83.78778545547922,39.90437333595519],[-83.78760765193505,39.90436419832687],[-83.78742980886497,39.90435505862995],[-83.78741632335593,39.904354355735336],[-83.787274058961,39.904347049765434],[-83.78697853658875,39.90433187206178],[-83.78671855875562,39.904318500519295],[-83.78654071568556,39.904309359438095],[-83.78636291303968,39.90430021973386],[-83.78618511039382,39.9042910779611],[-83.78599478253795,39.90428130633774],[-83.78601378460115,39.90411381581045],[-83.78610980642017,39.90326679544669],[-83.7861228319918,39.90315194674604],[-83.78616962972654,39.90273922678392],[-83.7865883012428,39.902759862737675],[-83.78666775992463,39.902763797660874],[-83.78667728835484,39.902764268335574],[-83.78684565869021,39.90277255027992],[-83.78685515118782,39.902773024400204],[-83.78702355925246,39.90278133390862],[-83.78711515327545,39.90278584563089],[-83.78720146340795,39.9027901147797],[-83.78741076008937,39.90280041793344],[-83.78750866657387,39.902805245964196],[-83.78755301819609,39.90280744910624],[-83.78756653873944,39.90280809619739],[-83.78774436833474,39.90281687913241],[-83.78783446217122,39.90282132469606],[-83.78792212696317,39.9028256324338],[-83.78778545547922,39.90437333595519]],[[-83.79043198842596,39.90230455889875],[-83.79044632913117,39.902191864196816],[-83.78972109764273,39.90215599957952],[-83.78966661392242,39.90186862437817],[-83.79060918830228,39.901920356524116],[-83.79065866301657,39.90220449120046],[-83.79068085140408,39.90233199258899],[-83.79043198842596,39.90230455889875]],[[-83.78876577796561,39.90091077529049],[-83.78912989389637,39.90093315533638],[-83.78949415355756,39.90095556087335],[-83.78985823625062,39.90097796778131],[-83.79022249591182,39.9010003429812],[-83.79051555869685,39.90101836759564],[-83.79054310104347,39.901092521726014],[-83.7904101791275,39.90108511754964],[-83.79021427722529,39.90107420562263],[-83.78984980735832,39.90105391855797],[-83.78948547852686,39.901033601164904],[-83.78912097093065,39.9010133120208],[-83.78875664209919,39.90099299392658],[-83.78845939945315,39.90097643856554],[-83.78846704052295,39.90089242537031],[-83.78876577796561,39.90091077529049]],[[-83.82864806783564,39.895447645674146],[-83.82872842932433,39.8954539256821],[-83.82898144611231,39.89547369336814],[-83.82894061588603,39.895870602099606],[-83.82893780056591,39.89589797220275],[-83.82860441240778,39.89587192122401],[-83.82855119621034,39.895867761915774],[-83.82855401422538,39.895840395246566],[-83.82859488218094,39.895443491164556],[-83.82864806783564,39.895447645674146]],[[-83.8262920518484,39.89566363640433],[-83.82628923473166,39.89569100452253],[-83.82451590466528,39.89555239188668],[-83.82345191848319,39.895469221827355],[-83.82345473829487,39.89544185362058],[-83.82357562548098,39.89426795815852],[-83.8241435287255,39.894307802976584],[-83.82420319033508,39.893728459440204],[-83.82469773266195,39.89378618497419],[-83.82646407203879,39.89399238372714],[-83.8262920518484,39.89566363640433]],[[-83.82190909432208,39.89534858729372],[-83.82168617289274,39.895333544059085],[-83.82132033399328,39.89530885404243],[-83.82113512833115,39.89529635258157],[-83.82106148534248,39.895291383424265],[-83.82060932642906,39.89526472364802],[-83.82028825507179,39.89524579466298],[-83.81979387534001,39.89521664615236],[-83.82002440100821,39.893243926256446],[-83.82051562316177,39.893299919490495],[-83.82125588975312,39.89338432037713],[-83.82133115509919,39.893393109344586],[-83.82210125474113,39.89348304456711],[-83.82207332971223,39.89375415008293],[-83.82190909432208,39.89534858729372]],[[-83.74499495611514,39.923043083047766],[-83.74364805721243,39.923040820620045],[-83.74396883661723,39.91999625614061],[-83.74530654844952,39.920086028301014],[-83.74499495611514,39.923043083047766]],[[-83.7271866164805,39.9219555342491],[-83.72718673415982,39.921955533560144],[-83.72752469653936,39.921956154290854],[-83.72747266791475,39.923012129668315],[-83.72634090384447,39.9230100394708],[-83.72591956343352,39.9230095021095],[-83.72599233595469,39.921953306921125],[-83.7271866164805,39.9219555342491]],[[-83.73488008052618,39.89430895878749],[-83.7348442296615,39.89466473878754],[-83.73417316658468,39.89461977816919],[-83.73344250567868,39.894570829747906],[-83.73361020766751,39.892989321568166],[-83.7337758282598,39.89142733346288],[-83.73520005593882,39.89113259210643],[-83.73488008052618,39.89430895878749]],[[-83.70966192349012,39.91195887391622],[-83.70971849489513,39.911725803682714],[-83.7103694905068,39.9117723199495],[-83.71034167417403,39.912007433014715],[-83.70966192349012,39.91195887391622]],[[-83.70647552641378,39.92349247728066],[-83.70748590832623,39.923456873204145],[-83.70747225662886,39.92357405361046],[-83.70737742777253,39.92438833591571],[-83.70639471127589,39.92431775971884],[-83.70646362283796,39.9236139461447],[-83.70647552641378,39.92349247728066]],[[-83.77904719865583,39.96818444646264],[-83.77904745108242,39.96818017312943],[-83.77910759957892,39.96764777307048],[-83.77913268682984,39.96742514800176],[-83.77916663685937,39.9671237972456],[-83.77920062102488,39.96682239145938],[-83.77923521873974,39.96651554323348],[-83.77924138387755,39.966460869100274],[-83.7804167934942,39.966532526134536],[-83.78041070201826,39.966587227061424],[-83.78034848200673,39.967145142896165],[-83.78022455851497,39.968256276561476],[-83.77904719865583,39.96818444646264]],[[-83.7655557454584,39.97092765506038],[-83.76556180010341,39.97087008129219],[-83.76556897315095,39.97080166930874],[-83.76561212911552,39.970391149155844],[-83.7657902964774,39.970399331356724],[-83.7661573427126,39.97041615494995],[-83.76666419465377,39.970439408636715],[-83.76667377249133,39.97043984786606],[-83.76667352455632,39.97044332865528],[-83.7666466802007,39.97069886739051],[-83.76663074318924,39.97085036497276],[-83.76662356924336,39.97091877484211],[-83.76660477738595,39.97109751284939],[-83.76657752878842,39.971356672388346],[-83.7656939243154,39.971316155733966],[-83.765628926713,39.9713131796146],[-83.76551577402152,39.971307977773485],[-83.76551587014124,39.97130799911508],[-83.76551586025978,39.97130809343116],[-83.7654984473163,39.97148963511144],[-83.76548882007141,39.9714891766126],[-83.76539179573253,39.97148444085653],[-83.76529632637738,39.97147978082818],[-83.76471790206425,39.971451541145946],[-83.76474822020509,39.97113527380712],[-83.76542307327408,39.9711682177301],[-83.76553436914789,39.97117368738499],[-83.7655557454584,39.97092765506038]],[[-83.76643546022625,39.97244658774491],[-83.76643556443082,39.9724465946292],[-83.76643568211011,39.9724465946292],[-83.76641840930382,39.97261081938946],[-83.76637814950774,39.97299396283804],[-83.76637803272676,39.97299396283804],[-83.76553932784827,39.97295549589785],[-83.7655392128639,39.972955490390476],[-83.76546806988665,39.972952227270554],[-83.76546795220737,39.97295222176314],[-83.76536121618193,39.97294731331452],[-83.76536109760431,39.97294730780715],[-83.76538509250386,39.97268442166098],[-83.76527900865533,39.97267982023055],[-83.76470002469179,39.97265470924709],[-83.76473286530195,39.972298736176015],[-83.7653122660838,39.97232386656627],[-83.76540841726022,39.972328035687745],[-83.76541793041909,39.97232844874465],[-83.76541182187515,39.97239210629612],[-83.76541110591786,39.97239956885072],[-83.76552174152994,39.97240464944552],[-83.76642598389832,39.97244615472431],[-83.76643546022625,39.97244658774491],[-83.7664348287106,39.97244569967403],[-83.76643554915945,39.97244573616066],[-83.76643546022625,39.97244658774491]]]}},{"type":"Feature","properties":{"name":"NEW CARLISLE","kind":"municipality"},"geometry":{"type":"Polygon","coordinates":[[[-84.00467229109039,39.957752878429226],[-84.00466694791109,39.95780763802353],[-84.00465098125522,39.95797158533997],[-84.00448274117555,39.959700602165235],[-84.00447739709792,39.95975533403479],[-84.00425762785692,39.96201338276307],[-84.00773950508469,39.96220651161565],[-84.00868592066071,39.962798998205606],[-84.00914359882323,39.963085537966386],[-84.00923200113203,39.96314084961509],[-84.00995579531602,39.96359366618356],[-84.01000728405316,39.963625015695754],[-84.01012928335358,39.96369925074903],[-84.01013908127837,39.96360022980813],[-84.01019096617256,39.96307686879396],[-84.01021250148484,39.96285939207892],[-84.01093251376149,39.96010687962806],[-84.01093253262611,39.960106812838575],[-84.01125580755077,39.95684435068837],[-84.01427046021949,39.95701700055361],[-84.01452387945272,39.954437259114755],[-84.01725028879791,39.954579705876114],[-84.01862865119344,39.954651694875686],[-84.01918446940246,39.95468071342487],[-84.01994944146074,39.95472066357563],[-84.02007205520881,39.95472706485244],[-84.01947171290108,39.955957542190234],[-84.01922220493259,39.95647196680466],[-84.01933307680159,39.95650243405843],[-84.02056964282447,39.956842484625284],[-84.02031697817608,39.95735604461363],[-84.02122971501377,39.95760219739371],[-84.02069058660445,39.9587480555673],[-84.02364736800591,39.95892379089813],[-84.02441227987708,39.958966815068806],[-84.0293976736841,39.959247217229034],[-84.02952866871378,39.95770045168497],[-84.02937011786274,39.95768728198794],[-84.0286433448653,39.957626882857774],[-84.02864363591944,39.95762418088437],[-84.02864393775337,39.957621480976634],[-84.0286442449772,39.95761877900302],[-84.02864456208249,39.957616078406524],[-84.02864488457769,39.957613379875596],[-84.02864521785266,39.95761067927884],[-84.02864555921248,39.95760798281345],[-84.02864590775879,39.95760528428219],[-84.02864626438996,39.95760258712801],[-84.02864663180091,39.9575998906623],[-84.02864700370343,39.957597195573605],[-84.02864738728407,39.95759450048482],[-84.02864777535628,39.95759180470739],[-84.02864817330993,39.95758911168409],[-84.02864858024675,39.957586417972166],[-84.0286489943701,39.957583726325836],[-84.02864941927322,39.95758103467941],[-84.02864984956626,39.957578343032914],[-84.02865028794412,39.95757565345199],[-84.02865073620345,39.95757296524813],[-84.0286511925476,39.95757027704417],[-84.02865165428166,39.95756758952868],[-84.02865212589718,39.957564902701634],[-84.02865260559754,39.95756221656311],[-84.0286530960777,39.95755953249016],[-84.02865359194773,39.957556847728554],[-84.0286540959026,39.95755416503256],[-84.02865460973895,39.95755148233646],[-84.02865512896518,39.95754880170603],[-84.0286556589712,39.9575461203869],[-84.02865619616372,39.95754344113338],[-84.02865674144113,39.95754076256829],[-84.02865729480334,39.95753808469174],[-84.02865785625039,39.957535409569395],[-84.02865842578228,39.95753273444688],[-84.02865894770346,39.95753032511512],[-84.02865900519565,39.95753005863573],[-84.0286595899989,39.95752738695595],[-84.02866018558191,39.95752471321031],[-84.02866078565653,39.95752204359604],[-84.02866139651093,39.95751937329309],[-84.02866201545014,39.95751670367861],[-84.02866264247422,39.95751403544116],[-84.02866327758312,39.95751136926937],[-84.02866391987857,39.957508703097474],[-84.02866457025884,39.9575060383026],[-84.02866523141888,39.9575033755734],[-84.0286658979688,39.957500713532625],[-84.02866657170529,39.95749805286893],[-84.02866725622151,39.957495393582256],[-84.02866794882262,39.95749273498407],[-84.02866864681357,39.957490077762955],[-84.02866935468602,39.95748742260745],[-84.02867007064332,39.95748476745185],[-84.02867079468544,39.957482114361916],[-84.02867152681239,39.957479462649005],[-84.02867226612585,39.957476811624524],[-84.0286730144225,39.95747416197718],[-84.02867376990565,39.957471514395394],[-84.02867453527027,39.95746886819068],[-84.02867530692309,39.957466222674455],[-84.02867608845739,39.95746357853532],[-84.02867687538159,39.957460936461786],[-84.02867767308555,39.957458296453865],[-84.02867847617942,39.95745565644585],[-84.02867928915475,39.957453017814856],[-84.02868011021492,39.95745038124954],[-84.02868093666498,39.957447746749885],[-84.02868177389483,39.95744511225007],[-84.0286826183112,39.95744248188165],[-84.0286834708124,39.95743985082453],[-84.02868433139844,39.95743722183304],[-84.02868502849111,39.9574351134066],[-84.02868520006932,39.957434594907205],[-84.02868607682504,39.957431967981286],[-84.02868696076729,39.957429344498095],[-84.02868785279435,39.957426721703456],[-84.02868875290628,39.95742410028584],[-84.02868966379796,39.957421480933846],[-84.02869057918124,39.95741886295893],[-84.02869150264935,39.957416247738216],[-84.0286924342023,39.95741363389454],[-84.0286933738401,39.95741102005081],[-84.02869432335933,39.95740840827265],[-84.02869527916681,39.95740579993735],[-84.02869624485574,39.95740319229053],[-84.02869721593456,39.95740058602068],[-84.0286981941999,39.95739798181658],[-84.02869918414335,39.95739537898949],[-84.02870017857838,39.95739277891656],[-84.02870118379317,39.95739018022077],[-84.02870219439787,39.95738758359059],[-84.02870321488402,39.95738498902603],[-84.02870424165839,39.9573823937728],[-84.02870527561929,39.95737980333954],[-84.02870632035996,39.95737721428332],[-84.02870736959223,39.957374627292765],[-84.02870843050256,39.95737203961352],[-84.02870949590451,39.957369456754215],[-84.02871057208621,39.957366875271994],[-84.02871165365781,39.95736429585539],[-84.02871274241593,39.95736171643868],[-84.02871384285216,39.957359140464796],[-84.02871494777996,39.957356567245114],[-84.02871606079259,39.95735399540247],[-84.02871718189007,39.957351425625504],[-84.028718312869,39.95734885722562],[-84.02871945013615,39.95734629157989],[-84.02872059458983,39.957343727311255],[-84.02872140397191,39.957341927365384],[-84.02872174712833,39.95734116510829],[-84.02872290775167,39.957338607036675],[-84.02872407556157,39.957336048276375],[-84.02872525145627,39.95733349158175],[-84.0287264354358,39.957330939018476],[-84.02872762750019,39.95732838852082],[-84.0287288276494,39.95732583802313],[-84.02873003588347,39.95732329096819],[-84.02873125130404,39.95732074597893],[-84.02873247211451,39.95731820512103],[-84.02873370370476,39.95731566426308],[-84.02873494068491,39.95731312684788],[-84.02873618754653,39.95731058943259],[-84.02873743979805,39.957308056148705],[-84.02873870282933,39.95730552493045],[-84.02873997125052,39.95730299508927],[-84.02874124775653,39.95730047006804],[-84.02874253144907,39.95729794435818],[-84.02874382412476,39.957295422091086],[-84.028745123987,39.9572929025782],[-84.02874643193402,39.957290384442416],[-84.02874774706761,39.95728787043803],[-84.02874906848939,39.9572853564335],[-84.02875039979264,39.95728284656038],[-84.02875173648577,39.95728033806434],[-84.0287530839587,39.95727783369966],[-84.02875443682153,39.957275331400666],[-84.02875579687087,39.95727282910152],[-84.02875716590337,39.957270332310976],[-84.02875854212238,39.957267835520334],[-84.02875992642623,39.9572653428611],[-84.02876131611998,39.95726285226745],[-84.0287627156952,39.957260363050935],[-84.0287641215586,39.95725787796578],[-84.02876553460855,39.95725539494626],[-84.02876695843827,39.95725291399243],[-84.02876781902431,39.95725141770794],[-84.0287683876579,39.95725043648136],[-84.02876982136908,39.95724796172457],[-84.02877126675838,39.95724548834482],[-84.02877271933419,39.95724301840788],[-84.0287741772999,39.95724055122518],[-84.02877564335044,39.957238085419526],[-84.02877711748582,39.95723562374533],[-84.02877859880773,39.95723316413671],[-84.02878008911279,39.9572307059052],[-84.02878158660437,39.957228251805084],[-84.02878308948583,39.95722579977062],[-84.02878460045214,39.957223351867555],[-84.02878611860498,39.957220906030145],[-84.02878764574096,39.95721846156977],[-84.02878918006344,39.957216021240804],[-84.0287907224708,39.95721358297754],[-84.02879227026804,39.95721114815704],[-84.0287938261501,39.957208715402224],[-84.0287953892187,39.95720628540165],[-84.02879696127044,39.957203858155296],[-84.02879853781376,39.957201435728905],[-84.02880012513688,39.95719901467962],[-84.02880171784987,39.95719659569596],[-84.02880331595277,39.95719418084372],[-84.02880492393713,39.95719176943426],[-84.02880654090464,39.95718935871336],[-84.02880816236373,39.957186953501],[-84.02880979190766,39.9571845496657],[-84.0288114295364,39.95718214858463],[-84.02881307165676,39.95717975094639],[-84.02881472545519,39.95717735537379],[-84.02881638374521,39.95717496393265],[-84.0288180474251,39.95717257593425],[-84.0288197218848,39.95717019069012],[-84.02882140173439,39.957167806823115],[-84.02882309236374,39.95716542846465],[-84.02882394486495,39.95716422964522],[-84.02882478478973,39.957163050794655],[-84.02882648889384,39.95716067656752],[-84.02882819748952,39.95715830647176],[-84.02882991417002,39.95715594050739],[-84.02883163893537,39.95715357592017],[-84.0288333690906,39.95715121339853],[-84.02883510643237,39.95714885500833],[-84.02883685275727,39.95714650074954],[-84.0288386062687,39.95714414786781],[-84.02884036517004,39.957141799806095],[-84.0288421321562,39.95713945449862],[-84.02884390632887,39.957137111945386],[-84.02884568678977,39.95713477283498],[-84.0288474744372,39.95713243854455],[-84.02884927106777,39.957130104942635],[-84.02885107488486,39.957127776160675],[-84.02885288409183,39.95712544875583],[-84.0288546986887,39.957123126171005],[-84.02885652316704,39.95712080634038],[-84.02885835393359,39.95711849132976],[-84.02886019188668,39.95711617769621],[-84.02886203522964,39.95711386819408],[-84.02886388935237,39.95711156282338],[-84.02886574617008,39.95710925951833],[-84.02886761376755,39.95710695965612],[-84.0288694867549,39.95710466392529],[-84.0288713669288,39.95710237026016],[-84.02887325249259,39.95710008003787],[-84.02887514703951,39.957097793946964],[-84.02887704877297,39.95709551198748],[-84.02887895589633,39.957093232093655],[-84.02888087020618,39.957090957708445],[-84.02888279080427,39.957088683323114],[-84.02888471858888,39.957086415134995],[-84.02888665535662,39.95708415107826],[-84.02888859661596,39.957081888398584],[-84.02888938264182,39.95708097740492],[-84.02889054596011,39.957079629850334],[-84.02889250069417,39.957077375433535],[-84.02889446351307,39.95707512514816],[-84.02889643351848,39.95707287623984],[-84.02889840981213,39.957070631462926],[-84.02890039329226,39.95706839081748],[-84.02890238485725,39.95706615361484],[-84.0289043791172,39.95706392123218],[-84.02890638415688,39.95706169022667],[-84.0289083945865,39.957059464729696],[-84.02891041220262,39.957057241986966],[-84.02891243610696,39.957055022687136],[-84.02891446719782,39.95705280751864],[-84.02891650457688,39.957050595793035],[-84.02891854914247,39.957048388887415],[-84.02892059909796,39.95704618335892],[-84.02892265713825,39.95704398402759],[-84.02892471967016,39.957041786073326],[-84.0289267911852,39.957039592939104],[-84.02892886988677,39.95703740324767],[-84.02893095487656,39.95703521699913],[-84.02893304435788,39.95703303557053],[-84.02893514192408,39.95703085758483],[-84.02893724757512,39.95702868373053],[-84.02893935861603,39.957026513319065],[-84.02894147504684,39.95702434566192],[-84.02894359866417,39.957022183513295],[-84.02894572856971,39.957020023430395],[-84.02894786566176,39.95701786885607],[-84.02895001083868,39.95701571703599],[-84.02895216140546,39.95701357072451],[-84.02895431736215,39.95701142579014],[-84.02895648140365,39.957009285675774],[-84.02895865083508,39.95700715106998],[-84.02896082565636,39.957005018529905],[-84.02896301035913,39.957002890121224],[-84.0289636724175,39.95700224698509],[-84.02896519775686,39.9570007651554],[-84.02896739413772,39.95699864638675],[-84.02896959501018,39.95699652968382],[-84.02897180396747,39.95699441711229],[-84.02897401831464,39.956992310049344],[-84.02897624074664,39.956990205052065],[-84.02897846767024,39.95698810625202],[-84.02898070357699,39.956986008829055],[-84.0289829439753,39.95698391553753],[-84.02898519066181,39.95698182844314],[-84.02898744183993,39.956979745480254],[-84.0289897037978,39.95697766389439],[-84.02899196845064,39.95697558850576],[-84.02899424118831,39.95697351724859],[-84.02899651931587,39.956971450122815],[-84.02899880552826,39.9569693864399],[-84.02900109623225,39.95696732688839],[-84.02900339322441,39.956965271468334],[-84.02900569740312,39.956963219491136],[-84.02900800517509,39.956961171645396],[-84.02901032282853,39.95695912999684],[-84.02901264317691,39.95695709041396],[-84.02901497161012,39.956955056339666],[-84.02901730812818,39.95695302639683],[-84.02901964734117,39.95695100058541],[-84.0290219937407,39.95694897821685],[-84.02902434912338,39.956946959979746],[-84.029026707201,39.95694494587409],[-84.02902907246514,39.956942937965586],[-84.02903144311918,39.95694093349999],[-84.02903382185804,39.95693893110003],[-84.02903620419018,39.95693693696303],[-84.02903859370883,39.95693494489177],[-84.02904099131233,39.95693295626332],[-84.02904339161077,39.95693097383206],[-84.02904579909573,39.95692899346648],[-84.02904629047418,39.956928592022436],[-84.02904821556385,39.95692701860955],[-84.02905063382858,39.956925047884035],[-84.02905305838154,39.956923083355704],[-84.02905549012101,39.95692112089311],[-84.0290579281487,39.95691916393911],[-84.0290603733629,39.95691721111653],[-84.02906282127203,39.95691526242541],[-84.02906527726603,39.9569133192429],[-84.02906773864991,39.95691138019185],[-84.02907020811861,39.95690944320647],[-84.02907268028228,39.95690751448404],[-84.02907515963247,39.956905587138735],[-84.02907764257591,39.95690366599063],[-84.0290801336042,39.95690174897399],[-84.02908263181902,39.95689983540018],[-84.02908513362708,39.956897928023565],[-84.02908764262165,39.956896022712684],[-84.02909015700615,39.95689412566474],[-84.02909267678051,39.956892229993926],[-84.02909520194477,39.956890340520275],[-84.02909773249894,39.956888453112356],[-84.02910026844297,39.95688657396737],[-84.02910281247185,39.956884696199474],[-84.02910536189063,39.956882824628835],[-84.02910791310605,39.95688095650101],[-84.02911047330461,39.956879095259],[-84.029113041588,39.956877237459864],[-84.02911561166803,39.95687538379219],[-84.02911818803626,39.956873535633136],[-84.02912076889608,39.95687168953977],[-84.02912335784073,39.956869851709335],[-84.02912595217528,39.95686801594464],[-84.02912854920474,39.95686618568857],[-84.02913115521739,39.9568643616297],[-84.02913376572161,39.95686253963652],[-84.02913638071739,39.95686072384054],[-84.02913664751705,39.956860539988625],[-84.02913900200141,39.95685891355318],[-84.02914162867529,39.9568571073973],[-84.02914426073906,39.9568553046843],[-84.02914689998939,39.95685350679131],[-84.02914954283294,39.956851714406994],[-84.02915219106642,39.95684992821984],[-84.02915484648638,39.95684814547556],[-84.02915750549963,39.95684636686276],[-84.02916016900443,39.956844592381444],[-84.0291628405941,39.956842826163026],[-84.02916551577701,39.956841061321796],[-84.02916819814645,39.95683930336633],[-84.02917088321082,39.956837548165154],[-84.0291735736651,39.95683579984979],[-84.02917627220423,39.95683405497731],[-84.02917897343829,39.95683231630199],[-84.02918168275718,39.95683058175814],[-84.02918439477102,39.95682885272298],[-84.02918711217475,39.95682712781924],[-84.02918983676501,39.95682540704699],[-84.02919256494852,39.95682369247195],[-84.02919529852194,39.95682198340554],[-84.02919803658692,39.95682027847055],[-84.02920078094013,39.95681857697852],[-84.0292035297849,39.95681688237223],[-84.02920628491786,39.95681519327457],[-84.02920904454241,39.9568135083084],[-84.02921181045518,39.95681182678512],[-84.02921458085952,39.95681015145905],[-84.0292173539588,39.95680848233017],[-84.02922013604123,39.95680681733281],[-84.0292229199203,39.95680515577829],[-84.02922570918925,39.956803500420996],[-84.0292285038481,39.95680185126092],[-84.02923130389684,39.956800206232344],[-84.02923410933548,39.95679856464665],[-84.02923687884149,39.956796954047185],[-84.0292396537374,39.956795346890615],[-84.0292424340232,39.95679374661985],[-84.02924521969891,39.95679214772626],[-84.02924800806954,39.956790556407036],[-84.02925080093178,39.95678896990785],[-84.0292536000822,39.9567873868516],[-84.02925640462252,39.95678580999253],[-84.02925921095947,39.95678423864214],[-84.02926202627955,39.95678267211174],[-84.02926484159966,39.95678110902429],[-84.02926766410629,39.95677955213407],[-84.02927049290112,39.95677800075248],[-84.02927332349256,39.956776453502336],[-84.02927616037223,39.95677491038367],[-84.02927899904854,39.9567733734623],[-84.029281846708,39.95677184204951],[-84.02928469616408,39.956770314768214],[-84.02928754831508,39.956768793684155],[-84.02929040944929,39.95676727673153],[-84.02929328495651,39.95676575082732],[-84.02863134516973,39.95630217045604],[-84.02726394671224,39.955349618524025],[-84.02642024899738,39.954761822893644],[-84.02572456399695,39.95427716780481],[-84.02568166854381,39.95424727799236],[-84.02564594793486,39.95422248181929],[-84.02517792746848,39.95389759183242],[-84.02443244885184,39.95338002565509],[-84.02428931758267,39.95328065785557],[-84.02425265823425,39.95325518855004],[-84.02423714882087,39.95315970783624],[-84.02407946035252,39.952188430955886],[-84.0240790354494,39.95218586511662],[-84.02407861773278,39.952183304786246],[-84.02407821169427,39.95218074307854],[-84.02407793860644,39.95217903527339],[-84.02407780475745,39.95217818068215],[-84.02407740321053,39.95217561690838],[-84.02407700166358,39.95217305451174],[-84.02407660011666,39.95217049280366],[-84.02407646626769,39.95216963821231],[-84.0240762030613,39.95216792834095],[-84.02407580690426,39.95216536594408],[-84.02407541883206,39.95216280148118],[-84.0240750271666,39.952160237706835],[-84.02407462651799,39.95215756857176],[-84.024074227666,39.952154900125265],[-84.02407383150894,39.9521522289241],[-84.02407343804686,39.95214955772283],[-84.02407304727971,39.95214688858738],[-84.0240726592075,39.952144218074544],[-84.02407227293195,39.952141546872966],[-84.02407189294459,39.95213887567133],[-84.0240715120589,39.952136204469525],[-84.02407113746143,39.95213353120175],[-84.02407076196563,39.952130859999755],[-84.02407039185974,39.9521281887977],[-84.02407002444879,39.952125515529616],[-84.02406965973279,39.95212284226142],[-84.02406929771172,39.952120171059],[-84.02406893569065,39.952117497790596],[-84.02406857905949,39.952114823833455],[-84.0240682269199,39.95211215056484],[-84.02406787567863,39.95210947729612],[-84.02406752623396,39.952106803338665],[-84.02406718038259,39.95210412800385],[-84.02406683902278,39.952101454046186],[-84.02406649766297,39.95209878077705],[-84.02406616169306,39.952096104753295],[-84.02406582841809,39.95209342872942],[-84.02406549514312,39.95209075545998],[-84.02406516635973,39.9520880794359],[-84.02406484116959,39.952085403411715],[-84.0240645177761,39.952082727387435],[-84.02406419797585,39.95208005136305],[-84.02406387997225,39.95207737602715],[-84.02406356735851,39.952074699313904],[-84.0240632547448,39.95207202191196],[-84.02406294482603,39.95206934519851],[-84.02406264029713,39.95206666710772],[-84.02406233576826,39.952063991082646],[-84.02406203662927,39.952061312991646],[-84.02406173928692,39.95205863696642],[-84.02406144284288,39.95205595818656],[-84.0240611508904,39.95205328009519],[-84.0240608625312,39.95205060200377],[-84.02406057596863,39.9520479232236],[-84.024060292101,39.95204524513191],[-84.02406001362324,39.95204256635154],[-84.02405973514551,39.9520398882597],[-84.02405945936272,39.95203720947905],[-84.02405918896983,39.95203452863248],[-84.0240589176786,39.95203185054032],[-84.0240586526756,39.95202916969348],[-84.02405838677427,39.95202649091247],[-84.02405829873938,39.952025590869575],[-84.02405812716117,39.95202381213135],[-84.02405786934467,39.9520211312842],[-84.02405761422314,39.952018450436995],[-84.02405736179654,39.95201576958963],[-84.02405711206488,39.952013090808094],[-84.02405686502819,39.95201040996052],[-84.02405661978811,39.9520077291129],[-84.0240563781413,39.952005048265114],[-84.02405614188437,39.952002366728635],[-84.02405590472914,39.951999685880686],[-84.02405567296381,39.95199700503259],[-84.02405544209678,39.95199432142986],[-84.02405521572132,39.951991640581596],[-84.02405499204082,39.95198895904459],[-84.02405477105526,39.95198627819607],[-84.02405455276464,39.95198359459297],[-84.02405433627065,39.9519809130556],[-84.02405412336992,39.951978230140874],[-84.02405391316415,39.95197554860334],[-84.02405370475502,39.951972864999824],[-84.02405350173575,39.95197018139614],[-84.02405329961482,39.95196749985829],[-84.02405310198546,39.9519648162544],[-84.0240529043561,39.95196213265046],[-84.02405271211661,39.951959449046356],[-84.0240525225721,39.9519567675081],[-84.02405233572253,39.95195408390378],[-84.02405214797463,39.951951400299365],[-84.02405196651495,39.9519487166949],[-84.02405178954683,39.95194603240163],[-84.02405161347704,39.95194334879694],[-84.02405143920386,39.95194066450346],[-84.02405126762565,39.95193798089857],[-84.02405110143734,39.95193529522764],[-84.024050935249,39.951932610933895],[-84.02405077445054,39.95192992663999],[-84.02405061634705,39.95192724303468],[-84.02405045824356,39.951924556674676],[-84.02405030463167,39.95192187238051],[-84.02405015461302,39.95191918808619],[-84.02405000639101,39.95191650241452],[-84.02404986176222,39.95191381812003],[-84.02404971893009,39.9519111338254],[-84.02404957879291,39.95190844746482],[-84.02404944404562,39.95190576316996],[-84.02404930929833,39.95190307612053],[-84.02404917994093,39.95190039182552],[-84.02404905058353,39.95189770546446],[-84.02404892571771,39.95189502116924],[-84.0240488017502,39.95189233411933],[-84.02404872269845,39.95189053127546],[-84.02404868227426,39.951889647757966],[-84.02404856639158,39.95188696346242],[-84.02404845230555,39.95188427641225],[-84.02404834091445,39.95188159211644],[-84.02404823221829,39.95187890506606],[-84.02404812621711,39.95187621801552],[-84.02404802560578,39.95187353165357],[-84.02404792499448,39.9518708466687],[-84.02404782617978,39.95186815961789],[-84.02404773365333,39.95186547256692],[-84.02404764382179,39.95186278758179],[-84.02404755309195,39.951860100530666],[-84.024047467752,39.95185741347938],[-84.02404738510698,39.951854726428046],[-84.02404730605525,39.9518520414425],[-84.02404722880014,39.951849354390895],[-84.02404715334166,39.95184666733925],[-84.02404708147644,39.951843980287435],[-84.0240470150011,39.95184129254693],[-84.02404694852576,39.951838607560845],[-84.02404688384706,39.95183591982013],[-84.02404682545658,39.951833232767896],[-84.0240467688627,39.95183054502695],[-84.02404671226884,39.951827857974564],[-84.02404666106487,39.951825172299316],[-84.02404661255585,39.951822484558015],[-84.02404656674176,39.9518197975053],[-84.02404652362264,39.951817109763844],[-84.02404648319845,39.95181442408817],[-84.02404644546921,39.9518117363465],[-84.02404640953658,39.95180904860466],[-84.02404637989218,39.95180636086279],[-84.02404634934946,39.9518036731208],[-84.02404632419665,39.95180098744459],[-84.02404629994213,39.95179829970239],[-84.02404628017919,39.95179561196004],[-84.02404626311119,39.951792925594916],[-84.02404624873816,39.95179023785236],[-84.02404623436512,39.95178755010973],[-84.02404622448364,39.951784861678355],[-84.02404622089038,39.951782176001416],[-84.02404621639882,39.95177948756983],[-84.0240462155005,39.951776801204076],[-84.02404621639882,39.95177411346087],[-84.024046222687,39.95177142502897],[-84.02404622987353,39.951768738662906],[-84.02404624155163,39.951766050230795],[-84.02404625322973,39.95176336455311],[-84.0240462693994,39.95176067612079],[-84.02404628916234,39.95175798975424],[-84.02404631162022,39.95175530132171],[-84.02404687755886,39.95169177261094],[-84.02411817414801,39.951695869995234],[-84.02446732414612,39.951715825286186],[-84.02463052288043,39.95172515148011],[-84.02629895307783,39.95182052814677],[-84.02675986966695,39.951846873240946],[-84.02902370682794,39.95197624894328],[-84.0313854783212,39.95211117477357],[-84.03405333098459,39.95226352888368],[-84.03414844460688,39.95226898421253],[-84.03427654436639,39.9522762878243],[-84.03534683312851,39.95233029913164],[-84.03534626988481,39.95233734381218],[-84.03559884919326,39.95235176164727],[-84.03584787656307,39.952365988040434],[-84.03609689315309,39.952380189639925],[-84.03633822375753,39.95239396428652],[-84.03658723585598,39.95240817138928],[-84.036836235378,39.95242239777066],[-84.03708523669665,39.9524365952267],[-84.03733423801533,39.952450794745666],[-84.03758324741882,39.95246501560916],[-84.03783224155096,39.95247921994265],[-84.03808125634433,39.952493433913936],[-84.03833026125626,39.9525076430619],[-84.03857928143955,39.95252183774575],[-84.03882828455482,39.952536062037616],[-84.03903888738667,39.95254806894626],[-84.03907728407685,39.95255025740415],[-84.03935046894128,39.95256583690853],[-84.03943941023925,39.952570927929486],[-84.03952833357091,39.95257599484817],[-84.04000957005175,39.95260344902923],[-84.04041380923466,39.95262650562981],[-84.04085355522751,39.95265158953867],[-84.04110257181753,39.95266579039023],[-84.0413515749328,39.952679991927525],[-84.04160057894642,39.95269419208459],[-84.04176233947794,39.95270785717644],[-84.0420985860753,39.952722593078484],[-84.04234759188554,39.95273679184949],[-84.04265266784088,39.95275418928229],[-84.04274168819057,39.952758425016604],[-84.04283068338746,39.95276268967294],[-84.04330172398984,39.9527851760383],[-84.04402494684531,39.95281970919748],[-84.04402731031283,39.95279277019472],[-84.04410967234965,39.95185956959359],[-84.04442610121352,39.948275164203416],[-84.04444515088743,39.94818386985786],[-84.04450795390558,39.94788266500541],[-84.04460788878599,39.947017104638924],[-84.04469333204426,39.94612878858133],[-84.04473692818331,39.945552576807856],[-84.04475233069715,39.945416924548304],[-84.04475757236685,39.94530991231579],[-84.04503917983537,39.94222715221356],[-84.04534539754943,39.938874549875806],[-84.04487786666485,39.93878643403849],[-84.04462329309648,39.93873045525191],[-84.04439124119061,39.93869168044142],[-84.04397545596134,39.938554728648676],[-84.04373859986534,39.93848970751464],[-84.04361731831884,39.9384498856383],[-84.04324861918352,39.938323439180564],[-84.043027033549,39.93823994635655],[-84.042561099869,39.93804637857627],[-84.04224214943412,39.93787646692245],[-84.04185233090648,39.93766880366774],[-84.04122518287065,39.93738320642845],[-84.04049780351035,39.93705197748951],[-84.0389097851073,39.936339974246955],[-84.03795587848013,39.9359122615172],[-84.03788238910339,39.93587931576154],[-84.03749573713709,39.93570594578815],[-84.03732735602193,39.93590674427002],[-84.03702807240356,39.93600297505347],[-84.03680555252116,39.93569330705171],[-84.03704264307747,39.93550278275907],[-84.03716162942843,39.93543829805535],[-84.03720303816975,39.93541585695918],[-84.0375126290577,39.935554669279064],[-84.03788204954019,39.935720327178245],[-84.03797279016368,39.93576100612803],[-84.03901203404787,39.936226971861295],[-84.04051288532568,39.93689887798686],[-84.04091592525769,39.93707289583834],[-84.04144792104367,39.93730257434192],[-84.04152702938254,39.937121084471215],[-84.04141610181797,39.93672803637705],[-84.04180768284023,39.93699494895492],[-84.04181363058572,39.93696838392927],[-84.04184045607673,39.93684859735608],[-84.04177519436965,39.93555466859025],[-84.04176932387927,39.93543786755557],[-84.0414774217176,39.935416391467896],[-84.04064285627594,39.93535508205309],[-84.04064324434812,39.93535500008584],[-84.04066118280603,39.93519791344464],[-84.04067372238909,39.935081446559444],[-84.04068351761896,39.934990658788465],[-84.0407564185992,39.934313356381296],[-84.04053943952546,39.934179613268974],[-84.04024104254428,39.93399568153604],[-84.03959054280264,39.933533784617886],[-84.03940912533608,39.93340496435737],[-84.03916115348673,39.932980018891094],[-84.03896641849607,39.93253512781607],[-84.03892772087026,39.932388684020516],[-84.038888996295,39.93224214760819],[-84.03873468639044,39.93210423369672],[-84.03859956360203,39.93198346941994],[-84.03822111145767,39.93187325169161],[-84.03794933425328,39.9316351821429],[-84.03771070398459,39.930965919101325],[-84.03759164666673,39.93084621983843],[-84.03746526358772,39.930719152457655],[-84.03726650055133,39.93047998224639],[-84.03693463324096,39.93008059506929],[-84.03679079320104,39.92990747630536],[-84.03625112220926,39.929722658932214],[-84.0361765862952,39.930406789876415],[-84.03608236200505,39.9313117850629],[-84.0358778596323,39.93327598335901],[-84.03513440492002,39.933235714847676],[-84.03421915279952,39.93318613825732],[-84.03311488346515,39.93209232996913],[-84.03014872275381,39.92912982588665],[-84.02881178437094,39.92905404883346],[-84.02798639701655,39.92858567351322],[-84.02803353700939,39.928587532080705],[-84.0287480057824,39.928615726088616],[-84.02910655754829,39.92546753242776],[-84.0292000101856,39.92535915046278],[-84.03027469799767,39.92399850013697],[-84.03132664405999,39.922666578637966],[-84.03133797990056,39.92265222619589],[-84.03161785541721,39.922298784390826],[-84.03169498207257,39.92220550501885],[-84.03186173993203,39.922003821019935],[-84.03201110371262,39.92182317311099],[-84.03219255351854,39.92160371749918],[-84.0323486672402,39.92141490252027],[-84.03234868251157,39.921414883918864],[-84.03235181044538,39.92141635549633],[-84.03290098561286,39.920746881629306],[-84.03360800016563,39.91987497307746],[-84.03213186693121,39.91976281021801],[-84.03225125572742,39.91883121086134],[-84.03141876988563,39.91877792201771],[-84.03146851768776,39.918336304270305],[-84.0286908531674,39.918158422560126],[-84.02864464023592,39.91856866441742],[-84.0285952086408,39.91900764124155],[-84.02854574021472,39.919446591138055],[-84.02872195823244,39.91945788388977],[-84.0286511036144,39.920086915673906],[-84.02744306269504,39.920009527480225],[-84.02740735556081,39.920007246350494],[-84.0273362952286,39.92000268064606],[-84.02729457926343,39.92036641139074],[-84.0270746034099,39.92234675194442],[-84.0269971443779,39.92309647948898],[-84.02676167617898,39.92537608433805],[-84.0267560230809,39.925430912561445],[-84.02675318530292,39.92545827223352],[-84.02652255992173,39.92769081976357],[-84.02651629057937,39.92775142098934],[-84.02623692530577,39.93043043259174],[-84.02600946199436,39.93265693331574],[-84.0259879410551,39.93265790042974],[-84.02576710551386,39.93287380139937],[-84.02547955119816,39.93322677945052],[-84.0252875605607,39.93343434046233],[-84.02514939158515,39.93358541501265],[-84.02507433374991,39.93366749524015],[-84.0249045871955,39.93383729129074],[-84.02485707619844,39.93389724165524],[-84.02478881322001,39.93398337793631],[-84.02470268095392,39.934106922866896],[-84.02466695765001,39.934154937252224],[-84.02460464062045,39.934238694053306],[-84.024554760766,39.93429137228688],[-84.02449316418526,39.93435636228059],[-84.02439927137345,39.93446586929189],[-84.0242340595146,39.93458245156673],[-84.02421659806211,39.934589651679154],[-84.02325197902519,39.93528544428876],[-84.02257021252177,39.93583210641051],[-84.02221302260187,39.936072956484324],[-84.02220724104471,39.93614431405118],[-84.02219915441052,39.93624411244082],[-84.02218950560605,39.936363195439526],[-84.02215066604643,39.93684253053354],[-84.0220956981342,39.937470934223626],[-84.02203976722797,39.93811071755779],[-84.02198408515508,39.93874736791155],[-84.02182265969516,39.94059307770913],[-84.02181786808143,39.940647859995586],[-84.02083409067446,39.94060845468999],[-84.02050565942004,39.94059549590247],[-84.02015227386538,39.94058154324937],[-84.01952718476817,39.94055688744832],[-84.01939881012419,39.94055182514939],[-84.01928143085928,39.940547195383964],[-84.01911379175252,39.940540579268216],[-84.01910856625251,39.94059534093427],[-84.01903992957493,39.941311309749985],[-84.01844774756321,39.9412834990903],[-84.01742448021633,39.94184005106013],[-84.01685782742669,39.94218822028741],[-84.01665997258704,39.94269298300653],[-84.01503097393903,39.942168919267324],[-84.0147235174482,39.942824743859276],[-84.01455928654966,39.94319422056854],[-84.01400752603078,39.9431636185957],[-84.01397604097839,39.943161870619534],[-84.0133706133078,39.94374856687977],[-84.01334711248168,39.943765100882835],[-84.01329810129809,39.94379958280984],[-84.01319710011744,39.94387067749519],[-84.01288572248039,39.94408976420046],[-84.01272914971963,39.94418718045746],[-84.01276043714265,39.944211872140755],[-84.01270227841454,39.944268575787774],[-84.01246109962538,39.944410473474655],[-84.01224038176343,39.9445403129681],[-84.01206752074994,39.94464199925592],[-84.01191206279846,39.94473348152392],[-84.01192646997897,39.94457946256493],[-84.01165966135643,39.944564669811996],[-84.01139287159852,39.94454986465912],[-84.01112606836587,39.94453505674821],[-84.01085927860795,39.94452026191957],[-84.01059248076521,39.94450545882319],[-84.01032569639719,39.944490646770454],[-84.01033733227507,39.9443662596983],[-84.01035580702718,39.94416911141793],[-84.01037424315177,39.94397199080668],[-84.0104003230411,39.94369368307968],[-84.01040287695145,39.9436662893733],[-84.01040545781126,39.94363890943026],[-84.010410580005,39.943584152266226],[-84.00994220021249,39.943557813631855],[-84.00977031297278,39.943548137833055],[-84.00949942599884,39.943532897190344],[-84.00923675321987,39.94351813038246],[-84.0091367904917,39.943512498043795],[-84.00857902204021,39.943481124159604],[-84.00802771606888,39.9434501056401],[-84.0074621250879,39.9434182771726],[-84.00692860486087,39.94338825933417],[-84.00613477352577,39.94334359998409],[-84.00612900364669,39.94339830913026],[-84.00566349486984,39.94780652374576],[-84.00565346877295,39.94790146168149],[-84.00536612645965,39.95062213274892],[-84.00527637398298,39.95154465293855],[-84.00528666777782,39.95154530989873],[-84.00479672302859,39.95647416890874],[-84.00467229109039,39.957752878429226]],[[-84.0243017493679,39.946826664902815],[-84.02482041685,39.94685808339467],[-84.02583923933285,39.94691981912928],[-84.02599301024826,39.94692913082605],[-84.0265458334741,39.94696262702943],[-84.0265281186967,39.94713860131453],[-84.02651011645841,39.94731784706598],[-84.02649248522432,39.947493002287466],[-84.02647354694152,39.94768131146993],[-84.02645723892584,39.9478433465075],[-84.02643964631932,39.94801849556282],[-84.0263978342344,39.94843408573998],[-84.02417533844113,39.94832828477665],[-84.02418262467638,39.94813193850883],[-84.02419158267641,39.94790770175811],[-84.02420430012587,39.94759135856395],[-84.02420501159158,39.94757333931959],[-84.02422374236357,39.94709855445174],[-84.02423052374566,39.946822344781566],[-84.0243017493679,39.946826664902815]]]}}]}